d3mIndex,N0,N1,N2,N3,N4,N5,N6,N7,N8,N9,N10,N11,N12,N13,N14,N15,M0P0,M0P1,M1P0,M1P1,class
0,1,0,0,0,0,1,0,1,0,0,1,0,0,1,0,1,0,0,0,0,1
1,0,1,0,0,0,0,0,0,1,0,0,0,0,0,1,0,0,1,0,0,1
2,0,0,0,1,1,1,1,1,1,0,0,1,2,0,0,1,0,0,1,1,1
3,0,1,0,1,1,1,0,0,1,0,1,0,1,0,1,0,1,0,0,0,1
4,1,1,0,1,0,0,0,0,0,0,0,0,0,0,0,0,0,0,0,0,1
5,0,1,0,0,2,0,0,0,0,0,0,0,1,1,0,2,0,0,0,0,1
6,0,0,1,0,0,1,0,0,0,0,0,0,0,1,2,0,0,1,1,0,1
7,1,1,0,1,0,1,0,0,0,2,0,1,1,1,0,1,1,0,1,1,1
8,1,1,0,0,0,1,0,0,0,0,0,0,0,2,0,0,1,0,0,0,1
9,1,0,0,2,1,0,0,0,0,0,1,0,0,1,1,1,2,0,1,0,1
10,1,0,0,2,0,0,1,1,0,0,0,0,1,1,1,0,0,1,0,1,1
11,2,0,0,2,0,0,1,1,0,0,0,0,0,1,1,0,0,1,1,2,1
12,2,2,0,0,0,2,1,0,0,0,0,0,1,2,0,0,1,0,0,0,1
13,2,0,0,2,0,0,0,1,0,0,1,0,0,0,0,1,1,0,0,0,1
14,1,0,0,1,0,1,0,1,0,0,1,1,1,1,2,0,0,1,0,1,1
15,1,0,0,0,1,0,0,0,1,0,1,0,0,1,1,2,1,0,0,1,1
16,0,0,0,0,1,0,1,1,0,0,0,1,1,2,1,0,0,1,1,0,1
17,1,1,0,1,0,0,0,1,1,0,0,0,0,0,1,1,1,0,1,1,1
18,1,1,0,0,0,1,0,1,0,0,0,0,1,2,0,1,1,0,1,0,1
19,1,1,0,1,1,0,0,1,0,0,0,1,0,1,0,0,0,1,1,0,1
20,1,1,0,1,0,0,0,1,0,0,0,0,1,0,1,0,0,0,1,1,1
21,2,0,0,2,0,1,0,1,0,1,0,0,0,0,2,0,0,0,1,1,1
22,1,1,0,1,0,0,0,0,0,1,0,0,0,0,1,0,0,0,0,0,1
23,0,0,0,1,0,1,0,0,0,1,0,1,1,0,1,0,0,2,0,1,1
24,1,1,0,1,0,0,0,2,0,0,2,0,0,0,0,0,1,0,0,1,1
25,0,1,0,0,1,0,0,0,0,0,0,0,0,0,2,0,0,0,0,1,1
26,1,1,0,1,1,1,0,1,0,0,1,0,1,0,0,0,0,1,0,0,1
27,0,0,0,0,0,1,0,1,0,0,0,0,0,0,1,1,1,0,0,1,1
28,2,1,0,2,0,1,0,0,1,0,0,0,1,0,1,0,0,0,0,1,1
29,1,1,0,1,0,0,0,1,0,0,0,0,1,0,1,0,1,0,0,1,1
30,1,0,0,0,0,0,0,1,0,0,0,0,0,0,1,1,0,1,0,0,1
31,1,0,0,0,0,0,0,1,0,0,0,0,1,1,1,0,1,0,2,0,1
32,0,0,0,0,0,0,0,0,0,0,0,0,2,1,2,0,1,0,0,2,1
33,1,1,0,1,0,0,0,1,0,1,0,0,1,1,0,0,1,0,1,1,1
34,0,1,0,0,1,1,0,1,0,0,0,0,0,1,1,0,1,0,0,1,1
35,0,0,0,0,0,2,1,1,0,0,0,0,1,1,2,0,1,0,0,0,1
36,1,2,0,2,0,0,0,0,0,0,1,0,0,0,1,0,0,0,2,1,1
37,1,0,0,1,0,1,0,0,0,0,1,1,1,0,1,1,1,0,0,0,1
38,0,1,0,1,1,0,0,0,0,1,1,0,0,1,1,0,1,0,0,1,1
39,0,0,0,1,0,0,0,1,0,0,0,0,1,1,0,0,0,0,1,1,1
40,1,0,0,2,0,1,0,2,0,1,0,0,0,2,0,1,1,0,0,0,1
41,1,0,0,0,0,0,0,0,0,1,0,0,0,1,0,1,0,0,0,1,1
42,0,2,0,0,0,1,0,1,0,0,0,0,1,0,0,0,0,1,1,0,1
43,1,0,0,1,0,2,0,1,1,0,1,0,2,1,0,2,0,1,1,0,1
44,0,0,0,2,1,1,0,1,1,0,0,0,2,1,1,2,0,1,0,0,1
45,2,1,0,0,1,1,0,1,0,0,0,0,1,0,1,0,1,0,0,1,1
46,1,0,0,1,0,0,0,1,0,0,0,0,0,0,0,0,0,0,0,0,1
47,2,0,0,1,0,1,0,1,0,0,1,0,0,0,1,0,0,0,0,1,1
48,1,0,0,1,0,2,0,0,0,0,1,0,2,0,0,0,0,1,1,0,1
49,2,1,0,1,0,1,0,1,0,0,0,0,1,0,1,0,0,1,1,0,1
50,0,1,0,1,0,1,0,0,1,0,1,1,0,1,1,1,1,0,1,0,1
51,1,0,0,1,0,0,0,1,0,0,0,0,1,0,1,0,0,1,0,0,1
52,0,1,0,1,0,1,0,2,2,0,0,0,1,0,1,0,0,1,0,1,1
53,0,0,0,0,0,1,0,0,2,0,0,0,1,1,0,1,1,0,0,0,1
54,0,0,0,0,0,0,1,0,1,1,0,0,2,0,0,0,0,1,0,1,1
55,1,1,0,2,0,1,0,0,0,0,1,0,0,0,2,0,0,0,0,1,1
56,2,1,0,1,0,0,0,2,0,0,0,0,2,0,0,0,0,1,0,0,1
57,0,0,0,0,0,1,0,1,0,0,2,0,0,0,0,0,0,1,0,0,1
58,1,0,0,1,0,0,0,1,1,1,0,0,2,0,2,0,0,1,0,1,1
59,2,1,0,2,0,1,0,0,0,0,0,1,0,0,1,1,0,0,0,0,1
60,1,0,0,1,0,1,0,1,0,0,1,0,1,1,1,0,0,0,1,0,1
61,1,0,0,1,0,1,0,0,1,0,0,0,1,0,0,0,2,0,0,0,1
62,1,1,0,2,0,0,1,1,0,1,1,0,1,1,2,0,1,0,0,1,1
63,0,0,0,0,0,1,0,0,0,1,0,0,0,0,1,0,1,0,0,0,1
64,1,1,0,1,0,2,0,0,0,0,0,0,0,1,0,0,1,0,0,1,1
65,2,1,0,1,0,0,1,1,1,0,0,0,0,2,1,0,0,1,0,0,1
66,1,0,0,1,0,2,0,0,0,0,0,0,0,1,2,0,0,2,0,0,1
67,0,0,0,1,0,1,0,0,0,0,1,0,0,2,0,0,1,0,0,1,1
68,0,0,0,1,0,2,0,2,0,0,0,0,1,0,1,1,0,1,0,0,1
69,1,0,0,1,0,1,0,0,1,0,2,1,0,0,0,0,0,1,0,0,1
70,0,1,0,1,0,0,0,0,0,0,0,0,2,1,1,1,1,0,0,1,1
71,0,1,0,0,0,0,0,0,0,0,0,0,1,0,0,1,1,0,1,0,1
72,2,0,0,2,0,0,0,1,0,0,0,1,0,0,1,0,0,1,0,1,1
73,1,1,0,0,0,1,0,1,0,0,0,1,0,0,1,0,1,0,0,0,1
74,0,2,0,2,0,0,0,1,0,0,1,0,0,1,1,2,0,1,1,0,1
75,2,1,0,1,1,0,0,0,0,0,0,0,0,0,1,1,1,0,0,2,1
76,0,0,0,1,0,1,0,0,0,0,0,0,1,1,1,1,1,0,1,0,1
77,1,1,0,0,0,1,0,0,0,1,0,0,1,0,1,1,0,1,0,1,1
78,0,0,0,1,1,0,0,0,0,0,0,0,0,0,0,0,0,1,0,0,1
79,1,1,0,1,0,0,0,1,0,0,0,0,1,0,0,0,0,1,0,1,1
80,0,0,0,1,0,0,0,0,1,0,0,0,0,1,1,2,0,1,1,1,1
81,1,1,0,0,1,0,0,0,0,1,1,0,2,0,1,0,0,0,0,1,1
82,0,0,0,1,0,1,0,1,0,0,0,0,0,0,1,0,1,0,1,0,1
83,0,0,0,0,0,0,0,0,1,0,1,0,1,1,0,0,0,1,0,0,1
84,1,1,0,1,0,1,0,1,0,1,0,0,1,0,0,0,0,1,0,0,1
85,1,1,0,0,1,0,0,2,0,0,0,0,2,0,2,1,0,1,1,0,1
86,1,1,0,2,0,0,0,1,0,0,0,0,1,1,0,0,0,1,0,0,1
87,2,0,0,1,0,0,0,0,0,0,0,0,1,1,0,0,0,1,1,1,1
88,0,0,0,1,0,0,0,1,2,0,0,0,1,0,2,1,1,0,1,0,1
89,1,0,0,1,0,0,0,0,0,1,0,0,1,1,0,1,0,0,0,1,1
90,1,1,0,2,1,1,0,1,0,0,0,0,0,1,2,1,0,1,0,0,1
91,0,0,0,0,0,0,1,0,0,1,1,0,1,0,0,1,0,1,0,2,1
92,0,2,0,1,0,0,0,0,0,0,0,0,1,0,1,1,1,0,0,0,1
93,1,0,0,0,0,0,0,0,1,0,1,0,0,0,1,1,0,2,0,1,1
94,0,0,0,0,0,1,0,0,0,0,0,0,0,2,1,0,0,0,1,2,1
95,0,1,0,1,0,0,0,0,0,0,1,0,1,0,1,1,1,0,0,1,1
96,1,0,0,2,1,1,0,0,0,0,0,1,1,0,2,0,0,1,1,0,1
97,0,0,0,1,0,0,0,0,0,0,0,0,1,1,1,1,0,1,1,1,1
98,0,0,0,1,0,0,0,1,1,1,0,0,0,0,1,0,0,1,1,0,1
99,1,1,0,1,1,0,0,0,0,0,1,0,1,0,1,0,1,1,0,0,1
100,1,0,0,2,0,1,0,0,0,0,0,0,0,0,1,0,0,1,0,0,1
101,1,0,0,0,0,1,0,1,0,1,0,0,0,0,1,1,0,0,2,2,1
102,1,0,0,0,0,0,0,2,0,0,0,0,0,1,1,1,0,1,0,0,1
103,0,0,0,0,2,0,0,2,1,1,0,0,1,1,0,0,0,1,0,1,1
104,2,1,0,0,1,0,0,0,0,0,0,1,0,2,0,1,0,0,1,0,1
105,1,1,0,1,0,2,0,0,0,0,1,0,1,1,2,1,0,1,1,0,1
106,1,1,0,1,0,2,0,0,0,1,0,1,1,1,1,0,0,0,0,0,1
107,1,0,0,0,0,0,1,2,0,0,1,0,1,0,0,0,0,0,1,2,1
108,1,0,0,2,1,1,0,2,0,0,0,0,0,1,0,0,0,0,1,0,1
109,1,0,0,1,0,0,0,0,1,0,0,0,0,0,0,1,0,1,1,1,1
110,0,1,0,0,0,1,0,2,0,0,0,1,0,0,0,0,1,0,0,1,1
111,0,1,0,2,0,1,1,0,1,0,2,0,1,0,1,0,1,0,0,0,1
112,2,0,1,2,0,2,0,1,0,0,0,1,1,0,0,1,1,0,0,0,1
113,0,0,0,0,0,0,0,1,1,0,0,0,2,1,1,0,1,0,0,0,1
114,1,0,0,1,1,2,0,1,0,1,0,0,1,2,1,0,0,1,0,0,1
115,1,1,0,0,0,1,0,0,0,0,0,1,2,1,1,0,0,0,0,0,1
116,1,1,0,1,0,0,0,1,0,0,1,0,1,1,2,1,1,0,1,0,1
117,1,1,0,1,0,0,0,1,0,1,0,0,0,1,0,2,1,0,0,0,1
118,1,2,0,2,0,1,0,0,0,0,1,0,1,0,1,0,0,1,0,0,1
119,1,2,0,2,0,2,1,1,0,0,1,0,2,0,0,1,0,0,0,1,1
120,2,0,0,0,0,0,0,0,1,0,0,1,2,0,1,0,1,0,1,2,1
121,1,0,0,1,0,0,1,0,1,0,0,0,0,0,1,0,0,2,0,1,1
122,0,0,0,1,0,0,0,1,0,0,1,0,1,1,2,1,0,0,0,0,1
123,2,1,0,1,0,0,0,0,0,1,0,0,2,2,1,1,0,0,1,2,1
124,1,0,0,1,0,0,0,1,0,0,1,0,0,0,2,1,1,0,0,0,1
125,1,1,0,2,0,1,0,0,0,0,0,0,2,1,2,0,0,1,0,0,1
126,1,0,0,1,0,1,1,0,0,1,0,0,1,0,0,0,0,1,0,0,1
127,0,0,0,1,0,1,0,1,0,0,0,0,0,0,1,0,0,0,0,1,1
128,1,1,0,0,0,1,0,0,1,0,0,0,0,2,1,0,0,0,0,0,1
129,1,1,0,1,0,1,0,1,0,0,1,0,1,0,1,0,0,1,0,0,1
130,0,0,1,1,1,2,0,1,0,1,2,0,0,1,0,0,1,0,1,0,1
131,1,0,0,0,0,0,1,0,0,0,0,0,0,1,1,2,0,1,0,1,1
132,0,0,0,0,0,0,0,0,0,0,0,0,1,0,2,1,0,0,0,1,1
133,1,1,0,1,0,1,0,1,1,0,0,0,1,0,1,0,0,0,0,1,1
134,0,1,0,1,0,0,1,0,0,0,0,0,1,1,1,1,0,0,2,0,1
135,0,0,0,0,0,1,0,0,1,1,0,0,0,1,2,0,1,0,0,0,1
136,1,0,0,1,2,0,0,0,0,0,0,0,1,0,1,0,0,2,1,0,1
137,1,0,0,0,1,0,0,0,0,0,0,0,1,0,0,0,0,0,1,0,1
138,0,1,0,1,0,0,1,1,0,0,0,0,0,0,1,0,1,0,0,1,1
139,1,0,0,1,0,0,0,0,0,0,0,0,0,1,1,1,0,0,0,0,1
140,1,0,0,1,0,0,0,0,0,0,0,0,0,0,2,1,1,0,0,0,1
141,1,0,0,0,0,0,0,0,0,0,0,0,2,0,0,0,1,0,0,0,1
142,2,0,0,2,1,0,0,0,1,0,0,0,0,1,1,0,2,0,0,0,1
143,1,1,0,1,0,0,0,1,0,1,0,0,0,2,1,0,0,0,0,0,1
144,2,0,1,0,0,0,0,0,0,1,0,0,1,0,0,0,0,1,1,0,1
145,0,0,0,1,0,1,0,1,1,0,0,0,1,0,1,0,0,1,0,0,1
146,0,0,0,1,0,1,0,0,1,0,0,0,1,0,0,0,0,1,0,0,1
147,0,0,0,1,0,0,0,1,1,0,0,0,0,0,1,2,0,0,0,1,1
148,2,0,0,1,0,1,0,0,0,0,0,1,1,1,1,1,0,1,0,0,1
149,0,1,0,0,0,0,0,0,0,0,0,0,0,0,2,1,1,0,0,0,1
150,0,1,0,1,0,0,0,0,0,0,1,0,0,1,0,0,0,1,0,0,1
151,1,0,0,1,0,0,0,1,0,0,0,1,0,1,0,1,1,0,0,0,1
152,1,1,0,0,0,1,0,0,0,0,0,1,0,0,2,0,1,0,1,0,1
153,1,0,0,0,0,0,0,0,0,0,2,0,0,0,0,0,0,0,0,0,1
154,1,1,0,2,1,0,1,0,1,1,0,0,0,1,1,0,1,0,0,1,1
155,0,0,0,0,0,0,0,0,0,0,0,0,0,0,2,0,0,0,1,0,1
156,1,1,0,1,0,0,0,0,0,0,0,0,1,0,0,0,0,1,0,1,1
157,1,0,0,2,0,0,0,1,0,0,0,0,0,0,1,2,0,1,1,0,1
158,1,0,0,1,0,1,1,2,0,0,0,0,1,1,1,0,1,0,0,1,1
159,0,1,0,1,0,1,0,0,1,0,0,0,2,1,0,0,0,0,0,1,1
160,1,1,0,2,0,0,0,0,0,0,0,0,1,0,0,0,1,0,0,1,1
161,2,1,0,1,1,1,1,0,0,0,0,1,1,0,2,0,1,0,0,1,1
162,1,0,0,0,0,2,0,1,0,0,1,0,0,1,1,1,0,0,1,1,1
163,1,1,0,1,0,0,0,2,0,0,0,1,0,0,1,0,0,1,0,1,1
164,2,0,0,2,0,1,0,0,0,0,0,0,0,2,0,1,1,0,1,0,1
165,1,0,0,0,0,1,0,1,0,0,1,0,0,1,1,1,0,1,1,0,1
166,1,1,0,2,0,2,0,1,0,1,1,0,0,2,2,0,1,0,1,0,1
167,1,0,0,1,0,1,0,1,0,0,0,0,0,0,1,0,0,0,2,0,1
168,1,0,0,0,0,1,0,0,1,0,1,0,0,0,1,0,0,0,1,0,1
169,0,0,0,1,0,1,1,1,0,0,0,0,0,2,2,0,1,0,1,0,1
170,0,1,0,1,0,2,0,0,0,0,0,0,0,1,1,0,0,0,1,1,1
171,1,0,0,0,0,1,0,1,1,0,0,0,0,1,1,0,1,0,1,0,1
172,1,1,0,1,0,0,0,0,0,1,0,0,0,0,1,1,1,0,1,0,1
173,0,0,0,1,0,0,1,1,1,0,0,0,1,0,2,1,2,0,0,0,1
174,1,0,0,1,0,0,0,0,1,0,0,0,1,1,2,0,0,0,0,0,1
175,0,1,0,0,0,0,0,1,0,0,0,0,1,1,2,0,0,1,0,1,1
176,1,0,0,1,0,1,0,1,0,0,0,0,2,2,2,0,0,1,1,1,1
177,0,1,0,2,0,0,0,2,0,0,0,0,0,0,1,1,1,0,1,0,1
178,0,1,0,1,0,1,0,0,0,1,0,0,0,0,1,1,0,0,0,1,1
179,2,1,0,1,0,0,0,2,1,1,0,0,0,2,0,2,1,0,1,1,1
180,1,0,0,1,0,1,0,1,1,0,0,0,1,0,1,0,0,0,0,1,1
181,0,0,0,0,0,0,0,0,1,0,0,0,0,1,0,1,0,1,0,0,1
182,0,0,0,0,0,1,0,0,1,1,1,0,0,0,0,0,1,0,0,1,1
183,0,0,0,1,0,2,0,0,1,0,1,0,1,0,0,1,0,1,0,1,1
184,0,0,0,1,0,0,0,1,1,0,0,1,0,1,1,0,0,0,0,0,1
185,1,0,0,0,1,0,1,0,0,0,1,1,0,0,0,0,0,0,1,0,1
186,2,0,0,0,0,0,0,0,0,0,0,0,1,1,0,1,0,1,0,2,1
187,0,0,0,2,0,2,0,0,2,0,0,0,1,0,0,0,1,2,0,1,1
188,2,1,0,1,0,0,1,0,1,0,0,0,1,2,0,1,1,0,0,0,1
189,2,0,0,1,1,0,1,0,0,0,0,0,0,1,0,0,0,1,1,0,1
190,0,0,0,1,1,1,0,1,0,1,1,0,1,0,1,0,1,0,2,0,1
191,1,0,0,1,0,1,0,1,0,0,0,0,2,1,1,0,0,1,0,1,1
192,0,1,0,0,0,1,0,1,0,0,1,0,2,0,1,1,0,1,1,0,1
193,2,0,0,1,0,0,0,0,0,1,0,0,0,0,1,1,1,0,1,0,1
194,2,0,0,1,0,0,0,0,0,0,0,0,1,1,1,0,0,0,1,1,1
195,0,0,0,2,0,0,0,0,0,1,0,0,1,0,1,0,0,0,0,1,1
196,0,0,0,2,0,1,0,1,0,0,0,0,0,0,2,1,0,1,1,0,1
197,0,0,0,1,0,1,0,0,0,0,0,0,1,0,1,2,0,0,0,0,1
198,0,0,0,2,2,0,0,0,0,0,0,0,1,0,1,0,0,0,0,0,1
199,0,0,0,1,1,1,0,0,1,0,0,0,1,0,1,1,0,0,0,1,1
200,0,0,1,1,0,1,1,2,1,1,0,0,1,0,0,0,2,0,1,0,1
201,1,1,0,1,0,1,0,1,0,0,0,0,1,1,1,2,0,0,1,0,1
202,2,1,0,1,0,1,0,2,1,0,1,0,0,0,2,1,1,0,0,0,1
203,2,0,0,0,1,0,0,1,0,0,0,0,0,0,0,0,1,0,1,0,1
204,1,0,0,1,0,1,0,0,0,1,0,0,0,0,2,2,0,0,1,1,1
205,2,0,0,1,1,0,1,1,0,0,0,0,1,1,2,0,0,0,0,0,1
206,1,0,0,2,0,1,0,0,0,0,1,0,0,0,1,2,0,0,0,1,1
207,1,0,0,1,0,1,0,1,0,0,0,0,1,2,2,1,1,0,0,1,1
208,2,0,0,0,0,1,0,0,0,0,0,1,0,1,2,0,0,2,0,1,1
209,1,1,0,2,0,1,0,1,1,0,0,0,2,0,1,0,0,1,0,0,1
210,0,0,0,1,0,0,0,0,1,0,0,0,0,0,2,0,1,0,1,0,1
211,0,0,0,1,0,0,0,0,1,1,1,0,0,1,1,1,1,0,2,0,1
212,2,1,0,1,1,1,0,0,0,0,0,0,0,1,2,0,1,0,1,0,1
213,0,0,0,1,0,0,1,1,0,0,0,0,1,0,1,0,1,0,0,1,1
214,1,0,0,1,0,0,0,0,0,0,0,0,1,0,1,0,0,1,0,1,1
215,1,0,0,1,1,0,0,1,0,0,0,0,1,1,1,0,1,0,1,0,1
216,2,0,0,1,0,0,0,1,0,1,0,0,2,1,0,0,1,0,0,1,1
217,1,0,0,0,0,0,0,2,0,0,0,0,1,0,0,1,1,0,0,0,1
218,0,0,0,0,0,0,0,2,2,0,0,0,1,1,1,0,0,0,0,0,1
219,1,0,0,2,0,0,0,0,0,0,1,0,0,0,1,1,0,0,0,0,1
220,0,0,0,0,1,1,0,1,0,1,0,0,0,1,1,0,0,0,0,0,1
221,1,0,0,1,0,1,0,1,0,1,0,0,0,0,1,1,1,0,0,1,1
222,1,0,0,0,0,1,0,0,0,0,0,0,1,0,0,2,1,0,0,0,1
223,0,0,0,0,0,2,0,0,2,0,1,1,2,1,0,1,0,1,1,0,1
224,0,2,0,1,0,2,0,0,0,0,0,0,0,0,2,0,0,0,0,1,1
225,0,0,0,0,0,1,0,1,0,0,1,0,1,0,2,0,0,0,0,0,1
226,1,1,0,0,0,0,0,1,0,0,0,0,1,0,2,1,0,1,0,2,1
227,0,0,0,0,0,1,0,0,0,0,0,0,0,0,1,1,0,0,0,0,1
228,0,1,0,0,0,0,0,0,1,0,1,0,0,0,0,0,0,1,0,0,1
229,0,0,0,1,0,0,0,0,0,1,0,0,2,1,0,0,2,1,1,1,1
230,1,0,0,0,0,1,1,0,0,0,0,0,0,1,0,1,0,1,1,0,1
231,0,0,1,1,0,1,0,0,0,0,1,0,1,0,0,0,0,1,0,0,1
232,1,0,0,2,1,1,0,1,1,1,0,0,1,0,1,0,0,0,1,1,1
233,1,0,0,1,0,0,0,0,0,0,0,0,2,1,1,1,0,0,0,1,1
234,0,2,0,2,0,0,0,0,0,0,0,0,0,1,0,1,0,0,1,0,1
235,1,0,0,1,0,1,0,0,0,0,1,0,1,1,1,2,0,0,0,0,1
236,0,1,0,1,0,1,0,0,0,0,1,1,1,0,1,0,0,0,1,0,1
237,0,0,0,0,0,1,1,1,0,0,0,0,1,1,0,0,0,1,0,0,1
238,2,1,0,2,0,2,0,0,0,0,1,0,1,1,0,1,0,0,0,1,1
239,2,0,0,0,1,0,0,0,1,0,0,1,1,0,1,0,0,1,0,1,1
240,1,0,0,0,0,1,0,0,0,0,0,0,2,0,1,1,0,1,0,0,1
241,0,0,0,1,0,1,0,0,0,0,0,0,1,0,0,0,0,1,0,0,1
242,2,1,0,0,0,0,1,0,0,0,0,0,1,0,1,0,2,0,0,1,1
243,1,0,0,2,0,1,0,1,0,0,0,0,2,0,0,0,0,1,0,0,1
244,1,0,0,1,0,0,0,2,0,0,0,0,1,1,1,0,0,0,0,1,1
245,0,0,1,1,0,1,0,0,0,0,0,0,1,1,0,1,0,0,1,0,1
246,1,1,0,1,0,0,0,0,0,0,0,0,0,1,1,1,1,0,0,1,1
247,0,0,0,2,0,0,0,0,0,0,0,0,1,0,2,0,0,0,0,0,1
248,1,0,0,0,0,0,1,1,0,0,0,0,1,1,2,0,1,0,0,1,1
249,2,0,0,1,1,1,0,1,0,0,0,0,1,0,2,0,1,2,0,0,1
250,1,1,0,1,0,1,0,1,0,0,0,0,1,0,2,0,0,1,0,1,1
251,0,0,0,0,0,0,0,1,0,0,0,0,0,1,1,0,0,1,0,0,1
252,0,0,0,2,0,1,1,1,1,0,0,0,0,1,0,0,1,0,1,1,1
253,1,1,0,0,0,2,0,2,0,1,0,0,1,1,0,1,0,0,0,0,1
254,1,0,0,0,1,0,0,0,1,0,0,0,1,0,1,0,0,1,0,1,1
255,0,0,0,0,0,1,0,1,0,0,0,0,0,0,1,0,0,1,0,0,1
256,1,0,0,1,0,0,0,0,1,0,0,0,1,0,2,0,0,0,1,1,1
257,1,0,0,2,1,1,0,0,0,1,0,1,0,0,0,1,0,0,1,1,1
258,1,1,0,0,0,0,0,0,0,0,0,0,0,1,1,0,1,0,2,1,1
259,1,1,0,1,0,0,0,0,0,0,0,0,1,1,1,1,0,1,1,0,1
260,0,0,0,1,0,1,1,0,0,1,1,0,1,0,2,0,0,0,1,0,1
261,1,0,0,2,0,0,0,0,2,0,1,0,0,0,0,0,0,0,0,1,1
262,0,1,0,1,0,0,0,0,0,0,1,0,0,1,2,0,0,1,0,0,1
263,1,0,0,2,0,1,0,0,0,1,1,0,1,2,0,1,0,1,0,0,1
264,1,0,0,0,1,1,0,1,0,1,0,0,0,0,1,1,0,1,0,1,1
265,1,1,0,0,0,1,0,0,0,0,0,0,0,0,1,0,0,1,1,0,1
266,0,0,0,2,0,1,0,1,0,0,0,0,1,1,0,0,0,0,0,0,1
267,1,1,0,1,0,1,1,1,0,0,0,0,1,1,0,0,1,0,0,1,1
268,1,1,1,1,0,0,0,1,0,2,1,0,1,1,0,1,0,0,1,0,1
269,0,0,0,2,0,0,0,0,0,0,0,0,0,1,0,0,0,1,0,0,1
270,0,0,0,1,0,1,0,1,1,1,0,0,1,0,1,1,0,1,0,0,1
271,1,0,0,1,0,2,0,1,0,1,1,0,1,1,1,0,1,0,1,0,1
272,1,0,0,1,0,0,0,1,0,1,0,0,0,1,1,1,1,0,0,2,1
273,2,0,0,1,1,0,1,1,0,0,0,0,1,1,1,0,0,1,0,0,1
274,0,2,0,0,0,1,0,0,0,0,0,0,1,1,0,0,1,0,0,0,1
275,1,0,0,0,0,0,0,0,0,0,0,0,0,2,1,0,0,2,0,1,1
276,0,1,0,0,1,0,0,1,0,1,0,1,1,0,2,0,0,0,1,1,1
277,1,0,0,1,0,0,0,1,0,1,0,0,1,0,1,0,1,0,0,0,1
278,2,0,0,1,0,0,0,0,0,0,0,0,1,0,2,0,1,0,2,1,1
279,1,1,0,1,0,0,0,1,0,0,0,1,0,1,1,1,1,0,1,0,1
280,2,1,0,1,0,1,0,1,0,0,0,1,1,0,0,1,1,0,1,1,1
281,2,1,0,1,0,0,0,0,0,0,2,0,0,0,1,0,1,0,0,0,1
282,0,1,0,0,0,0,1,0,1,0,1,0,1,0,1,2,0,0,1,1,1
283,1,1,0,1,0,0,0,1,0,1,1,0,0,0,1,0,1,0,0,0,1
284,0,0,0,1,0,0,0,0,0,1,0,1,1,0,0,0,0,1,0,1,1
285,1,1,0,1,1,0,1,0,1,0,1,0,0,1,2,0,0,0,2,0,1
286,1,2,0,1,0,2,0,1,0,0,0,0,2,1,2,0,1,0,1,1,1
287,0,1,0,1,0,1,0,0,0,0,1,0,1,0,0,1,1,0,0,0,1
288,0,0,0,1,0,0,0,0,0,1,1,0,1,0,2,1,0,1,1,1,1
289,1,2,1,2,1,0,0,1,1,0,0,0,2,1,0,1,0,1,0,1,1
290,0,1,0,1,1,1,0,1,1,0,0,0,1,0,1,0,0,1,0,0,1
291,1,1,0,0,0,0,0,1,0,0,0,0,0,1,0,0,2,0,1,0,1
292,1,0,0,1,0,0,0,0,0,0,0,0,0,1,1,1,0,0,1,0,1
293,0,1,0,1,0,1,0,1,0,0,0,0,1,0,1,1,0,0,0,0,1
294,2,1,0,1,1,1,0,1,0,0,0,1,1,1,0,1,0,0,0,0,1
295,1,0,0,1,0,0,0,2,0,0,0,0,2,0,2,1,1,0,2,0,1
296,0,1,0,1,0,0,0,0,0,0,0,0,0,0,0,1,0,1,0,1,1
297,0,1,0,1,0,0,0,1,0,1,0,0,1,1,2,0,0,1,0,0,1
298,1,1,0,0,0,1,0,1,0,0,1,0,0,0,1,0,0,1,0,0,1
299,1,0,0,1,0,1,0,0,0,0,0,0,0,1,2,2,0,0,1,1,1
300,2,0,0,2,0,0,0,0,0,0,0,0,0,0,1,0,1,0,1,1,1
301,1,2,0,1,0,1,0,0,1,0,0,0,2,1,1,0,0,1,0,0,1
302,0,1,0,2,0,0,0,0,2,0,0,0,1,0,0,0,0,1,1,0,1
303,2,0,0,1,1,0,0,0,0,0,1,1,0,1,0,1,0,0,1,1,1
304,1,0,1,2,0,0,0,0,1,1,1,0,1,1,1,1,1,0,0,0,1
305,0,0,0,1,0,0,0,0,1,0,2,0,0,0,0,1,0,1,0,1,1
306,0,0,0,0,0,0,0,0,0,0,1,1,0,1,0,0,1,0,0,2,1
307,0,0,0,1,0,0,0,1,0,1,0,0,0,0,1,0,0,1,0,0,1
308,1,1,0,2,0,0,0,1,0,0,0,0,0,0,2,1,0,0,0,0,1
309,1,1,0,1,0,1,0,0,1,0,0,0,1,2,2,1,0,0,1,0,1
310,1,0,0,2,0,0,0,1,0,0,0,0,0,2,0,0,0,0,0,0,1
311,2,0,0,1,0,0,0,2,1,0,1,0,0,1,1,0,0,1,0,1,1
312,0,1,0,1,0,1,0,1,0,0,0,0,0,1,0,1,1,0,0,2,1
313,1,1,0,2,0,0,0,1,0,0,1,0,1,0,2,0,1,0,0,0,1
314,1,0,0,0,0,2,0,1,1,0,0,0,0,1,1,0,0,1,1,2,1
315,1,0,0,1,0,0,0,0,0,0,0,0,0,1,1,1,0,0,0,0,1
316,0,0,0,1,1,1,0,2,0,0,0,0,2,1,2,0,0,1,0,0,1
317,1,0,0,0,0,0,0,0,0,0,0,0,2,0,1,1,0,1,0,1,1
318,1,1,0,0,0,0,0,0,0,0,1,0,1,0,1,0,0,1,0,0,1
319,0,2,0,0,0,0,0,0,0,1,1,0,1,0,0,1,1,1,1,0,1
320,0,0,0,2,0,0,0,1,0,2,0,0,1,1,1,0,0,1,0,0,1
321,2,0,0,1,0,0,0,1,1,1,0,0,0,0,1,1,0,1,0,0,1
322,0,1,0,1,0,0,0,0,0,0,1,0,1,2,2,0,0,1,0,1,1
323,1,0,0,1,1,0,0,0,1,0,0,0,1,2,1,1,0,0,1,0,1
324,1,1,0,1,1,0,0,0,0,0,1,0,0,1,1,1,0,0,2,1,1
325,0,0,0,2,0,1,1,0,0,0,0,0,1,1,1,0,0,0,0,0,1
326,1,1,0,0,0,1,0,1,1,0,0,0,1,1,0,0,0,0,1,0,1
327,0,0,0,1,0,0,0,0,0,0,0,0,1,0,2,1,1,0,0,1,1
328,1,0,0,2,0,0,0,1,0,1,0,0,0,1,2,1,0,0,1,0,1
329,1,1,0,0,0,0,0,2,0,0,0,0,1,1,0,1,0,0,1,0,1
330,0,0,0,1,0,0,0,0,0,1,0,0,0,0,1,0,0,0,0,0,1
331,0,0,0,2,1,0,0,1,0,0,0,0,1,0,1,2,0,1,0,1,1
332,0,1,0,1,1,2,0,1,0,0,0,0,0,1,2,2,0,0,1,0,1
333,0,0,0,1,0,1,0,0,0,0,0,0,0,0,1,1,0,1,1,1,1
334,1,1,0,1,0,0,0,0,0,0,0,1,0,1,1,0,0,0,2,0,1
335,1,0,0,0,0,0,0,0,0,0,0,0,1,1,0,0,0,1,0,0,1
336,0,1,0,2,1,1,0,1,1,0,1,0,1,0,1,1,0,0,1,0,1
337,0,0,0,1,0,1,0,2,0,0,1,0,0,1,1,0,1,0,0,1,1
338,0,0,0,0,0,1,0,1,1,0,0,0,0,1,1,0,0,0,0,1,1
339,0,1,0,2,1,0,0,0,0,0,0,0,1,0,0,0,0,1,0,0,1
340,1,0,0,1,0,0,1,0,0,0,1,0,1,0,1,1,0,1,0,0,1
341,1,0,0,0,0,1,0,1,0,0,0,0,1,1,1,0,0,0,0,1,1
342,1,2,0,1,0,0,0,1,0,0,0,0,0,0,2,0,0,0,1,0,1
343,0,1,0,2,1,1,0,2,0,0,1,0,1,1,1,0,1,0,1,1,1
344,1,0,0,1,1,2,1,0,0,0,0,0,0,0,1,0,0,0,1,1,1
345,1,0,0,1,0,0,0,0,0,0,0,0,1,1,0,1,0,0,2,0,1
346,1,0,0,2,0,1,0,1,1,0,0,0,1,1,1,0,0,1,1,0,1
347,1,0,0,0,0,1,0,1,0,0,0,1,0,1,1,1,0,0,0,0,1
348,0,0,0,0,0,1,0,1,0,0,0,0,0,0,1,1,0,0,0,0,1
349,1,1,0,1,0,0,0,0,0,0,0,1,0,0,1,0,0,0,0,0,1
350,0,0,0,1,0,0,0,0,0,0,0,0,0,1,1,0,0,0,0,0,1
351,1,1,0,1,0,1,0,0,1,0,0,0,0,1,1,0,0,0,0,0,1
352,0,0,0,1,0,0,0,0,0,0,1,0,0,1,1,0,1,0,0,1,1
353,1,0,0,1,1,0,1,1,0,0,0,1,0,1,0,0,0,0,1,0,1
354,1,0,0,0,0,1,1,0,1,1,0,0,1,0,1,1,1,0,1,0,1
355,0,1,0,0,1,1,0,0,0,0,0,0,1,0,2,0,0,2,0,0,1
356,2,0,0,0,0,0,0,0,0,0,0,0,1,1,1,0,0,1,1,0,1
357,0,0,0,0,0,0,1,0,0,0,0,0,1,0,2,1,1,0,0,0,1
358,0,0,0,1,0,2,1,0,0,0,0,0,1,1,0,1,0,1,1,1,1
359,0,0,0,1,0,1,0,1,1,0,1,1,0,1,1,0,0,1,1,1,1
360,1,0,0,2,0,0,0,1,0,0,2,0,0,0,0,0,1,0,0,1,1
361,1,1,0,0,2,1,0,0,0,0,0,1,2,0,0,0,1,0,0,0,1
362,2,0,0,2,0,1,1,1,0,1,0,0,1,0,0,1,0,1,0,0,1
363,2,0,0,0,0,0,0,1,0,0,1,0,2,1,2,0,0,1,1,0,1
364,0,0,0,2,0,2,0,0,0,0,0,0,1,1,2,0,1,0,0,1,1
365,0,0,0,1,1,0,0,1,0,0,0,0,1,0,0,0,1,0,1,0,1
366,0,2,0,0,0,1,0,0,1,0,0,0,0,1,1,0,0,0,1,0,1
367,1,0,0,2,0,0,1,1,1,0,0,1,1,0,0,0,0,0,1,0,1
368,1,1,0,0,0,0,0,1,1,0,0,0,2,0,1,2,2,0,0,0,1
369,0,0,0,0,1,1,0,1,1,1,0,0,2,1,2,1,1,0,0,1,1
370,1,1,0,1,0,0,0,0,1,1,0,0,0,0,0,0,0,1,0,1,1
371,1,0,0,2,1,0,1,0,1,0,1,0,1,0,1,0,0,0,0,0,1
372,2,0,0,0,0,0,0,1,0,0,1,0,2,1,1,0,0,1,0,1,1
373,0,0,0,1,1,0,0,2,0,0,1,0,0,0,1,0,1,0,1,0,1
374,1,0,0,2,0,0,0,1,1,0,0,0,0,0,1,0,1,0,0,0,1
375,1,1,0,2,0,1,0,1,0,0,0,0,1,1,0,0,1,0,0,0,1
376,1,0,0,0,0,1,0,0,1,0,0,0,0,1,0,0,2,0,0,0,1
377,0,1,0,2,0,0,0,0,0,0,0,0,0,1,0,0,0,0,0,1,1
378,2,1,0,2,0,1,0,0,1,0,1,0,2,0,1,0,0,0,1,0,1
379,0,0,0,1,0,0,0,0,0,0,0,0,1,1,1,0,1,0,1,0,1
380,1,1,0,1,0,0,0,0,0,0,0,0,0,0,1,0,0,0,1,0,1
381,0,0,0,1,1,1,0,1,0,0,0,0,1,1,1,0,0,0,0,1,1
382,0,0,0,2,0,0,1,0,0,0,0,0,2,0,2,0,0,1,1,0,1
383,1,2,0,1,0,1,0,2,1,0,0,0,0,0,1,1,2,0,1,0,1
384,0,1,0,0,0,2,0,0,0,0,1,0,0,0,1,1,2,0,1,0,1
385,1,0,0,0,0,0,0,0,0,1,0,0,0,1,1,0,0,0,0,0,1
386,0,0,0,1,0,1,0,2,1,0,0,0,1,1,1,2,0,1,0,0,1
387,1,0,0,1,0,1,0,2,1,0,0,1,1,0,0,2,0,0,0,0,1
388,1,0,0,2,0,0,0,1,1,0,1,0,1,1,2,0,1,0,1,0,1
389,1,1,0,2,0,0,0,0,0,0,0,1,0,2,0,0,0,1,0,0,1
390,1,1,0,1,0,0,0,1,0,0,1,0,0,1,0,1,0,1,0,0,1
391,2,0,0,1,0,0,1,0,0,0,0,0,0,0,1,1,0,1,0,0,1
392,1,0,1,1,0,1,0,0,0,0,0,0,2,0,1,1,0,1,0,0,1
393,0,1,0,0,0,1,0,1,0,0,0,0,1,0,0,0,0,1,1,0,1
394,0,0,0,1,0,1,0,2,0,0,0,0,1,1,0,1,0,0,0,1,1
395,1,0,0,2,0,0,0,0,0,0,0,0,1,1,2,1,0,0,0,1,1
396,0,1,0,1,0,0,0,2,1,0,0,0,1,0,1,0,0,1,1,1,1
397,0,0,0,2,1,0,0,2,0,1,0,0,1,0,2,0,0,0,0,2,1
398,0,2,0,1,0,1,1,0,0,0,0,0,0,0,0,0,0,0,1,1,1
399,0,0,0,0,0,0,0,1,0,0,0,0,1,0,0,0,0,1,0,1,1
400,0,0,0,1,0,1,1,0,1,0,1,0,1,2,1,0,0,0,0,1,1
401,2,0,0,0,1,0,0,1,0,0,0,0,1,0,1,1,1,2,1,0,1
402,0,0,0,1,0,2,0,0,0,1,0,0,2,1,0,1,0,1,0,1,1
403,1,0,0,2,1,0,0,2,0,0,0,0,1,1,2,2,0,0,0,1,1
404,0,0,0,0,0,1,0,0,0,0,0,0,2,0,1,2,0,0,1,0,1
405,0,0,0,1,1,1,0,1,0,1,0,0,0,0,1,0,0,2,0,1,1
406,1,0,1,0,0,0,0,0,0,0,0,0,1,0,1,1,0,0,1,0,1
407,1,0,0,1,0,0,0,1,0,0,1,0,0,0,1,1,0,0,0,0,1
408,1,0,0,1,0,1,1,0,1,0,0,0,1,0,1,0,1,0,0,1,1
409,0,0,0,1,0,0,0,1,1,1,1,0,1,1,1,0,1,0,0,0,1
410,0,0,0,2,1,1,0,0,0,1,0,0,0,1,0,0,0,1,1,0,1
411,1,0,0,0,0,0,0,0,1,0,0,0,2,1,0,1,1,0,0,1,1
412,2,1,0,1,0,0,0,1,1,0,1,0,1,0,0,1,2,1,0,1,1
413,2,0,0,0,0,0,0,1,0,0,2,0,0,1,1,0,0,0,0,0,1
414,0,1,0,0,0,1,0,1,0,0,1,0,0,0,0,0,0,0,0,1,1
415,1,1,0,1,0,0,0,0,0,0,1,0,1,1,1,1,0,1,1,0,1
416,2,0,0,1,1,1,0,1,1,1,1,0,0,0,1,1,0,1,1,0,1
417,2,0,0,0,0,0,0,0,0,0,0,0,1,2,1,1,0,0,0,0,1
418,2,1,0,1,0,1,0,0,1,0,0,0,1,0,1,2,0,1,0,0,1
419,0,0,0,0,0,0,0,0,1,0,0,0,0,2,1,1,0,0,1,0,1
420,0,1,0,0,0,0,0,2,0,0,0,0,0,0,1,0,0,0,0,1,1
421,0,0,0,1,1,0,0,0,0,0,0,0,0,0,2,1,1,2,1,0,1
422,0,1,0,0,0,0,0,0,0,0,0,0,1,1,2,0,0,0,2,1,1
423,1,1,0,1,1,1,0,0,0,1,1,0,2,1,2,0,1,0,0,1,1
424,1,1,0,0,1,1,0,0,0,0,0,0,1,0,1,0,0,0,0,0,1
425,0,1,0,1,0,0,0,0,0,0,0,0,0,1,0,1,0,0,1,0,1
426,1,0,0,2,1,0,0,1,2,0,0,0,0,1,1,0,1,1,0,1,1
427,0,1,0,2,0,1,1,1,0,0,0,1,0,0,0,1,1,2,1,0,1
428,0,0,0,1,0,0,0,0,1,1,0,0,0,0,1,1,1,1,0,0,1
429,1,0,0,0,0,1,0,1,1,0,0,0,0,1,2,1,0,1,0,1,1
430,0,1,0,1,1,1,0,0,1,0,0,0,1,1,0,0,0,0,0,1,1
431,0,1,0,1,1,1,0,0,0,1,0,0,0,0,0,0,0,1,0,0,1
432,1,1,0,2,0,0,0,0,1,0,1,0,1,1,1,0,0,0,1,0,1
433,0,0,0,0,0,1,0,1,0,0,0,0,1,1,0,1,0,0,0,0,1
434,2,0,0,2,0,1,0,0,0,0,0,0,0,1,2,1,0,0,1,1,1
435,0,0,0,1,0,0,1,1,0,0,0,0,1,2,1,0,0,0,0,1,1
436,0,0,0,0,0,1,0,0,0,0,0,1,0,0,1,0,0,0,0,0,1
437,1,1,0,0,0,0,0,0,1,1,0,0,0,0,1,0,0,1,0,0,1
438,1,0,0,1,0,0,1,0,0,0,0,0,1,1,0,0,0,1,1,0,1
439,0,0,0,2,0,1,0,0,0,0,0,0,0,0,2,0,1,0,0,1,1
440,0,1,0,1,0,2,0,1,0,0,0,0,0,0,1,1,0,0,0,2,1
441,2,0,0,1,0,0,1,0,0,0,0,0,2,0,0,0,0,1,1,0,1
442,1,0,0,1,0,0,0,0,0,0,0,0,1,0,2,0,1,0,0,0,1
443,0,1,0,2,0,1,1,1,1,0,0,1,2,0,0,0,1,2,0,0,1
444,2,0,0,1,0,0,0,1,0,0,0,0,1,0,2,2,0,2,0,0,1
445,0,0,0,0,0,0,1,1,0,0,0,0,1,1,0,1,0,0,0,1,1
446,0,0,0,2,0,0,0,0,0,0,1,0,0,0,0,1,1,1,0,0,1
447,1,1,0,1,0,0,1,0,0,0,0,0,0,2,1,1,1,1,0,0,1
448,0,0,0,2,0,0,0,1,0,1,0,0,0,0,1,0,0,0,1,0,1
449,1,0,0,0,0,1,0,0,0,0,0,0,0,0,1,0,0,0,0,1,1
450,1,0,1,0,0,0,0,1,1,0,1,0,1,0,1,0,0,0,1,0,1
451,2,0,0,1,0,1,0,2,0,0,1,0,2,0,1,1,0,0,1,0,1
452,2,0,0,1,1,0,0,0,1,0,0,0,0,1,1,1,0,0,0,1,1
453,0,0,0,1,0,0,0,1,1,0,0,0,0,0,1,0,0,0,0,0,1
454,1,0,0,0,1,1,0,0,0,0,0,0,2,1,2,1,1,0,0,0,1
455,1,2,0,1,0,1,0,2,1,0,1,0,0,2,0,0,0,1,0,1,1
456,1,0,0,0,0,1,0,0,0,0,0,0,1,0,1,0,1,0,1,0,1
457,1,0,0,1,1,0,1,0,2,0,0,0,0,1,2,0,0,0,0,0,1
458,0,1,0,0,1,0,0,0,0,0,0,0,2,0,1,0,0,1,0,0,1
459,1,1,0,1,1,0,0,0,0,0,0,0,0,0,1,0,1,0,1,2,1
460,1,0,0,1,0,0,0,2,0,0,0,0,0,0,1,0,0,1,1,0,1
461,1,1,0,1,0,0,0,2,0,0,0,1,1,1,1,0,0,1,0,2,1
462,0,0,0,1,0,0,0,1,1,1,0,0,1,0,0,0,1,1,0,1,1
463,0,0,0,1,0,1,0,0,1,0,0,0,0,0,0,1,1,0,1,0,1
464,0,0,0,1,0,0,0,1,1,0,0,0,0,1,1,0,0,1,1,0,1
465,0,0,0,1,1,0,0,2,0,1,0,0,2,1,2,1,0,0,0,0,1
466,1,0,0,1,1,1,0,0,0,0,0,0,0,0,1,0,0,1,0,1,1
467,1,0,0,0,0,0,0,2,0,1,1,0,0,2,1,0,0,2,1,1,1
468,1,0,0,1,0,0,0,1,0,1,0,0,0,0,0,1,1,0,0,0,1
469,2,2,0,2,0,0,0,0,0,0,0,0,1,0,1,0,0,0,0,0,1
470,0,0,0,1,0,0,0,0,0,0,0,0,1,0,1,0,1,1,0,1,1
471,1,2,0,0,0,0,0,0,0,0,0,0,1,0,1,0,0,0,0,0,1
472,0,0,0,1,0,2,0,1,0,0,0,1,0,0,0,2,0,0,0,1,1
473,2,0,0,1,1,2,0,2,1,0,0,0,0,1,1,1,0,1,0,1,1
474,1,0,0,0,0,0,0,1,1,0,0,0,1,1,0,0,1,1,1,0,1
475,0,0,0,1,0,0,0,2,1,0,0,0,2,0,2,0,0,0,0,1,1
476,0,1,0,1,0,0,0,1,0,0,0,0,1,0,2,0,0,0,1,1,1
477,0,0,0,2,0,1,0,0,0,0,1,0,0,1,1,0,1,0,1,0,1
478,0,0,0,0,1,0,0,1,0,0,1,0,1,1,1,1,0,0,0,0,1
479,0,0,0,2,0,0,0,0,0,0,0,0,0,0,2,0,0,0,2,1,1
480,1,1,0,1,0,0,0,1,0,0,0,0,1,0,1,0,1,1,0,0,1
481,0,1,0,1,0,1,0,0,0,0,0,0,1,1,1,0,0,1,0,1,1
482,0,0,0,0,0,1,0,0,0,0,0,0,1,1,1,1,0,0,0,1,1
483,0,0,0,1,1,0,1,1,0,0,0,0,0,2,2,0,1,1,2,1,1
484,0,0,0,2,0,0,1,1,0,0,0,0,0,0,0,0,0,1,1,0,1
485,1,1,0,0,0,0,0,0,0,0,0,1,0,1,2,1,0,0,0,0,1
486,0,0,0,2,0,0,0,1,0,1,0,0,1,1,0,0,0,1,0,0,1
487,1,0,0,0,1,0,0,1,0,0,0,0,0,0,1,1,1,2,0,0,1
488,1,0,0,0,0,1,0,0,0,2,0,0,1,0,2,0,1,0,1,0,1
489,0,0,0,2,0,0,0,2,1,0,0,0,1,0,0,0,1,0,1,0,1
490,2,1,0,1,1,1,0,0,1,0,1,0,0,1,0,0,0,2,0,0,1
491,0,0,0,1,0,0,0,1,0,0,0,0,0,0,0,0,1,0,0,0,1
492,0,0,0,1,0,0,0,1,1,0,0,0,0,0,1,0,2,1,0,0,1
493,2,0,0,0,0,0,0,1,0,0,1,0,0,1,1,1,1,0,0,1,1
494,1,0,0,2,0,1,0,1,0,0,0,1,1,0,1,0,1,0,0,0,1
495,1,0,0,2,0,1,0,0,0,0,0,0,1,0,1,1,0,0,0,0,1
496,1,2,0,0,0,1,0,1,0,0,0,0,0,1,0,0,0,0,1,0,1
497,1,0,0,1,0,0,0,1,0,0,0,0,0,1,0,0,1,0,0,0,1
498,0,0,0,2,0,1,0,0,0,0,0,0,0,0,1,0,0,0,0,1,1
499,1,0,0,2,0,0,0,1,0,0,0,0,0,2,0,0,1,1,0,1,1
500,0,0,0,1,0,0,1,0,0,0,1,0,1,1,1,2,0,1,0,0,1
501,0,1,0,1,0,0,0,0,0,1,0,0,2,0,1,0,1,0,0,0,1
502,1,0,0,1,0,0,1,0,0,0,0,0,1,0,1,0,1,0,1,0,1
503,1,0,0,0,0,0,0,1,1,0,1,0,0,0,0,0,0,1,1,0,1
504,1,0,0,0,1,1,0,2,0,0,0,0,1,1,2,1,1,1,0,0,1
505,0,0,0,1,0,0,1,0,0,0,0,0,1,1,0,1,0,0,0,0,1
506,1,0,0,2,0,1,0,0,0,0,1,0,0,0,0,0,1,1,1,0,1
507,1,0,0,2,0,0,1,0,0,0,0,0,0,0,2,0,1,0,1,0,1
508,1,0,0,2,0,1,0,0,1,0,0,0,1,2,1,0,0,1,1,0,1
509,1,0,0,0,1,0,0,1,1,0,0,0,1,1,2,1,1,0,0,1,1
510,1,0,0,0,0,1,0,0,0,0,1,0,1,0,1,1,0,2,1,0,1
511,1,0,0,0,0,0,0,0,1,0,1,0,0,0,1,1,0,0,0,0,1
512,1,0,0,1,1,0,0,1,1,0,0,0,0,0,2,0,0,0,0,1,1
513,1,1,0,1,0,1,0,0,0,0,0,0,2,1,1,1,0,0,0,1,1
514,2,0,0,1,0,0,1,2,0,0,0,1,1,1,1,1,0,0,2,0,1
515,1,0,0,2,0,0,0,0,0,0,0,0,0,1,0,0,1,0,1,0,1
516,0,1,0,0,0,0,0,0,0,0,1,0,1,1,0,0,0,0,2,0,1
517,1,1,0,1,0,0,0,0,0,0,0,0,1,1,0,0,1,0,0,1,1
518,0,1,0,2,0,1,1,1,0,0,1,0,0,1,0,0,0,0,0,1,1
519,0,0,0,2,0,0,0,0,0,0,0,0,0,1,0,1,0,1,0,0,1
520,1,0,0,0,0,1,0,1,0,0,0,0,0,0,2,1,0,0,0,1,1
521,0,0,0,1,0,0,1,0,1,0,0,0,1,0,1,0,0,1,0,0,1
522,1,1,0,0,0,1,0,1,0,0,0,1,2,0,1,0,0,0,1,0,1
523,1,1,0,1,1,0,0,2,0,0,0,0,1,2,1,0,0,1,0,1,1
524,2,0,0,2,0,0,0,2,0,0,0,0,1,0,1,0,0,1,0,0,1
525,0,0,0,0,0,1,1,1,0,1,1,0,1,0,1,1,1,0,1,0,1
526,0,0,0,2,0,2,0,0,0,0,0,0,0,0,1,0,0,2,0,1,1
527,0,0,0,1,0,0,0,1,0,0,0,0,1,0,0,0,0,0,0,1,1
528,0,0,0,1,0,0,0,0,0,0,0,0,1,0,0,0,0,1,1,0,1
529,1,0,0,0,0,1,0,1,0,1,0,0,1,1,1,0,2,0,0,1,1
530,1,0,0,0,0,0,0,1,0,0,2,0,1,1,1,0,1,0,1,0,1
531,0,0,0,2,0,2,0,0,1,0,1,0,2,1,1,1,0,0,0,0,1
532,0,0,0,0,0,1,1,0,0,0,1,0,0,0,1,2,1,0,0,2,1
533,1,1,0,1,1,0,0,0,0,0,0,0,0,1,1,1,0,0,0,1,1
534,1,2,0,1,0,2,0,0,0,0,0,1,1,1,1,0,0,0,0,1,1
535,0,1,0,1,0,2,0,0,0,1,0,0,2,1,1,1,1,1,0,1,1
536,1,1,0,1,0,0,0,1,1,1,0,0,0,0,0,0,1,1,0,0,1
537,0,0,0,1,0,1,1,0,0,0,0,0,2,0,0,1,1,0,0,0,1
538,1,0,0,2,0,1,0,1,0,0,0,0,0,0,1,0,1,0,1,0,1
539,0,0,0,1,0,0,0,0,0,0,0,1,0,0,1,1,1,0,1,0,1
540,0,0,0,0,0,0,0,1,0,0,0,0,0,1,2,0,1,0,0,0,1
541,0,1,0,1,0,1,0,0,0,0,0,0,0,1,0,0,0,1,0,2,1
542,0,1,0,1,0,1,0,1,0,0,0,0,1,1,2,0,0,0,0,0,1
543,2,0,0,2,0,0,0,2,0,0,0,0,0,1,2,1,0,1,0,1,1
544,1,0,0,1,0,1,0,0,0,0,0,0,1,1,2,0,0,0,0,1,1
545,0,1,0,2,0,1,0,0,2,0,0,0,1,0,0,1,2,2,0,0,1
546,1,0,0,0,0,1,0,0,1,0,1,0,0,1,2,1,0,0,0,2,1
547,0,0,0,2,0,1,0,0,1,0,0,0,1,0,1,0,0,0,0,0,1
548,0,0,0,1,0,1,0,1,0,0,0,0,1,1,1,0,0,0,0,0,1
549,0,0,0,2,0,1,0,0,0,0,0,1,1,1,1,0,0,1,1,0,1
550,0,0,0,0,0,1,0,1,0,0,0,0,0,1,1,1,0,0,0,1,1
551,0,2,0,2,0,0,0,0,0,0,0,0,0,2,0,1,1,0,0,1,1
552,0,1,0,1,1,0,0,0,0,0,0,0,1,0,1,0,0,1,0,0,1
553,1,2,0,1,0,0,0,1,0,0,0,0,0,0,0,1,0,0,1,0,1
554,1,1,0,0,0,1,0,0,1,0,0,0,1,2,1,0,0,0,0,1,1
555,0,0,0,2,0,0,0,0,0,0,1,0,2,0,1,1,1,1,0,1,1
556,0,1,0,2,0,0,0,0,0,0,0,0,2,2,2,0,1,0,1,0,1
557,1,2,0,1,0,0,1,0,0,0,0,1,1,1,1,0,0,1,0,0,1
558,1,1,0,2,0,0,0,0,0,0,0,0,0,0,1,0,1,0,2,0,1
559,2,0,0,2,0,0,0,1,1,1,0,0,2,1,1,1,0,1,1,0,1
560,1,1,0,2,0,0,0,0,0,1,1,0,0,0,0,0,0,0,1,0,1
561,1,0,0,1,0,0,0,1,0,0,0,0,1,0,1,0,1,0,1,0,1
562,1,0,0,1,0,1,0,0,1,0,0,0,1,1,1,2,0,0,1,0,1
563,1,0,0,2,0,0,0,0,0,0,0,1,0,0,2,2,1,0,0,1,1
564,1,1,0,0,0,1,0,0,0,1,1,0,1,0,0,0,1,0,0,1,1
565,1,0,0,1,0,1,0,1,0,0,0,1,1,0,1,1,0,0,0,0,1
566,0,1,0,0,0,1,0,2,0,1,0,0,0,1,0,1,1,1,0,1,1
567,2,1,0,2,0,0,1,1,0,0,0,0,2,1,1,0,0,1,0,1,1
568,2,0,0,2,0,0,1,1,0,0,0,0,0,0,0,1,0,1,1,0,1
569,0,0,0,0,0,0,0,1,0,0,1,0,0,0,1,0,0,2,0,0,1
570,0,1,0,1,0,0,0,1,1,0,0,1,2,1,1,1,1,0,0,1,1
571,0,1,0,2,0,0,0,0,0,0,1,0,1,0,2,0,1,0,0,1,1
572,0,0,0,2,0,1,0,1,0,0,0,0,0,1,1,0,1,0,1,0,1
573,1,0,0,0,0,2,0,0,1,0,0,0,0,0,2,0,0,0,0,0,1
574,1,0,0,2,0,0,0,1,0,0,0,0,0,1,1,1,0,0,2,0,1
575,1,0,0,1,0,0,0,0,1,0,0,0,0,1,0,0,0,0,0,0,1
576,1,0,0,1,0,0,0,0,0,1,1,0,1,0,1,0,1,0,0,1,1
577,2,0,1,2,0,0,1,0,1,0,0,0,0,1,2,0,0,0,0,0,1
578,0,0,0,2,0,1,0,1,0,0,0,0,0,0,1,0,1,0,0,1,1
579,1,0,0,2,1,1,0,1,0,0,0,1,0,0,0,0,0,1,0,1,1
580,0,1,0,0,0,0,0,1,0,0,0,1,0,0,2,1,1,1,0,0,1
581,2,2,0,1,0,0,1,2,0,0,0,0,1,1,1,0,0,0,1,0,1
582,0,0,0,2,0,1,0,1,0,0,0,0,0,0,1,0,0,0,0,0,1
583,0,0,0,1,1,0,0,1,0,0,1,0,1,0,0,0,0,1,1,0,1
584,1,0,0,1,0,1,0,0,1,0,0,0,0,1,1,1,0,1,1,0,1
585,1,0,0,1,1,0,0,0,0,0,0,0,1,1,1,0,1,0,0,0,1
586,1,0,0,0,1,0,1,2,1,0,0,0,0,0,0,0,0,0,1,0,1
587,1,0,0,0,0,1,0,0,0,0,2,0,1,0,1,0,1,1,0,1,1
588,1,1,0,1,0,0,1,2,0,1,0,0,0,1,0,0,0,1,1,0,1
589,0,1,0,2,0,0,0,0,0,0,1,0,2,0,1,1,0,1,1,0,1
590,1,0,0,1,0,0,0,0,0,0,0,0,1,1,0,1,1,0,0,1,1
591,1,1,0,1,1,1,0,1,0,0,0,0,1,0,1,0,1,1,2,1,1
592,1,1,0,0,0,1,0,1,1,0,0,0,2,0,1,2,0,0,0,2,1
593,0,1,0,2,0,0,0,1,0,0,1,0,0,0,0,0,1,0,2,1,1
594,1,0,0,1,1,1,0,0,0,0,0,0,1,0,1,0,0,0,0,1,1
595,1,1,0,0,0,0,2,1,0,1,0,0,1,1,1,2,1,0,1,0,1
596,0,0,0,1,0,1,0,2,0,0,0,0,0,1,1,1,2,0,0,0,1
597,1,0,0,1,0,0,0,0,1,0,0,0,1,1,1,0,1,0,0,1,1
598,0,0,0,1,1,0,0,0,0,0,0,0,1,0,1,0,0,1,1,0,1
599,1,0,0,1,0,0,0,0,0,0,0,0,0,1,1,0,0,1,0,0,1
600,0,1,0,1,0,0,0,1,1,0,0,0,0,0,0,0,0,1,0,0,1
601,1,1,0,0,1,1,0,1,1,1,0,0,1,0,1,0,0,2,1,0,1
602,1,0,0,1,0,0,0,2,0,0,0,0,1,0,0,0,1,0,0,1,1
603,1,1,0,1,0,0,0,1,1,0,0,0,0,1,1,0,1,0,0,0,1
604,1,0,0,1,0,1,0,0,0,1,0,0,1,0,1,0,0,1,0,0,1
605,0,1,0,0,0,1,0,1,1,0,0,0,0,1,2,0,0,1,1,0,1
606,0,0,0,1,0,0,0,0,0,0,0,0,1,0,0,0,0,0,0,0,1
607,1,0,0,1,0,1,0,1,1,0,0,0,1,1,1,0,0,0,0,2,1
608,2,0,0,1,0,1,0,0,0,0,0,0,1,0,1,0,1,0,0,0,1
609,1,0,0,1,0,0,0,1,0,0,1,0,0,0,0,0,1,1,0,0,1
610,1,0,0,0,0,1,0,0,1,0,0,0,1,0,1,1,0,0,0,0,1
611,0,2,0,0,1,0,0,0,0,0,0,0,1,1,1,0,0,1,1,0,1
612,1,0,0,0,0,0,0,2,0,0,0,0,1,1,1,0,1,0,1,0,1
613,0,0,0,1,0,1,0,2,0,0,0,0,1,0,0,0,0,0,0,2,1
614,1,1,0,1,0,2,0,2,0,0,0,0,1,1,1,1,0,0,1,0,1
615,1,2,0,0,0,1,0,0,0,0,0,0,1,0,2,0,2,0,0,1,1
616,1,0,0,0,0,1,1,0,0,0,0,0,1,0,1,1,0,0,1,0,1
617,1,0,0,0,0,0,0,0,1,0,0,0,0,1,1,0,1,0,1,0,1
618,0,0,0,2,0,1,0,1,0,0,0,0,1,2,1,0,2,0,1,0,1
619,1,0,0,0,0,0,0,1,0,0,0,0,1,0,0,0,0,0,0,1,1
620,1,0,0,1,0,1,0,0,0,0,0,0,1,1,2,0,0,0,0,0,1
621,0,0,0,1,0,1,0,1,1,0,0,0,1,0,2,0,1,1,0,0,1
622,1,0,0,1,0,1,1,0,1,1,0,0,1,0,2,1,0,0,1,0,1
623,1,1,0,2,0,0,0,0,0,0,0,0,1,1,0,0,0,0,0,0,1
624,1,0,0,1,1,0,0,1,1,1,0,0,0,1,1,0,1,0,1,0,1
625,1,0,0,0,0,1,0,1,0,1,0,0,0,0,1,0,0,0,1,0,1
626,0,0,0,1,0,1,0,0,0,0,0,0,0,1,0,1,0,0,0,0,1
627,1,0,0,0,0,0,0,1,0,0,0,0,2,0,1,0,0,0,0,1,1
628,2,0,0,2,0,0,0,1,0,0,0,0,0,0,1,1,0,1,0,0,1
629,2,0,0,1,0,0,0,1,0,0,0,0,1,0,0,2,0,0,1,0,1
630,2,0,0,2,0,1,0,0,0,0,1,0,1,0,0,0,0,0,1,0,1
631,0,0,0,1,1,0,1,2,1,0,0,0,0,1,1,1,0,1,0,0,1
632,1,0,0,1,1,1,1,1,0,0,1,0,1,0,2,0,2,1,1,1,1
633,1,1,0,2,0,0,1,0,1,0,0,0,1,1,0,2,1,0,0,0,1
634,0,0,0,1,0,0,0,0,1,0,1,0,1,0,0,0,0,0,0,0,1
635,1,1,0,0,0,1,0,1,0,0,0,0,0,0,1,0,1,0,1,0,1
636,0,0,0,1,0,0,0,1,1,0,0,0,0,2,0,2,0,0,0,1,1
637,1,0,0,0,0,1,0,0,1,0,0,0,1,1,1,0,0,0,0,0,1
638,1,0,0,1,0,0,0,0,0,0,1,0,1,1,1,0,1,0,1,0,1
639,1,1,0,2,1,0,0,0,0,0,1,0,0,1,1,0,0,1,2,1,1
640,1,0,0,0,1,0,0,1,0,0,0,1,0,1,1,2,0,1,1,0,1
641,0,0,0,1,0,2,0,0,0,0,0,0,1,0,2,2,0,0,0,0,1
642,0,1,0,0,0,1,0,1,0,0,1,0,2,1,2,1,1,0,0,1,1
643,0,0,0,1,0,0,0,0,0,0,0,0,0,0,2,1,0,0,1,0,1
644,0,0,0,2,0,1,1,0,1,0,0,0,0,2,1,1,0,0,0,1,1
645,1,0,0,1,0,0,1,0,1,0,1,0,1,1,2,0,0,0,0,0,1
646,1,0,1,2,0,0,0,2,0,0,1,0,1,1,0,1,0,1,0,1,1
647,0,1,0,1,0,0,0,0,0,0,1,0,1,0,1,0,1,0,0,0,1
648,0,1,0,0,0,1,0,1,0,0,0,1,2,0,1,0,0,0,1,0,1
649,1,0,0,2,1,0,0,0,0,0,0,0,0,2,1,0,0,2,1,0,1
650,1,1,0,1,0,1,0,1,1,0,0,0,0,0,1,0,1,0,0,1,1
651,0,0,0,2,0,0,0,1,0,0,0,0,1,0,0,0,0,1,0,1,1
652,1,0,0,1,1,0,0,2,1,0,0,0,2,0,1,1,0,0,0,0,1
653,0,1,0,0,0,0,0,0,0,0,1,0,1,1,1,1,1,1,0,0,1
654,2,1,0,1,0,1,0,0,0,0,1,0,0,0,1,0,0,0,1,0,1
655,1,1,0,1,0,0,0,1,0,0,1,0,1,0,0,0,0,0,0,1,1
656,1,0,0,0,0,0,0,1,0,0,0,0,1,0,1,1,0,0,1,0,1
657,1,0,0,1,0,1,0,1,1,0,1,0,2,1,1,0,1,0,0,0,1
658,0,0,0,0,0,0,0,0,0,0,0,0,1,1,0,0,0,0,0,0,1
659,1,0,0,2,0,0,1,0,1,0,0,0,0,0,0,0,0,0,0,0,1
660,0,0,0,1,0,0,0,1,1,0,0,0,2,1,1,0,0,0,0,1,1
661,0,0,0,1,0,0,0,0,0,0,0,0,1,1,1,1,1,1,0,2,1
662,2,0,0,2,0,1,0,1,0,0,1,0,1,1,1,0,0,1,0,0,1
663,0,0,0,0,0,0,0,1,1,0,0,0,2,0,0,0,1,0,0,1,1
664,1,1,0,2,0,0,0,1,0,0,0,0,1,1,0,0,0,1,0,0,1
665,0,0,0,2,0,0,0,0,0,0,0,0,0,0,1,0,0,1,0,0,1
666,1,1,0,0,1,0,0,0,0,0,0,0,2,0,1,1,0,0,0,0,1
667,1,0,0,1,0,1,0,0,0,0,0,0,0,0,1,0,0,0,0,1,1
668,0,0,0,1,0,0,0,1,1,0,0,0,0,0,0,1,0,0,0,1,1
669,1,1,0,0,0,0,0,1,1,0,0,0,0,0,2,0,0,1,0,1,1
670,1,0,0,1,0,1,0,0,0,0,0,0,1,0,2,0,0,0,0,0,1
671,0,1,0,1,0,0,0,1,1,0,0,0,0,0,1,1,0,1,1,0,1
672,0,0,0,1,0,0,0,1,0,0,0,0,0,0,1,0,0,2,1,0,1
673,1,1,0,1,0,0,0,1,0,0,0,1,1,0,1,1,0,1,0,1,1
674,2,0,0,2,0,2,0,1,0,0,1,0,0,1,1,0,0,0,0,0,1
675,1,0,0,1,0,1,0,0,0,0,0,0,1,0,1,0,0,0,0,0,1
676,0,2,0,1,0,1,0,1,0,0,1,0,1,0,0,1,1,1,0,2,1
677,2,1,0,1,1,0,0,0,2,1,0,0,1,1,1,1,1,1,0,0,1
678,0,0,0,1,0,1,0,1,0,0,0,0,0,2,1,1,0,0,0,1,1
679,0,0,0,1,0,1,0,0,1,0,0,1,2,1,2,0,0,1,0,0,1
680,0,0,0,1,0,0,0,0,0,1,0,1,2,2,0,0,0,0,0,0,1
681,0,0,0,2,0,0,0,0,0,1,0,0,1,1,1,0,0,0,0,1,1
682,1,0,0,1,0,1,0,2,0,0,0,0,0,0,2,0,1,0,0,1,1
683,1,0,0,0,1,1,0,0,0,0,0,0,1,2,2,0,1,0,0,1,1
684,1,0,0,0,0,0,0,2,0,1,0,0,1,0,1,1,0,0,0,0,1
685,2,1,0,0,0,0,0,0,0,0,1,0,2,0,0,0,1,0,0,1,1
686,1,0,0,2,0,0,0,1,0,0,0,0,1,1,1,0,2,0,0,0,1
687,0,1,0,1,1,1,1,0,0,0,1,0,1,1,1,1,0,1,1,0,1
688,1,0,0,2,1,0,0,0,1,0,0,0,0,1,1,1,0,1,1,0,1
689,0,2,0,0,1,0,1,1,0,0,0,0,1,2,1,0,0,0,0,0,1
690,0,0,0,1,0,1,0,0,0,0,1,0,1,1,0,0,1,0,0,0,1
691,0,1,0,0,1,0,0,0,0,1,1,0,0,0,1,0,1,0,0,1,1
692,1,0,1,1,0,0,0,1,0,0,1,0,1,0,2,0,0,0,0,0,1
693,1,1,0,0,0,0,0,1,0,0,0,1,1,0,1,0,2,0,1,0,1
694,1,0,0,1,1,1,0,2,0,0,0,0,2,1,0,1,1,0,2,0,1
695,1,1,0,0,0,1,0,0,0,0,0,0,1,0,2,0,0,1,1,0,1
696,0,0,0,0,1,0,0,1,0,0,0,0,1,0,1,0,0,1,1,0,1
697,1,1,0,2,0,0,1,0,0,1,0,0,0,1,1,0,0,0,0,0,1
698,1,2,0,1,0,0,0,1,1,0,0,0,1,0,0,0,0,1,0,0,1
699,1,0,0,1,1,0,0,1,1,0,0,0,1,1,0,1,0,0,0,1,1
700,0,0,0,0,0,1,1,0,0,0,0,0,0,1,2,0,0,0,1,0,1
701,1,0,0,1,0,1,0,1,0,0,0,0,1,0,0,0,1,0,0,0,1
702,0,1,0,1,0,1,0,0,0,0,1,0,0,0,2,1,1,1,2,0,1
703,1,0,0,0,0,0,0,1,0,0,0,0,2,1,1,1,1,1,0,1,1
704,1,0,0,1,1,1,0,1,0,0,0,0,1,1,2,0,0,0,0,1,1
705,0,1,0,1,0,1,0,2,1,0,0,0,0,0,1,0,1,0,0,1,1
706,2,1,0,0,0,0,0,0,1,0,0,0,0,0,1,1,0,0,1,0,1
707,2,1,0,1,0,2,0,0,0,1,0,0,1,1,0,0,1,0,0,1,1
708,0,0,0,1,0,0,0,1,0,1,0,0,1,1,1,0,0,0,0,0,1
709,1,0,0,1,0,0,0,0,0,0,0,0,0,1,1,0,1,0,2,0,1
710,0,1,0,1,0,1,0,1,0,0,0,0,0,1,1,0,0,0,0,1,1
711,2,1,0,0,0,1,0,0,1,0,1,0,1,2,2,1,1,0,0,1,1
712,1,0,0,1,0,1,0,1,0,0,0,0,1,1,1,1,0,0,1,0,1
713,2,0,0,2,2,1,0,0,2,0,0,0,1,1,0,2,0,0,0,0,1
714,0,0,0,1,1,0,0,1,0,0,0,0,1,1,1,1,0,0,0,1,1
715,2,0,0,0,0,0,1,0,0,0,0,0,1,0,1,1,1,0,1,0,1
716,0,1,0,1,0,0,0,2,0,0,0,0,1,0,1,0,0,0,0,1,1
717,1,1,0,0,0,0,0,0,0,0,0,1,0,0,1,0,0,1,1,0,1
718,1,0,0,1,0,0,0,0,0,0,1,0,0,0,0,1,0,0,1,0,1
719,2,0,0,1,0,0,1,0,1,0,0,0,1,0,1,1,0,1,0,0,1
720,0,1,0,1,0,0,0,0,1,0,0,0,1,0,0,0,0,0,1,0,1
721,1,0,0,1,1,1,0,1,0,0,0,0,2,2,0,0,1,0,1,0,1
722,1,1,0,2,0,1,0,0,0,0,1,0,0,0,1,0,0,0,0,0,1
723,2,1,0,0,0,0,0,0,0,0,0,0,0,1,1,0,1,0,0,0,1
724,0,0,0,1,0,0,0,0,0,0,0,0,1,0,1,1,0,1,1,0,1
725,1,0,0,2,0,0,0,1,0,0,0,0,0,0,0,1,1,0,0,1,1
726,2,0,0,1,0,1,0,0,1,0,0,0,1,1,1,1,0,0,0,1,1
727,1,1,0,1,0,0,0,0,0,0,0,0,1,2,0,0,1,1,1,0,1
728,0,1,0,1,1,1,0,1,0,0,1,0,1,1,1,1,0,0,1,0,1
729,1,1,0,0,0,1,1,0,0,1,0,1,0,0,1,1,0,0,1,0,1
730,1,0,0,0,0,0,0,2,0,0,0,0,1,1,0,0,0,1,0,0,1
731,1,0,0,0,0,1,0,1,0,0,0,0,0,1,1,1,2,1,1,0,1
732,0,0,0,2,1,1,1,0,0,1,0,0,0,1,1,0,0,0,2,1,1
733,0,1,0,1,0,0,0,1,0,0,0,0,1,1,1,0,1,0,0,0,1
734,1,1,0,1,0,1,0,1,0,0,0,0,1,0,1,1,1,0,0,1,1
735,1,0,0,0,0,0,0,1,0,0,0,0,0,1,2,0,0,0,1,2,1
736,0,0,0,0,0,1,0,0,1,0,1,0,1,0,1,0,0,1,0,1,1
737,0,0,0,1,0,1,1,0,0,1,0,0,1,1,2,0,1,2,1,0,1
738,1,1,0,0,1,1,0,1,1,0,0,0,0,0,0,0,0,1,0,0,1
739,1,1,0,0,0,1,0,0,0,0,0,0,1,1,0,0,0,0,1,0,1
740,0,0,0,1,0,0,0,1,0,0,0,0,1,0,1,0,0,2,0,1,1
741,1,0,0,0,0,0,0,0,0,0,0,0,2,1,1,0,1,0,0,1,1
742,1,1,0,1,0,0,1,2,0,0,1,0,0,0,0,0,2,0,0,0,1
743,0,0,0,1,0,0,0,0,0,0,0,0,0,1,1,0,0,1,0,0,1
744,2,0,0,0,0,0,0,1,1,0,0,0,1,1,2,0,0,0,0,0,1
745,1,0,0,1,0,0,1,0,1,1,0,0,1,0,0,0,1,0,1,0,1
746,1,0,0,1,0,0,0,0,1,0,0,0,1,0,0,0,0,1,1,0,1
747,1,0,0,1,0,0,0,1,1,1,1,0,0,1,1,0,1,0,0,1,1
748,1,0,0,0,0,0,0,0,0,1,0,0,0,1,1,2,1,0,0,0,1
749,1,1,0,1,0,0,0,0,0,0,0,0,0,0,0,1,0,0,0,1,1
750,1,1,0,2,0,1,0,0,0,0,1,0,0,1,0,0,0,1,1,0,1
751,2,0,0,1,1,0,0,1,0,0,0,0,1,0,0,0,0,1,1,0,1
752,2,1,0,2,1,1,0,0,0,0,1,0,0,1,1,1,0,0,0,1,1
753,2,1,0,1,1,0,0,1,0,0,1,1,0,1,0,0,1,1,0,0,1
754,1,0,0,0,0,0,0,1,0,0,0,0,0,1,2,1,0,1,1,0,1
755,1,0,0,1,0,1,0,1,0,0,0,0,1,0,0,0,0,0,1,0,1
756,1,1,0,1,0,0,0,1,0,0,1,0,1,0,0,1,0,0,0,0,1
757,0,1,0,0,0,0,0,0,0,0,0,0,1,0,1,0,1,0,0,0,1
758,2,1,0,2,0,0,0,0,0,0,0,0,0,1,1,1,1,0,0,0,1
759,1,0,0,1,0,0,0,0,1,0,1,1,1,0,2,0,1,1,2,1,1
760,1,1,0,1,0,1,0,1,0,0,0,0,1,0,1,1,0,0,1,0,1
761,0,1,0,0,0,0,0,2,0,0,1,0,0,0,2,1,1,1,1,0,1
762,1,0,0,0,0,1,0,1,0,0,0,0,1,0,1,0,1,0,2,0,1
763,0,0,0,1,0,0,1,1,0,0,0,0,0,0,1,0,1,1,1,0,1
764,2,0,0,0,0,0,0,1,0,0,1,0,1,0,1,1,0,1,0,1,1
765,1,1,0,0,0,1,0,1,0,0,0,0,0,1,1,0,1,0,0,1,1
766,0,0,0,1,0,0,0,2,0,0,0,1,2,0,2,0,2,0,2,0,1
767,1,0,0,1,0,0,0,0,1,0,0,0,1,0,0,0,1,0,1,0,1
768,2,0,0,0,0,2,0,1,0,0,0,0,1,0,1,0,0,2,0,1,1
769,0,1,0,1,0,1,0,0,0,1,0,0,1,1,2,2,0,1,0,1,1
770,2,0,0,1,0,0,0,0,1,0,2,0,1,0,1,0,0,1,1,0,1
771,0,2,0,1,0,0,1,2,0,1,0,0,0,2,1,0,0,0,0,0,1
772,1,0,0,0,0,0,0,1,0,0,0,0,0,1,2,0,0,0,1,0,1
773,0,0,0,2,1,2,0,0,1,0,0,0,1,0,0,1,0,1,1,0,1
774,1,2,0,1,0,1,0,2,0,1,0,0,0,1,1,1,0,1,0,0,1
775,1,0,0,2,0,0,0,0,0,0,0,0,0,0,1,1,0,1,1,0,1
776,1,1,0,1,1,1,1,1,0,0,1,0,2,1,0,0,0,0,1,0,1
777,1,2,0,1,0,1,0,1,0,0,1,0,1,1,2,0,1,0,0,2,1
778,0,1,0,1,0,0,0,2,0,0,0,0,1,0,1,0,0,0,0,1,1
779,0,0,0,0,0,0,0,0,0,0,0,0,0,1,0,1,1,0,0,0,1
780,1,0,0,1,0,0,0,0,1,0,1,0,1,0,1,1,0,0,2,0,1
781,1,1,0,1,0,1,0,0,0,1,0,0,1,1,0,1,0,1,1,0,1
782,0,1,0,1,0,1,0,0,1,0,1,0,2,0,2,1,1,1,0,1,1
783,1,1,0,2,0,1,0,0,0,0,0,0,0,2,0,0,0,0,1,0,1
784,2,1,0,0,0,0,0,0,0,0,0,0,1,0,2,0,0,0,0,1,1
785,0,1,0,1,0,1,1,0,0,0,0,0,1,1,2,0,0,1,0,0,1
786,0,0,0,1,1,0,1,0,0,0,2,0,0,2,2,0,0,0,0,1,1
787,0,1,0,0,1,0,0,0,0,0,1,0,0,1,1,0,1,0,0,0,1
788,1,1,0,1,0,0,0,1,0,0,0,0,1,0,0,1,0,0,1,0,1
789,0,1,0,0,0,0,0,1,0,0,0,0,0,0,1,1,1,0,1,0,1
790,0,0,0,0,0,0,0,1,0,0,0,0,0,0,0,0,0,0,0,0,1
791,2,0,0,0,0,0,1,1,0,0,1,0,2,0,1,0,1,0,0,0,1
792,1,2,0,0,0,0,0,0,0,0,0,0,2,1,1,1,1,1,0,0,1
793,1,0,0,1,0,1,0,0,1,0,1,0,1,0,0,2,0,1,0,0,1
794,1,0,0,1,0,1,0,0,0,0,0,0,1,0,1,0,1,1,0,1,1
795,1,0,0,0,0,1,0,1,0,0,0,0,0,1,1,1,0,0,1,0,1
796,1,0,0,1,1,0,0,0,1,0,0,0,2,1,0,0,0,0,1,0,1
797,0,1,0,1,0,0,0,0,2,0,0,0,2,0,1,0,1,0,0,1,1
798,0,1,0,1,0,0,0,1,0,0,1,0,0,1,0,0,0,0,1,0,1
799,1,1,0,1,0,0,0,0,0,0,1,0,2,0,0,1,0,1,1,1,1
800,1,2,0,1,0,0,0,1,0,1,0,0,1,1,1,1,1,1,1,0,0
801,0,0,0,1,0,0,0,1,1,0,0,0,0,1,0,0,1,1,0,1,0
802,1,1,0,0,1,2,0,1,0,0,0,0,1,1,2,0,1,1,0,0,0
803,1,0,0,0,0,1,0,1,0,0,0,0,0,0,2,0,0,0,0,0,0
804,0,1,0,1,0,0,0,1,0,0,0,0,0,1,0,1,0,0,1,0,0
805,1,1,0,2,0,0,1,1,1,0,0,0,1,1,1,1,0,0,0,0,0
806,0,0,0,1,0,0,0,2,0,0,0,1,0,2,1,2,0,0,0,1,0
807,1,1,0,1,1,1,1,0,1,0,0,0,0,1,1,0,2,2,0,1,0
808,0,0,0,1,0,0,1,2,0,0,0,0,1,1,1,0,0,0,1,0,0
809,2,1,0,2,0,2,0,1,0,0,0,0,0,1,0,0,0,0,1,0,0
810,2,1,1,0,1,1,0,1,0,0,1,0,0,1,0,0,0,0,0,0,0
811,1,0,0,0,0,1,0,1,0,0,0,0,2,1,1,0,0,0,1,1,0
812,0,0,0,1,1,1,0,0,0,0,0,0,1,1,0,2,0,0,0,1,0
813,0,0,1,1,0,0,0,1,1,0,0,0,2,1,2,0,0,0,0,2,0
814,0,1,0,1,0,0,0,1,0,0,0,0,1,0,0,0,0,0,0,0,0
815,1,0,0,1,0,0,0,0,0,0,0,0,1,2,2,1,0,0,0,1,0
816,0,0,0,2,1,0,1,0,0,0,0,0,1,0,1,0,0,0,0,1,0
817,1,0,0,0,0,0,1,1,0,0,0,0,0,2,1,0,0,0,1,0,0
818,0,0,0,1,0,1,0,1,0,0,1,0,1,1,2,0,1,2,0,1,0
819,1,1,0,1,0,1,0,0,0,1,0,0,1,1,1,0,0,1,0,1,0
820,0,0,0,2,0,1,0,1,0,0,0,0,0,0,0,0,1,1,0,1,0
821,0,0,0,2,0,1,0,1,2,0,0,0,1,1,2,0,0,0,2,0,0
822,1,1,0,2,0,1,0,0,0,0,1,0,1,1,1,0,1,1,0,0,0
823,1,0,0,1,0,0,0,2,2,0,1,0,1,2,1,0,1,1,1,0,0
824,0,0,0,2,0,1,0,0,1,0,0,0,0,1,0,1,1,1,1,0,0
825,2,0,0,1,0,0,0,1,0,0,1,0,1,1,1,0,0,0,1,1,0
826,0,0,0,0,0,1,0,1,1,0,0,0,1,0,0,0,0,0,0,0,0
827,0,1,0,0,1,0,1,1,0,0,0,0,1,0,2,1,1,1,2,1,0
828,0,0,0,1,0,0,0,1,1,0,0,0,1,2,0,1,1,1,1,1,0
829,1,1,0,0,1,1,0,0,1,0,0,0,1,0,1,1,1,1,1,0,0
830,0,1,0,0,0,1,0,0,1,0,0,0,0,0,1,1,0,0,0,1,0
831,0,0,0,2,2,0,0,1,0,0,1,0,0,2,2,1,1,1,1,0,0
832,0,0,0,1,0,0,0,0,1,0,0,0,0,0,2,0,0,0,1,1,0
833,0,0,0,1,1,0,0,1,0,0,0,0,1,0,1,0,1,1,0,0,0
834,0,1,0,1,0,1,0,0,1,1,1,0,1,1,2,1,1,1,2,0,0
835,0,1,0,0,0,0,0,1,1,1,1,0,1,1,1,0,0,0,1,0,0
836,0,0,0,2,0,2,1,1,0,0,0,0,1,0,1,0,0,0,0,0,0
837,1,0,0,0,0,1,0,0,1,1,0,0,1,1,0,0,1,1,1,1,0
838,0,0,0,1,0,1,0,2,0,0,0,0,0,0,0,1,0,0,0,1,0
839,0,1,0,2,0,0,1,0,0,0,0,0,0,0,1,0,1,1,0,0,0
840,0,0,0,2,0,0,0,0,1,2,0,0,0,0,1,0,1,1,0,0,0
841,1,0,0,2,1,1,0,0,0,0,0,0,1,0,1,0,0,0,0,0,0
842,1,0,0,0,0,1,0,1,0,0,1,0,0,0,0,0,0,0,0,0,0
843,1,1,0,1,0,1,1,1,0,0,1,1,0,0,0,0,0,0,1,0,0
844,0,0,0,2,0,0,0,0,0,1,0,0,0,1,1,2,1,1,0,0,0
845,2,0,0,1,0,1,0,0,0,0,0,0,1,0,1,0,0,0,1,0,0
846,0,0,1,0,0,0,0,0,0,1,0,0,1,1,0,0,0,0,0,0,0
847,1,0,0,0,0,0,0,0,0,1,0,0,2,0,1,0,0,0,1,0,0
848,1,1,0,1,0,1,1,0,0,0,0,0,0,1,2,0,0,0,2,0,0
849,0,0,0,2,1,0,0,2,0,0,1,0,0,0,1,0,0,0,1,1,0
850,0,0,0,2,0,1,0,0,0,0,1,0,1,1,1,0,1,1,1,1,0
851,2,0,0,1,0,0,0,0,0,1,0,1,1,1,0,0,1,1,0,1,0
852,1,1,0,2,0,0,0,0,0,0,0,0,0,1,0,0,1,1,0,0,0
853,0,0,0,1,0,0,0,1,0,0,0,0,0,1,1,0,0,0,1,0,0
854,0,1,0,1,0,1,1,1,1,0,1,0,2,0,1,0,0,0,0,0,0
855,1,2,0,1,0,1,0,0,0,0,0,0,1,0,0,1,0,0,0,1,0
856,0,0,0,0,0,0,0,0,0,0,1,0,0,1,2,0,1,1,1,0,0
857,2,0,0,1,1,1,0,0,0,0,1,0,0,0,1,1,0,0,1,0,0
858,1,0,0,2,1,0,0,0,2,1,1,0,1,0,1,0,0,0,0,0,0
859,1,0,0,2,0,0,0,0,0,0,2,0,0,1,1,1,0,0,0,0,0
860,1,0,0,1,0,0,0,0,0,0,1,0,1,1,1,0,0,0,0,0,0
861,1,0,0,2,0,0,0,0,1,0,0,0,0,0,1,1,1,1,0,1,0
862,1,0,0,1,0,0,1,0,1,1,0,0,1,1,0,0,0,0,0,0,0
863,2,0,0,1,0,0,0,0,0,0,0,0,2,1,2,1,1,1,0,0,0
864,0,0,0,0,0,0,0,0,0,0,0,0,1,0,0,1,1,1,0,0,0
865,2,0,0,2,0,0,1,1,0,0,1,0,1,1,0,1,1,2,0,0,0
866,1,0,0,1,0,0,0,0,1,0,0,0,0,0,0,2,1,1,1,0,0
867,0,0,0,1,0,0,0,1,0,0,0,0,2,0,1,0,0,0,1,1,0
868,0,1,0,1,0,0,0,0,0,0,0,0,0,0,0,0,0,0,1,0,0
869,0,0,0,0,1,1,0,1,1,0,0,0,0,2,1,0,0,0,0,0,0
870,1,1,0,1,0,0,0,1,1,0,0,0,0,1,0,0,0,0,0,1,0
871,0,0,0,1,0,0,0,1,0,0,1,0,1,1,2,0,0,0,0,0,0
872,2,1,0,0,0,1,0,1,0,1,0,0,0,1,1,1,1,1,0,1,0
873,2,0,0,1,0,1,0,0,0,0,0,0,1,0,1,0,2,2,0,1,0
874,2,2,0,1,0,2,0,0,0,0,0,0,1,0,2,0,1,1,1,1,0
875,1,0,0,1,0,2,0,2,0,0,0,0,0,0,1,0,0,0,1,1,0
876,1,0,0,1,0,0,0,0,0,0,0,1,0,1,0,1,1,1,1,2,0
877,2,1,0,1,0,0,0,0,1,1,0,0,0,0,1,0,0,0,0,0,0
878,1,0,0,1,0,0,0,1,0,1,0,0,2,0,1,1,0,0,0,1,0
879,0,0,0,2,0,0,0,1,0,1,0,0,0,0,0,0,0,0,1,0,0
880,2,0,0,2,0,0,0,1,0,0,0,0,0,0,1,1,0,0,0,0,0
881,2,0,0,1,0,0,1,1,0,1,0,0,0,1,0,0,0,0,1,1,0
882,0,0,0,2,0,0,0,1,1,0,0,0,0,0,1,0,0,0,0,0,0
883,0,1,0,1,1,1,1,2,0,0,1,0,1,1,0,0,0,0,0,0,0
884,1,1,0,2,0,1,0,0,0,0,0,0,1,1,2,0,0,0,1,2,0
885,0,0,0,0,0,1,0,0,2,0,0,0,1,2,0,0,0,0,0,1,0
886,0,0,0,0,0,1,0,1,1,0,0,0,2,1,0,1,0,0,1,1,0
887,0,0,0,0,0,0,0,1,1,0,1,0,0,1,1,0,0,0,0,1,0
888,2,0,0,1,0,1,0,1,1,0,1,0,0,1,1,1,1,1,0,1,0
889,0,0,0,1,1,0,0,1,0,0,0,0,1,1,2,0,1,1,0,0,0
890,0,1,0,2,0,0,0,0,0,0,0,0,0,1,0,1,1,1,1,0,0
891,1,1,0,0,1,0,0,0,1,0,0,0,2,1,1,0,1,1,0,0,0
892,1,0,0,2,0,0,0,0,0,0,0,0,0,0,0,0,2,0,0,1,0
893,1,0,0,1,0,0,0,1,0,1,0,0,0,0,0,1,1,1,2,0,0
894,0,0,0,1,0,1,1,1,0,0,0,0,1,0,1,0,1,1,1,0,0
895,1,0,0,1,0,0,1,0,0,0,0,0,0,2,2,0,2,2,0,1,0
896,1,1,0,0,0,1,1,0,0,0,0,0,0,0,1,0,0,0,0,0,0
897,2,2,0,2,0,1,0,0,0,1,0,0,1,0,0,0,0,0,0,0,0
898,0,0,0,2,1,1,0,0,0,1,0,0,1,0,0,0,1,1,1,1,0
899,1,0,0,2,0,1,0,0,0,0,0,0,2,0,1,1,0,0,0,1,0
900,1,0,0,0,0,2,0,2,1,0,1,0,1,0,0,1,1,1,0,1,0
901,1,0,0,0,0,1,0,1,0,0,0,0,1,0,0,1,0,0,1,2,0
902,1,1,0,2,0,0,0,1,0,0,0,0,0,1,2,0,0,2,0,0,0
903,1,0,0,0,0,0,0,1,0,0,0,0,0,1,2,0,0,0,0,1,0
904,1,0,0,0,0,1,0,2,0,0,0,0,2,1,1,0,0,0,0,2,0
905,1,0,0,1,1,0,1,1,0,0,0,0,0,0,0,1,0,0,1,0,0
906,2,0,0,1,0,1,0,0,0,0,1,0,2,1,1,0,0,0,0,0,0
907,1,1,0,1,1,1,0,0,0,0,0,0,1,2,0,1,0,0,1,0,0
908,0,0,0,0,0,2,0,2,0,0,0,0,1,2,1,0,1,1,1,1,0
909,0,1,0,2,0,1,0,0,0,0,0,0,0,1,2,1,0,0,2,0,0
910,0,0,0,0,0,1,0,0,0,0,0,0,2,0,1,0,0,0,1,1,0
911,2,0,0,2,0,1,1,0,0,1,0,0,0,0,1,0,1,1,0,0,0
912,2,1,0,1,0,1,0,1,1,0,0,0,1,2,0,1,1,1,1,0,0
913,1,0,0,0,0,0,0,1,1,0,0,0,2,1,0,0,1,2,0,1,0
914,1,1,0,1,0,0,0,1,0,0,0,0,0,2,1,1,1,1,0,1,0
915,0,0,0,1,0,1,1,1,0,0,0,0,0,1,1,0,1,1,0,1,0
916,2,0,0,1,0,0,0,1,0,1,1,0,0,0,0,1,1,1,0,0,0
917,1,0,0,1,1,2,0,1,0,0,0,0,0,1,0,1,0,0,0,1,0
918,2,0,0,0,0,0,0,1,0,0,1,0,1,1,0,0,0,0,0,0,0
919,1,0,0,1,0,1,1,1,0,0,0,0,0,0,0,1,0,0,0,0,0
920,0,0,0,1,0,1,0,1,0,0,0,0,1,1,1,0,0,0,0,1,0
921,0,0,0,2,0,0,0,0,0,0,0,1,0,1,1,0,1,1,0,1,0
922,1,0,0,1,1,2,0,0,0,0,0,0,1,0,0,0,0,0,0,0,0
923,2,0,0,1,0,2,0,1,0,0,0,0,1,0,1,1,1,1,0,1,0
924,1,0,0,2,0,0,0,0,1,1,0,0,1,1,1,0,1,1,0,0,0
925,1,1,0,2,1,1,0,1,0,1,0,1,0,1,1,1,0,0,1,0,0
926,0,0,0,1,0,1,0,1,1,0,0,0,1,1,1,1,0,0,0,0,0
927,0,0,0,0,0,0,0,1,1,0,0,0,0,1,0,0,0,0,0,1,0
928,1,1,0,1,0,0,0,0,1,0,0,0,0,2,1,1,1,1,0,1,0
929,0,0,0,1,0,1,0,0,0,0,0,0,1,1,1,0,0,0,0,1,0
930,0,1,0,1,0,0,0,0,0,0,0,0,2,1,1,0,1,1,0,1,0
931,1,0,0,0,0,0,0,1,1,0,0,0,1,2,1,0,0,0,1,0,0
932,1,0,0,0,0,1,0,0,1,1,0,0,0,1,1,1,0,0,1,1,0
933,0,1,0,1,0,0,0,1,0,0,0,0,0,1,2,1,0,0,0,1,0
934,1,0,0,0,0,0,0,1,0,0,0,1,1,1,1,0,0,0,1,1,0
935,0,0,0,1,0,0,0,1,0,0,0,0,1,1,1,1,1,1,0,0,0
936,1,0,0,1,0,0,0,0,1,0,1,0,2,0,1,1,0,0,0,0,0
937,1,1,0,0,0,0,0,0,0,0,2,0,0,1,1,1,1,1,0,0,0
938,0,1,0,0,0,0,0,1,1,0,0,0,0,1,1,0,0,0,1,0,0
939,0,1,0,2,0,0,0,0,0,1,0,0,0,0,1,0,0,0,1,0,0
940,1,0,0,0,1,0,1,0,2,0,0,0,0,1,1,0,1,2,0,0,0
941,1,0,0,1,0,0,0,1,1,0,0,0,1,0,1,2,0,0,0,0,0
942,1,1,0,0,0,1,0,1,0,0,0,0,0,0,0,0,0,0,0,0,0
943,1,1,0,2,1,2,1,0,0,0,0,0,0,1,1,0,0,0,0,0,0
944,1,0,0,1,0,0,0,0,1,1,0,0,1,1,1,0,1,1,0,1,0
945,0,1,1,1,0,0,0,0,1,1,1,0,0,0,1,0,0,2,0,0,0
946,2,0,0,0,0,1,1,0,0,1,1,0,0,1,1,0,0,0,1,1,0
947,0,0,0,1,0,0,0,0,0,0,0,0,0,0,0,0,0,0,0,1,0
948,1,0,0,1,0,0,0,1,0,1,0,0,0,1,0,1,0,0,0,0,0
949,1,1,0,1,0,1,0,2,1,0,0,0,0,0,1,0,0,0,0,0,0
950,0,1,0,0,0,1,1,2,0,0,0,1,0,2,1,0,0,0,1,1,0
951,1,0,0,1,0,0,0,0,0,0,1,0,1,0,1,0,1,1,0,0,0
952,0,1,0,1,0,0,0,0,0,0,0,0,1,1,1,0,0,2,0,0,0
953,1,0,0,0,0,0,0,0,0,0,0,0,0,0,1,0,1,1,0,0,0
954,1,0,0,0,0,1,1,2,1,0,0,0,1,0,0,0,0,0,0,0,0
955,0,0,0,0,0,1,1,1,0,0,0,0,1,1,2,0,0,0,0,1,0
956,0,1,0,2,0,0,1,0,0,2,0,0,1,1,1,0,0,0,0,0,0
957,0,0,0,1,0,0,0,0,0,0,0,0,0,1,0,0,0,0,0,0,0
958,1,2,0,1,1,0,0,0,0,0,1,0,0,0,2,1,1,1,0,1,0
959,2,1,0,0,0,2,0,1,0,0,0,0,1,1,0,1,0,0,0,0,0
960,2,0,0,0,0,2,0,1,0,1,0,0,0,0,0,0,1,2,0,1,0
961,1,0,0,0,0,2,0,1,0,0,0,0,1,0,0,0,0,0,1,0,0
962,1,0,0,0,0,1,1,0,0,0,0,0,0,1,1,0,1,1,0,0,0
963,0,1,0,0,0,1,0,0,0,0,0,0,0,0,1,0,0,0,0,1,0
964,0,0,0,0,1,2,0,0,1,0,1,1,1,1,1,0,2,1,0,1,0
965,1,0,0,1,0,0,0,0,0,0,0,0,1,1,1,0,0,0,1,0,0
966,0,0,0,0,0,1,0,1,0,0,0,0,1,1,1,1,0,0,1,1,0
967,0,1,0,1,1,1,0,0,0,1,1,0,1,1,2,0,0,0,1,0,0
968,1,1,0,1,0,0,0,1,1,0,0,0,2,0,1,0,0,0,1,0,0
969,0,0,0,0,0,0,0,1,0,1,0,0,2,1,1,0,1,1,1,1,0
970,0,0,0,1,1,0,0,0,0,0,0,0,1,0,0,0,0,0,0,0,0
971,1,1,0,1,0,1,0,1,0,0,0,0,1,2,0,0,1,1,0,0,0
972,0,0,0,2,0,1,0,1,0,0,0,0,2,1,1,1,1,1,0,0,0
973,2,0,0,1,0,0,0,0,0,0,0,0,0,1,1,0,0,0,1,1,0
974,2,0,0,1,0,1,0,1,1,0,0,0,0,0,0,0,0,0,0,0,0
975,1,0,0,1,0,1,0,1,0,0,0,0,0,0,0,0,0,0,1,1,0
976,2,0,0,1,0,0,0,1,0,0,0,0,2,1,0,0,0,0,1,1,0
977,2,0,0,0,0,0,1,0,1,0,1,0,0,1,1,0,0,0,0,1,0
978,1,1,0,1,0,0,0,0,0,0,0,0,1,0,2,0,0,0,0,0,0
979,1,1,0,2,1,0,0,0,0,0,0,0,0,1,1,1,0,0,0,0,0
980,1,0,0,1,0,0,0,1,0,0,0,1,0,0,2,0,0,0,2,0,0
981,1,1,0,1,1,0,0,0,0,0,1,0,1,0,2,1,0,0,1,0,0
982,1,0,0,2,0,2,0,1,0,0,0,0,0,1,1,0,0,0,0,1,0
983,0,1,0,0,0,1,0,0,1,1,0,0,0,1,2,0,1,1,0,0,0
984,2,0,0,2,0,0,0,1,0,0,0,0,2,0,0,0,0,0,0,0,0
985,1,0,0,1,0,1,0,0,0,0,0,0,1,0,1,1,0,0,0,0,0
986,1,0,0,2,0,0,0,0,1,0,0,0,0,1,0,1,1,1,1,0,0
987,0,0,0,1,0,0,0,1,0,0,0,0,0,0,2,0,1,1,0,0,0
988,0,0,0,1,0,1,0,1,0,0,1,0,0,0,0,0,0,0,0,0,0
989,0,0,0,1,0,0,0,1,0,0,0,0,1,2,0,0,1,1,0,0,0
990,1,0,0,0,0,0,0,0,1,0,0,0,2,0,1,1,1,1,0,0,0
991,1,1,0,1,0,0,0,1,1,0,0,0,0,1,1,0,0,0,0,0,0
992,1,1,0,1,0,0,0,1,0,0,1,0,0,1,0,1,1,1,0,0,0
993,0,0,0,1,0,1,0,1,0,0,0,0,1,1,1,0,0,0,0,1,0
994,0,0,0,1,0,1,0,0,1,0,0,0,1,0,0,1,0,0,0,0,0
995,1,0,0,1,0,1,0,1,0,0,0,0,2,0,2,1,0,0,0,2,0
996,1,1,0,1,0,1,0,0,0,0,1,0,0,0,0,0,0,0,0,1,0
997,2,0,0,0,0,0,0,1,0,0,1,0,0,1,0,0,1,1,2,0,0
998,1,0,0,1,0,0,1,0,0,0,0,0,0,0,2,0,0,0,0,0,0
999,0,0,0,0,1,1,0,0,0,0,1,0,1,1,1,0,1,2,0,1,0
1000,2,0,0,1,0,0,0,0,0,0,0,0,0,0,0,0,0,0,1,0,0
1001,0,1,0,2,0,0,0,2,0,0,0,0,0,1,1,1,0,0,0,1,0
1002,1,0,0,1,0,0,0,1,0,0,1,0,1,1,2,1,1,1,1,1,0
1003,0,0,0,1,0,1,0,1,0,0,1,0,0,0,1,0,0,0,1,0,0
1004,1,0,0,1,1,1,1,1,1,0,0,0,1,2,1,0,0,0,1,0,0
1005,2,0,0,0,0,2,0,1,0,0,0,0,0,1,1,0,0,0,0,1,0
1006,0,2,0,2,0,2,0,0,0,0,0,0,0,1,1,0,0,0,0,0,0
1007,2,1,0,2,0,0,0,0,0,1,0,0,0,1,0,0,0,0,1,1,0
1008,2,1,0,0,0,0,0,0,0,0,0,0,1,0,1,0,0,0,0,1,0
1009,0,0,0,1,0,1,1,0,1,0,0,0,1,0,0,0,1,1,0,1,0
1010,1,0,1,1,0,1,0,1,0,1,0,0,1,1,1,1,1,2,1,0,0
1011,1,1,0,1,0,1,1,1,0,1,0,1,0,2,1,0,0,0,0,0,0
1012,1,0,0,1,0,1,1,1,0,0,0,0,1,1,2,0,1,1,2,0,0
1013,0,0,0,1,0,1,0,0,1,1,0,0,1,0,0,0,0,0,1,0,0
1014,0,1,0,1,0,1,0,1,2,0,1,1,0,1,1,0,1,1,1,1,0
1015,0,0,0,2,0,2,0,1,0,1,0,0,1,1,2,0,0,0,0,1,0
1016,1,0,0,0,0,2,0,0,0,0,1,0,0,0,0,0,0,0,0,0,0
1017,2,0,0,1,0,0,0,0,0,0,1,0,1,0,0,0,1,1,1,0,0
1018,0,1,0,1,0,1,0,2,0,0,0,1,0,1,0,1,0,0,0,1,0
1019,0,0,0,0,0,1,0,0,0,0,1,1,1,1,2,0,0,0,1,2,0
1020,0,0,0,0,0,0,0,1,0,0,0,0,0,2,0,1,1,1,0,0,0
1021,2,0,0,1,0,0,0,0,1,0,0,0,2,1,1,1,0,0,1,0,0
1022,1,0,0,1,0,0,0,1,0,0,0,0,0,1,0,0,0,0,2,1,0
1023,1,1,0,0,0,0,0,1,0,0,0,0,1,1,0,0,0,0,0,1,0
1024,0,0,0,1,0,1,1,1,0,1,0,0,0,1,2,1,1,1,1,1,0
1025,1,2,0,0,0,1,0,1,0,0,0,0,0,0,1,0,1,1,1,0,0
1026,1,1,0,2,0,1,0,0,1,0,0,0,1,2,1,0,1,1,0,2,0
1027,1,1,0,2,1,0,0,0,0,0,0,0,1,0,1,0,1,1,1,0,0
1028,0,0,0,1,0,0,0,0,0,0,0,0,0,0,1,1,0,0,0,0,0
1029,0,0,0,2,0,1,1,0,0,0,0,0,0,1,2,0,1,1,0,0,0
1030,0,0,0,0,0,0,0,1,0,0,0,0,0,1,0,0,0,0,0,0,0
1031,1,0,0,2,0,1,0,1,2,0,0,0,0,0,0,0,1,1,1,0,0
1032,0,0,0,0,0,1,0,0,0,0,0,0,0,0,1,0,0,0,0,0,0
1033,0,0,0,0,2,0,0,0,0,0,0,1,0,0,0,0,1,1,1,0,0
1034,1,0,0,1,0,0,0,1,0,0,0,0,1,1,2,0,1,1,0,0,0
1035,1,1,0,0,0,0,0,0,0,0,0,0,0,0,0,1,0,0,0,0,0
1036,2,1,0,0,0,1,0,1,1,0,0,0,1,0,0,1,1,2,0,0,0
1037,2,0,0,1,0,0,0,1,0,1,0,0,0,1,0,1,0,0,1,0,0
1038,1,0,0,1,0,1,1,0,0,0,0,1,2,0,0,0,0,0,0,2,0
1039,0,0,0,0,1,0,0,0,0,0,1,0,1,0,0,1,1,1,1,0,0
1040,1,0,0,1,1,2,0,1,2,0,1,0,0,1,2,1,2,2,1,0,0
1041,1,1,0,2,0,1,0,1,0,0,1,0,0,1,2,0,0,0,1,1,0
1042,2,0,0,0,0,0,0,0,0,0,0,0,1,0,0,0,0,0,0,1,0
1043,0,0,0,1,0,0,0,1,0,0,1,0,0,1,0,1,0,0,0,1,0
1044,1,2,0,0,0,1,0,1,1,0,0,0,1,0,0,0,0,0,1,1,0
1045,1,0,0,1,0,0,0,1,0,1,0,0,1,0,1,1,1,1,0,1,0
1046,0,0,1,0,0,0,0,0,0,0,1,0,0,0,0,1,0,0,0,1,0
1047,0,0,0,1,0,1,0,1,0,0,0,0,1,0,1,0,0,0,0,1,0
1048,1,1,0,1,0,0,0,1,0,0,0,0,1,0,2,0,0,0,0,1,0
1049,0,0,0,1,0,0,1,0,0,0,2,0,1,1,1,0,0,0,1,0,0
1050,0,0,0,1,0,0,1,1,0,0,0,0,1,0,0,0,0,0,0,0,0
1051,1,0,0,1,0,0,0,1,1,0,0,0,0,0,1,1,0,0,0,2,0
1052,2,2,0,0,1,1,0,1,0,0,0,0,0,1,2,0,0,0,0,0,0
1053,1,0,0,1,0,0,0,0,0,0,0,0,1,0,1,0,1,1,0,0,0
1054,1,0,0,2,0,0,0,0,0,0,0,0,0,0,1,0,0,0,0,0,0
1055,1,1,0,1,0,0,0,0,0,0,0,0,0,1,1,1,0,0,0,0,0
1056,0,0,0,2,0,0,0,2,1,1,0,0,0,1,1,0,0,0,1,1,0
1057,1,0,0,1,0,0,0,0,0,1,0,0,0,2,2,0,1,1,0,1,0
1058,0,0,0,0,0,0,0,0,0,0,0,0,0,0,2,0,0,0,0,0,0
1059,0,0,0,0,0,0,0,0,0,0,1,0,1,0,0,1,0,0,0,0,0
1060,1,0,0,0,0,1,0,0,1,0,0,0,1,1,1,1,1,1,1,0,0
1061,0,0,0,1,0,0,1,1,0,1,1,0,0,2,2,2,1,1,1,0,0
1062,0,0,0,1,0,0,0,0,0,0,0,0,0,0,0,1,0,0,0,0,0
1063,1,0,0,0,0,0,0,1,0,0,1,0,2,1,2,1,1,1,0,0,0
1064,0,0,0,0,0,1,0,0,1,1,1,0,0,0,0,0,0,0,0,1,0
1065,0,0,0,2,1,1,0,1,0,0,0,0,2,1,0,0,0,0,0,0,0
1066,0,0,0,2,0,0,0,1,1,0,1,0,1,0,1,0,0,0,1,0,0
1067,0,0,0,2,1,1,0,1,0,0,0,0,0,0,1,2,1,1,0,0,0
1068,1,1,0,0,0,1,0,0,0,1,0,0,0,0,0,1,0,0,0,1,0
1069,0,1,0,1,0,1,1,2,0,0,0,0,1,1,0,0,1,1,0,0,0
1070,1,1,0,1,0,2,0,0,1,0,0,0,1,1,0,1,0,0,0,1,0
1071,1,1,0,2,1,2,1,1,0,1,0,0,1,0,1,1,0,0,0,0,0
1072,0,1,0,0,0,0,1,0,0,0,1,0,0,1,2,1,1,1,0,0,0
1073,0,0,0,1,0,0,0,0,2,0,1,0,0,0,1,1,0,0,0,0,0
1074,1,0,0,1,0,0,0,1,0,0,0,0,0,0,2,0,0,0,0,0,0
1075,0,0,0,1,1,0,0,0,1,0,0,0,0,0,0,1,0,0,1,1,0
1076,1,1,0,1,1,0,1,1,2,1,0,0,1,1,1,1,0,0,1,0,0
1077,2,0,0,1,0,0,0,0,1,0,0,0,2,0,1,1,0,0,0,0,0
1078,1,0,0,1,0,0,0,0,0,0,0,0,2,1,2,1,1,2,0,0,0
1079,1,0,0,1,0,0,1,0,0,1,0,0,0,1,2,0,1,1,0,0,0
1080,0,0,0,1,0,0,0,0,1,0,1,0,0,1,0,0,0,0,0,0,0
1081,0,0,0,1,0,0,0,0,0,0,0,0,0,0,1,0,1,1,0,1,0
1082,1,0,0,1,0,1,0,1,0,0,0,0,2,0,2,0,0,0,0,0,0
1083,0,1,0,0,0,0,0,1,0,0,0,0,1,1,1,1,0,0,1,0,0
1084,2,1,0,0,0,0,0,1,0,0,1,0,2,0,1,1,1,1,0,1,0
1085,1,0,0,0,0,0,1,1,1,0,0,0,1,0,0,0,0,0,1,1,0
1086,2,0,0,0,0,1,1,0,0,0,0,0,0,0,0,1,2,1,0,0,0
1087,0,1,0,0,0,1,0,1,0,1,0,0,1,2,0,1,1,1,0,0,0
1088,0,1,0,0,0,0,0,0,1,1,1,1,0,1,2,0,0,0,1,0,0
1089,2,0,0,0,0,0,0,2,0,0,0,0,1,1,0,0,0,0,1,0,0
1090,0,1,0,0,0,0,0,1,0,0,0,0,1,0,1,1,1,1,0,1,0
1091,2,2,0,1,0,1,0,0,1,0,0,0,0,0,1,1,0,0,0,1,0
1092,0,1,0,1,1,0,0,0,0,0,0,0,1,0,0,0,0,0,1,0,0
1093,1,0,0,1,0,0,0,0,0,0,0,0,1,1,0,1,1,1,0,1,0
1094,0,2,0,1,0,0,0,1,0,1,0,0,0,1,2,1,1,1,2,1,0
1095,0,0,0,2,0,0,0,0,1,0,0,0,1,1,1,0,0,0,0,0,0
1096,0,1,0,1,0,1,0,1,0,0,0,1,1,0,2,2,0,0,0,0,0
1097,0,1,0,0,0,0,1,1,0,0,1,0,2,0,2,1,0,0,0,0,0
1098,0,1,1,1,0,0,0,2,0,0,0,0,1,1,1,2,2,2,0,1,0
1099,1,1,0,0,0,1,0,0,0,0,0,0,1,1,1,2,0,0,0,0,0
1100,1,1,0,0,1,0,0,0,0,1,0,0,1,0,1,0,0,0,1,0,0
1101,2,0,0,1,2,0,0,0,0,0,0,0,1,1,2,0,1,1,0,0,0
1102,0,1,0,2,0,0,0,1,1,0,0,0,0,0,2,0,0,0,0,0,0
1103,2,0,0,1,0,2,0,1,0,0,1,0,0,0,1,1,0,0,0,0,0
1104,1,0,0,2,0,0,0,2,1,0,0,0,1,0,1,0,1,1,0,1,0
1105,0,0,0,2,0,0,0,0,0,0,0,0,2,2,2,0,1,1,0,0,0
1106,0,0,0,1,0,1,0,1,0,0,0,0,0,1,1,0,1,1,1,0,0
1107,0,1,0,0,0,1,1,0,0,0,0,0,0,1,0,1,0,0,1,1,0
1108,1,0,0,0,0,0,0,0,0,0,0,0,0,0,0,1,1,1,0,0,0
1109,0,0,0,2,0,1,0,0,0,0,1,0,0,1,2,1,0,0,1,0,0
1110,2,0,0,2,0,1,0,1,0,0,0,0,0,1,1,0,1,1,0,1,0
1111,2,1,0,0,0,0,1,0,0,0,1,0,0,1,2,0,1,2,0,1,0
1112,0,0,0,1,0,0,0,2,1,0,0,0,1,0,1,0,0,0,0,1,0
1113,1,0,0,1,0,0,0,1,1,0,0,0,1,1,2,2,0,0,0,1,0
1114,0,0,0,2,1,1,1,0,0,1,0,0,0,1,2,1,1,1,1,0,0
1115,0,0,0,2,0,0,0,1,0,0,0,0,2,0,1,0,0,0,0,1,0
1116,1,2,0,1,0,0,0,0,0,0,0,0,1,0,0,0,1,1,0,0,0
1117,1,0,0,1,0,0,0,2,0,0,0,0,0,0,0,1,1,1,0,0,0
1118,0,0,0,1,1,1,0,1,0,0,0,0,1,2,1,1,0,0,0,0,0
1119,0,0,0,0,0,0,0,0,1,0,0,0,1,0,0,0,0,0,0,0,0
1120,0,0,0,2,0,0,0,1,1,0,0,0,0,0,1,0,1,1,0,0,0
1121,1,0,0,1,1,0,0,1,0,0,1,0,1,0,2,1,1,1,1,0,0
1122,0,1,1,1,0,1,0,0,0,0,1,0,1,0,0,1,0,0,1,0,0
1123,1,0,0,2,0,0,0,2,0,0,1,0,1,1,2,0,0,0,0,1,0
1124,1,1,0,0,0,1,0,0,0,0,0,1,1,1,2,1,1,1,0,0,0
1125,2,1,0,1,1,0,0,0,0,0,0,0,1,0,1,1,2,1,0,1,0
1126,2,0,0,0,0,0,0,0,0,0,0,0,0,1,2,1,0,0,0,1,0
1127,0,0,0,0,1,1,1,1,0,0,0,0,1,2,1,1,0,0,1,0,0
1128,1,0,0,1,0,0,1,0,0,2,2,0,2,1,1,0,1,1,0,0,0
1129,1,0,0,1,0,2,0,0,0,0,0,0,1,0,0,0,0,0,0,1,0
1130,1,0,0,1,0,1,0,0,1,0,1,0,0,1,0,0,0,0,0,0,0
1131,0,0,0,2,0,2,1,0,0,0,0,0,1,1,2,0,0,0,0,0,0
1132,1,1,0,0,0,0,0,2,0,0,0,1,0,2,1,0,1,1,0,0,0
1133,1,0,0,1,0,0,0,0,0,0,1,0,0,0,1,0,0,0,1,1,0
1134,1,0,0,2,0,0,0,0,0,0,1,0,2,0,2,0,0,0,0,0,0
1135,0,0,0,1,0,0,0,0,1,0,0,0,1,0,0,0,0,0,0,0,0
1136,2,2,0,2,0,0,0,1,0,0,0,0,1,0,1,0,0,0,0,1,0
1137,1,0,0,2,0,1,0,0,1,0,0,0,0,2,2,0,0,0,1,0,0
1138,2,1,0,0,0,1,0,1,0,0,0,0,0,0,1,0,1,1,1,1,0
1139,1,0,0,0,0,1,0,1,0,0,1,0,1,1,0,0,0,0,0,0,0
1140,2,0,0,1,0,2,0,0,1,0,0,0,1,0,0,0,0,0,0,1,0
1141,1,1,0,0,0,0,1,1,0,0,0,0,1,0,2,0,0,0,1,0,0
1142,2,0,0,0,0,0,0,0,0,1,0,0,0,2,1,0,0,0,1,1,0
1143,1,1,0,0,1,0,0,0,1,0,0,0,1,1,1,1,0,0,0,0,0
1144,0,0,0,1,1,0,0,1,1,0,1,0,0,0,0,2,1,1,1,1,0
1145,1,0,0,2,0,0,0,0,0,0,1,0,1,2,0,0,0,0,0,0,0
1146,1,0,0,1,0,0,1,0,0,0,0,0,1,1,1,2,1,1,0,0,0
1147,2,0,0,1,0,0,0,1,0,0,1,0,2,0,0,2,1,1,1,1,0
1148,0,0,0,2,1,0,0,0,0,0,0,0,0,1,1,1,0,0,0,0,0
1149,1,0,0,1,0,0,0,0,0,0,0,1,2,1,1,0,0,0,0,1,0
1150,2,1,0,1,0,1,0,0,0,0,0,0,1,0,2,1,0,0,1,0,0
1151,0,0,0,1,1,0,1,1,0,0,0,1,2,2,2,0,0,0,1,1,0
1152,0,1,0,1,1,1,0,0,0,0,0,0,0,1,0,0,0,0,0,0,0
1153,1,0,0,2,0,1,0,0,0,0,1,0,0,1,0,0,0,0,1,1,0
1154,1,1,0,0,1,1,0,2,0,0,0,0,1,1,1,0,0,0,0,0,0
1155,0,0,0,1,0,0,0,0,0,0,0,0,2,1,2,0,1,1,0,0,0
1156,1,2,0,0,0,1,0,1,0,0,0,0,1,0,1,1,1,2,1,1,0
1157,1,1,0,1,1,1,0,0,0,1,0,0,1,2,1,0,0,0,1,1,0
1158,1,0,0,1,0,0,0,2,1,0,0,0,2,0,2,0,0,0,1,0,0
1159,1,0,0,2,0,1,0,0,0,0,1,0,1,0,2,1,1,1,1,1,0
1160,1,0,0,2,0,0,0,1,0,0,0,0,1,0,0,0,1,1,1,0,0
1161,0,0,0,0,0,1,0,1,0,0,0,0,0,0,0,1,0,0,2,0,0
1162,0,0,0,2,1,1,0,1,0,0,0,0,1,0,2,0,1,2,1,0,0
1163,0,1,0,0,0,0,0,2,1,0,1,0,1,0,1,0,1,1,0,1,0
1164,2,0,0,1,1,0,0,0,1,1,0,0,0,2,0,0,0,0,0,0,0
1165,0,1,0,2,0,0,0,0,1,0,0,0,1,1,1,1,0,0,0,0,0
1166,2,0,0,1,0,0,0,0,0,0,0,1,0,0,0,0,0,0,0,0,0
1167,1,0,0,1,0,2,0,0,1,1,0,0,1,1,0,1,1,1,0,0,0
1168,2,0,0,1,1,0,0,1,0,0,0,0,0,0,1,0,1,1,0,1,0
1169,1,0,0,2,0,2,0,1,0,1,0,0,0,0,2,0,0,0,1,0,0
1170,0,0,0,1,0,0,1,1,0,0,1,1,1,0,0,0,0,0,0,0,0
1171,0,1,0,1,0,0,0,0,0,0,0,1,0,0,0,0,0,0,0,0,0
1172,0,1,0,0,0,0,0,1,0,0,0,0,0,1,1,0,1,1,0,1,0
1173,0,1,0,1,0,0,0,1,0,0,0,0,2,0,1,1,1,1,0,0,0
1174,0,0,0,1,1,1,0,0,0,0,1,0,1,0,1,0,2,0,0,0,0
1175,1,0,0,1,0,1,0,0,0,0,0,0,0,0,2,1,0,0,0,0,0
1176,2,0,0,1,0,0,0,1,1,0,0,0,2,0,0,1,0,0,0,1,0
1177,1,1,1,0,0,1,0,0,0,0,0,0,1,0,2,0,0,0,1,1,0
1178,0,0,0,1,0,1,1,0,0,0,0,1,1,1,1,0,1,1,1,0,0
1179,2,0,0,1,0,0,0,0,0,0,0,0,0,0,0,0,0,0,0,1,0
1180,1,0,0,2,0,0,0,1,0,0,0,2,1,2,1,0,0,0,0,0,0
1181,1,1,0,0,0,0,0,1,0,0,0,0,1,1,2,0,0,0,1,0,0
1182,0,0,0,1,0,0,1,1,0,0,0,0,0,1,1,1,0,0,0,0,0
1183,1,1,0,0,0,0,0,0,0,0,1,0,0,1,1,1,0,0,2,0,0
1184,0,0,0,0,0,1,0,2,0,1,0,0,0,1,1,2,0,0,0,0,0
1185,1,1,0,1,1,1,0,2,0,1,0,0,1,1,1,1,0,0,0,0,0
1186,1,0,0,1,0,1,0,1,0,0,0,1,0,1,1,0,1,2,0,1,0
1187,0,1,0,1,0,1,0,2,0,0,0,0,1,1,2,0,0,0,0,0,0
1188,0,0,0,1,0,0,0,1,0,0,1,0,0,2,1,0,1,1,1,0,0
1189,0,1,0,1,0,1,0,0,2,0,0,0,2,1,1,1,0,0,0,0,0
1190,1,0,0,1,0,0,0,0,0,0,0,0,0,0,0,1,0,0,1,0,0
1191,0,1,0,2,0,0,0,1,0,0,0,0,0,0,0,0,0,0,1,1,0
1192,1,0,0,1,0,1,0,0,1,0,0,1,2,2,0,0,0,0,0,0,0
1193,0,0,0,0,0,2,0,0,0,0,0,1,1,1,1,0,0,0,0,0,0
1194,0,0,0,1,0,0,0,0,1,0,0,0,1,0,0,1,1,1,2,0,0
1195,1,1,0,1,0,0,0,1,0,0,0,0,1,1,0,0,0,0,1,0,0
1196,1,0,0,0,0,0,0,1,0,0,0,0,1,1,0,2,0,0,0,0,0
1197,1,0,0,1,0,0,0,0,0,0,0,0,1,2,2,0,0,0,0,1,0
1198,1,0,0,1,0,2,0,1,0,0,0,0,1,0,1,1,0,0,0,0,0
1199,1,0,0,2,0,1,0,0,0,0,0,0,0,1,1,0,0,0,0,0,0
1200,0,0,0,1,0,1,0,2,0,0,1,0,1,1,0,1,0,1,2,0,0
1201,2,0,0,0,0,0,1,0,0,0,0,0,2,0,0,1,0,2,0,0,0
1202,0,1,0,2,0,1,1,1,1,0,0,0,1,1,1,2,0,0,0,0,0
1203,1,0,0,1,0,0,0,0,0,0,0,0,1,2,0,0,1,0,1,2,0
1204,0,0,0,1,1,0,0,0,0,0,0,0,0,1,0,2,1,0,0,0,0
1205,1,0,0,1,1,1,0,1,0,0,1,0,1,1,2,0,0,0,0,0,0
1206,0,1,0,2,0,0,0,0,0,0,0,0,0,0,0,0,0,1,0,0,0
1207,2,0,0,0,0,1,0,1,0,0,0,0,0,1,2,1,0,0,0,0,0
1208,1,0,0,0,1,0,0,0,0,0,0,0,0,0,2,1,0,0,0,0,0
1209,0,0,0,1,0,2,0,1,0,1,0,0,0,1,1,1,2,0,0,0,0
1210,1,0,0,0,0,0,1,0,0,1,0,0,0,0,0,0,0,0,0,0,0
1211,1,2,0,1,0,0,0,0,0,0,0,0,1,1,2,1,1,0,0,0,0
1212,1,0,0,1,0,0,0,1,1,0,0,1,1,1,1,0,1,1,0,0,0
1213,2,1,0,1,0,1,0,0,0,0,0,0,1,0,0,0,1,1,1,1,0
1214,0,1,0,1,0,0,0,0,1,0,1,0,0,0,0,1,0,0,1,1,0
1215,2,0,0,1,0,0,0,0,0,0,2,0,1,0,1,0,1,1,0,0,0
1216,0,0,0,1,0,0,0,2,1,0,1,0,0,1,1,1,0,0,0,2,0
1217,0,1,1,0,0,0,0,1,0,0,1,0,1,0,1,0,2,0,1,1,0
1218,0,0,0,0,1,1,0,0,0,0,1,0,1,0,1,0,0,0,0,0,0
1219,1,1,0,1,1,1,0,0,0,0,0,0,2,2,1,0,0,0,0,0,0
1220,1,1,0,1,0,1,0,0,0,0,0,1,0,1,0,1,1,0,0,0,0
1221,2,1,0,0,1,0,0,0,0,0,0,0,1,0,1,1,1,0,2,0,0
1222,0,0,0,0,0,0,0,0,0,0,1,0,2,2,0,1,1,2,0,0,0
1223,1,0,0,1,0,1,0,0,0,0,0,0,0,0,1,2,0,0,0,0,0
1224,0,2,0,2,0,1,0,0,0,1,0,0,1,0,1,1,0,0,0,0,0
1225,1,0,0,1,0,2,0,0,1,0,0,0,1,1,2,0,0,0,0,0,0
1226,2,0,0,0,0,1,0,1,1,0,1,0,1,1,0,0,0,0,1,1,0
1227,0,1,0,0,0,1,0,1,0,0,1,0,0,0,1,0,1,0,0,0,0
1228,1,0,0,0,0,1,0,1,0,0,1,0,0,0,2,1,1,1,0,0,0
1229,1,0,0,1,0,1,0,1,0,1,0,1,0,0,1,0,0,0,1,1,0
1230,0,1,0,2,0,1,0,0,0,0,0,0,1,2,1,0,0,0,0,0,0
1231,1,0,0,2,0,0,0,0,0,0,0,0,0,0,2,0,0,0,0,0,0
1232,0,0,0,0,0,2,0,2,0,0,0,0,0,1,1,0,2,0,0,0,0
1233,0,0,0,2,1,1,0,0,1,0,0,0,1,0,2,0,0,0,1,1,0
1234,1,0,0,1,0,1,0,0,1,1,0,0,0,2,0,0,1,1,0,0,0
1235,1,1,0,1,0,0,0,1,0,1,0,0,0,0,0,0,0,0,1,1,0
1236,1,0,0,1,0,0,1,1,0,0,1,0,0,1,0,1,0,1,0,0,0
1237,1,1,0,1,0,0,0,0,0,0,0,0,0,0,1,0,0,1,1,1,0
1238,0,0,0,2,0,0,0,2,1,0,1,1,0,1,2,2,2,0,1,1,0
1239,0,0,0,1,0,0,0,0,0,0,0,0,0,1,1,1,0,1,0,0,0
1240,2,0,0,2,0,0,0,1,0,0,0,0,1,1,1,0,1,1,0,0,0
1241,0,0,0,1,0,0,0,0,0,0,0,0,1,1,1,0,0,0,0,0,0
1242,1,0,0,2,0,1,0,1,0,0,1,0,2,0,0,0,1,1,1,1,0
1243,1,0,0,2,0,0,0,1,2,0,0,0,1,0,2,0,0,0,1,1,0
1244,2,0,0,1,0,1,0,2,0,0,0,0,1,0,0,1,0,0,1,1,0
1245,0,1,0,1,0,0,0,0,2,0,0,0,1,1,1,0,1,0,1,1,0
1246,0,0,0,1,0,1,0,0,0,0,0,0,1,0,0,1,0,1,1,1,0
1247,0,1,0,2,0,1,2,0,0,0,0,0,1,1,0,1,0,0,1,1,0
1248,1,0,0,2,0,0,0,1,0,0,0,0,0,0,1,1,0,0,0,0,0
1249,1,1,0,0,0,2,0,0,0,0,1,0,0,0,1,1,0,0,0,0,0
1250,0,0,0,0,0,0,0,0,0,0,1,0,1,0,0,1,1,1,0,0,0
1251,2,1,0,1,0,1,0,1,0,0,0,0,0,0,1,0,0,1,0,0,0
1252,0,0,0,0,0,0,0,0,0,1,0,0,1,0,2,0,0,0,0,0,0
1253,1,0,0,0,0,0,0,1,0,0,0,0,0,0,0,1,0,1,0,0,0
1254,0,0,0,0,0,0,0,2,0,0,1,0,1,1,1,0,0,1,0,0,0
1255,2,0,0,2,1,0,0,1,1,0,0,0,0,1,1,1,1,1,1,1,0
1256,0,2,0,1,0,1,0,1,2,0,1,0,2,0,1,1,1,1,2,1,0
1257,0,0,0,2,0,0,1,1,1,0,0,0,1,1,2,0,0,1,1,1,0
1258,0,1,0,1,0,0,0,1,1,0,0,1,2,1,2,0,0,0,1,1,0
1259,1,0,0,1,0,0,1,1,0,1,1,0,0,0,1,0,0,1,1,1,0
1260,0,0,1,1,1,0,0,1,0,0,0,0,0,1,1,2,1,1,0,0,0
1261,1,0,0,2,1,0,0,1,0,0,1,0,1,0,1,1,0,1,0,0,0
1262,1,0,0,0,0,0,0,1,0,0,0,1,0,1,0,0,1,2,0,0,0
1263,1,0,0,2,0,1,1,2,1,1,0,0,0,1,1,1,0,0,1,1,0
1264,0,0,0,1,0,0,0,1,1,1,1,0,0,1,0,2,0,0,1,1,0
1265,1,0,0,1,0,1,0,2,0,0,0,0,1,0,1,0,1,0,0,0,0
1266,1,0,0,2,0,0,0,0,0,0,0,1,1,1,2,2,0,0,1,1,0
1267,2,1,0,2,1,1,0,1,1,0,0,0,0,1,1,1,1,0,0,0,0
1268,0,2,1,2,0,1,0,1,0,0,0,0,1,1,2,1,0,0,0,0,0
1269,1,1,0,0,1,0,0,0,0,0,0,0,1,1,1,1,0,0,1,1,0
1270,2,1,0,1,0,1,0,2,0,1,0,0,1,1,2,0,0,0,1,1,0
1271,1,2,0,0,0,0,0,1,1,1,1,0,2,1,1,1,1,0,1,2,0
1272,0,1,0,0,0,0,1,1,1,0,0,0,0,1,0,1,0,0,0,2,0
1273,1,1,0,2,0,1,0,0,0,0,0,0,0,2,1,0,1,1,0,0,0
1274,1,0,0,1,0,0,0,1,1,0,0,0,1,0,1,0,1,0,0,0,0
1275,1,1,0,0,0,2,0,1,0,0,0,0,1,0,0,0,0,0,0,0,0
1276,1,0,0,2,1,0,0,0,0,1,0,0,0,0,1,1,0,1,0,0,0
1277,1,1,0,2,0,0,1,1,0,0,0,0,0,1,1,1,0,0,0,0,0
1278,0,0,0,1,0,1,0,1,0,0,0,0,0,1,0,1,0,1,0,0,0
1279,1,0,0,0,2,1,0,1,0,0,0,0,2,0,0,0,0,1,1,1,0
1280,0,1,0,1,1,0,0,1,1,0,0,0,0,1,0,2,1,0,0,0,0
1281,1,0,0,1,0,1,0,1,0,0,1,0,0,0,0,1,0,0,0,0,0
1282,0,0,0,1,2,0,0,0,0,0,0,0,0,1,0,0,0,0,0,0,0
1283,0,1,0,0,0,2,0,1,0,0,0,0,1,0,1,0,1,0,0,0,0
1284,0,0,0,0,0,0,0,1,0,0,1,0,0,0,1,0,1,0,0,0,0
1285,1,0,0,0,0,1,0,1,0,0,1,0,0,2,1,0,0,0,0,0,0
1286,1,1,0,2,1,0,0,1,1,0,0,0,1,0,1,1,1,0,1,1,0
1287,1,0,0,1,0,0,0,2,0,0,0,0,0,0,2,1,1,0,0,0,0
1288,0,0,0,2,1,0,0,1,0,0,0,0,1,0,0,0,0,1,1,1,0
1289,1,1,0,1,0,1,0,0,0,0,1,0,1,1,1,1,1,0,0,0,0
1290,0,0,0,1,0,1,0,1,0,0,0,0,0,0,0,1,0,0,1,1,0
1291,0,1,0,0,0,1,1,2,0,0,0,0,0,1,2,0,0,2,1,1,0
1292,1,1,0,2,0,0,0,1,0,0,0,0,1,1,0,0,0,0,0,0,0
1293,0,0,0,1,0,0,0,0,0,0,1,0,0,1,1,0,1,0,0,0,0
1294,2,1,0,2,0,0,0,0,0,1,0,0,0,1,1,0,0,1,0,0,0
1295,1,0,0,1,0,0,1,1,0,0,1,0,0,1,1,0,0,0,0,0,0
1296,0,1,0,0,0,0,1,2,0,0,2,0,0,0,0,1,0,1,1,1,0
1297,0,0,0,1,1,0,1,1,0,0,0,0,1,0,1,1,1,0,1,1,0
1298,0,0,0,1,0,1,0,1,2,0,0,0,0,1,2,0,1,0,0,0,0
1299,2,0,0,1,0,2,0,0,1,0,1,1,2,2,0,0,1,0,0,0,0
1300,1,1,0,1,0,1,0,2,0,0,0,0,1,0,0,0,0,1,0,0,0
1301,1,0,0,0,0,0,0,2,0,0,0,1,1,0,1,0,0,1,1,1,0
1302,0,0,0,1,0,1,0,0,1,0,0,0,1,0,1,0,0,0,0,0,0
1303,2,1,0,1,1,0,0,0,0,0,0,0,0,0,1,0,0,1,0,0,0
1304,1,0,0,1,0,0,1,2,1,0,0,0,1,1,0,0,0,0,0,0,0
1305,1,0,0,1,0,1,0,2,1,0,0,0,0,0,2,0,0,0,0,0,0
1306,0,0,0,0,0,1,0,1,0,0,0,0,0,1,0,0,0,0,1,1,0
1307,0,1,0,1,0,0,0,0,0,0,0,0,0,0,1,1,0,1,1,1,0
1308,1,0,0,0,0,0,0,1,1,0,0,0,2,1,0,1,0,0,0,0,0
1309,0,0,0,2,0,1,0,0,0,0,1,0,0,0,2,1,0,0,0,0,0
1310,1,1,0,1,0,1,0,1,1,0,0,1,0,2,0,0,0,0,1,1,0
1311,1,1,0,1,1,0,0,1,0,0,0,0,0,0,0,1,0,0,0,0,0
1312,1,0,0,2,0,1,0,1,0,0,0,0,1,1,0,0,0,0,1,1,0
1313,2,0,0,1,1,0,0,1,1,0,0,0,1,1,1,1,0,0,0,0,0
1314,2,1,0,1,0,1,0,0,0,1,0,0,2,0,2,0,0,0,0,0,0
1315,1,0,0,2,0,0,0,0,0,0,0,0,0,1,1,0,0,2,0,0,0
1316,1,0,0,1,0,0,1,0,0,0,0,0,1,0,1,0,1,1,0,0,0
1317,0,0,0,2,1,0,0,0,0,0,0,1,1,1,0,0,0,1,1,1,0
1318,0,2,0,0,2,0,0,0,0,0,0,0,1,0,2,1,0,0,0,0,0
1319,2,0,0,1,0,0,1,0,1,1,1,0,0,0,1,1,0,0,0,0,0
1320,1,1,0,2,0,0,0,1,0,0,0,0,0,0,1,0,1,0,0,0,0
1321,1,0,0,1,0,1,0,0,2,1,1,0,2,2,2,1,0,0,0,0,0
1322,1,0,0,2,0,0,0,1,1,0,1,0,1,2,2,1,0,1,1,1,0
1323,1,1,0,1,0,0,0,0,1,1,0,0,2,0,0,0,0,1,1,1,0
1324,1,1,0,2,0,1,0,0,1,0,0,0,1,1,1,0,0,0,0,0,0
1325,1,1,0,1,0,0,0,1,0,0,0,1,2,0,0,2,1,0,1,1,0
1326,0,0,0,1,0,0,0,0,2,0,1,0,0,0,0,1,0,2,1,1,0
1327,0,1,0,1,0,2,0,1,1,0,2,0,1,2,0,1,0,1,2,1,0
1328,0,0,0,1,1,1,0,0,0,0,1,0,1,0,0,1,0,0,0,0,0
1329,0,0,1,1,0,0,0,0,1,0,0,0,0,1,1,0,0,0,0,0,0
1330,1,1,0,0,0,0,0,1,0,0,0,0,1,1,0,0,1,1,1,1,0
1331,1,0,0,1,0,0,0,0,0,1,0,0,0,0,0,0,0,0,1,1,0
1332,1,0,0,2,0,0,0,1,0,0,0,0,0,0,1,1,0,0,0,0,0
1333,1,1,0,2,0,1,0,0,1,1,0,0,0,0,1,0,1,0,1,1,0
1334,0,0,0,2,0,0,1,0,0,0,0,0,0,0,1,0,0,0,0,0,0
1335,2,1,0,2,0,0,1,0,0,0,0,1,1,2,2,0,0,0,0,0,0
1336,0,0,0,1,1,0,0,0,0,1,0,0,1,0,1,0,0,0,0,0,0
1337,1,0,0,0,0,1,0,1,0,0,0,0,0,0,1,0,0,0,0,0,0
1338,1,0,0,2,0,1,0,1,0,0,0,0,0,1,0,0,0,1,0,0,0
1339,0,0,0,1,0,0,0,0,0,0,0,1,2,1,1,0,0,0,0,0,0
1340,0,1,0,0,0,1,0,0,0,0,1,0,0,0,1,1,0,1,0,0,0
1341,0,0,0,0,0,0,0,1,0,0,1,0,0,0,2,1,0,0,1,1,0
1342,0,0,0,1,0,2,1,0,0,0,0,0,1,1,0,1,0,0,1,1,0
1343,1,0,0,2,0,0,0,1,0,0,0,0,0,1,2,0,0,0,0,0,0
1344,0,0,0,0,0,0,0,2,0,0,0,0,2,0,1,1,1,1,1,1,0
1345,1,0,0,0,1,1,0,1,0,0,2,0,1,1,2,1,1,0,0,0,0
1346,0,1,0,1,0,0,0,0,0,0,2,0,1,0,0,0,0,0,0,0,0
1347,1,1,0,1,0,0,0,1,0,0,0,0,1,1,2,0,0,0,0,0,0
1348,1,1,0,1,0,0,0,1,0,0,0,0,1,0,1,0,0,1,1,1,0
1349,0,1,0,2,0,1,0,1,0,0,0,0,1,0,1,0,1,1,0,0,0
1350,1,0,0,0,0,1,0,0,1,0,0,0,2,1,0,1,0,0,0,0,0
1351,1,1,0,1,0,0,0,0,0,1,0,0,1,1,1,1,0,0,0,0,0
1352,0,0,0,1,0,1,0,0,1,0,0,0,0,1,0,1,0,0,0,0,0
1353,1,0,0,0,0,1,0,2,0,0,0,0,2,1,0,0,1,0,1,1,0
1354,0,0,0,0,0,0,0,1,1,0,0,0,1,0,1,0,1,0,0,0,0
1355,0,1,0,2,0,0,1,0,0,0,0,0,2,1,2,1,1,0,0,0,0
1356,1,0,0,2,0,0,0,0,0,0,1,0,1,0,0,0,0,2,1,1,0
1357,1,0,1,0,0,0,0,1,0,0,0,0,0,1,0,0,0,0,0,0,0
1358,1,1,0,2,0,0,0,1,0,0,0,0,0,1,0,0,1,0,1,1,0
1359,1,1,0,1,0,1,0,1,1,0,0,0,0,1,2,0,0,0,0,0,0
1360,1,1,0,1,0,0,0,2,0,0,0,1,2,1,1,1,1,0,0,0,0
1361,1,0,0,1,0,0,0,1,1,0,0,0,2,0,0,0,2,0,0,0,0
1362,0,0,0,0,0,1,1,1,0,1,1,0,1,0,1,0,1,0,0,0,0
1363,1,0,0,1,0,0,0,1,0,0,1,0,0,1,0,0,1,1,1,1,0
1364,1,1,0,1,0,1,0,0,0,0,1,0,2,1,0,0,1,0,1,1,0
1365,0,1,0,0,1,1,0,0,0,0,1,0,1,0,1,1,1,0,0,0,0
1366,0,1,0,0,0,1,1,1,0,0,0,0,0,0,1,0,1,0,1,1,0
1367,1,1,0,0,0,0,0,1,0,0,0,0,0,1,1,1,1,0,0,0,0
1368,1,1,0,2,0,0,0,0,0,0,0,0,1,2,0,1,0,0,0,0,0
1369,0,1,0,2,0,1,0,1,0,1,0,0,0,0,2,0,0,1,1,1,0
1370,0,1,0,1,0,0,0,1,0,0,1,0,1,0,1,0,1,0,2,1,0
1371,2,1,0,0,0,0,0,0,0,0,0,0,1,0,1,0,0,0,0,0,0
1372,0,1,0,0,0,1,0,0,0,0,0,0,1,0,2,0,0,1,0,0,0
1373,1,1,0,1,0,0,0,0,0,0,0,0,1,0,1,0,0,1,0,0,0
1374,0,1,0,1,0,1,0,0,1,0,0,0,1,1,1,0,1,0,0,0,0
1375,0,0,0,1,1,0,1,1,1,0,0,0,1,0,0,1,0,0,1,1,0
1376,1,0,0,0,0,1,0,1,0,2,0,0,0,1,1,1,1,1,0,0,0
1377,0,0,0,1,0,0,0,0,0,1,0,1,1,1,1,0,0,1,1,1,0
1378,1,1,0,2,0,1,0,1,0,0,1,0,0,0,0,1,1,0,0,0,0
1379,1,0,0,1,1,0,0,0,1,0,0,0,1,1,1,0,1,0,0,0,0
1380,1,0,0,0,1,1,0,0,0,1,0,0,2,1,1,0,0,0,0,0,0
1381,0,0,0,1,0,1,0,0,0,0,1,0,2,1,0,0,1,0,0,0,0
1382,0,0,0,1,0,0,0,0,0,0,0,0,0,1,0,0,0,0,0,0,0
1383,2,1,0,2,0,0,0,0,0,0,1,1,1,1,2,0,0,0,0,0,0
1384,0,0,0,2,0,2,0,2,0,0,1,0,0,0,2,0,0,0,0,0,0
1385,1,0,0,2,0,1,0,0,0,0,0,0,2,0,0,1,1,1,0,0,0
1386,1,1,0,1,0,0,0,1,0,0,0,0,1,0,0,0,1,0,1,1,0
1387,0,0,0,1,0,0,0,1,0,0,0,0,1,0,1,1,0,0,0,0,0
1388,0,0,0,2,0,0,1,1,0,0,0,0,2,1,0,1,0,2,0,0,0
1389,1,0,0,1,1,0,0,0,0,0,1,0,0,2,2,1,0,0,0,0,0
1390,1,0,0,1,0,0,0,1,2,1,0,0,0,1,0,1,1,1,1,1,0
1391,0,0,0,2,0,0,0,1,0,0,0,0,1,1,1,1,0,0,2,0,0
1392,1,0,0,0,0,0,0,0,2,0,0,0,1,1,1,0,0,2,1,1,0
1393,0,0,0,0,0,0,0,0,0,0,0,0,0,0,1,1,1,1,1,1,0
1394,0,0,0,1,0,0,0,0,0,0,0,0,0,0,1,0,1,0,1,1,0
1395,2,0,0,1,0,0,0,0,0,0,0,0,0,1,1,0,0,0,2,1,0
1396,1,0,0,0,0,0,0,0,0,0,0,0,1,1,1,0,1,0,2,0,0
1397,1,0,0,1,0,1,0,0,0,0,0,0,1,1,1,0,0,0,0,0,0
1398,2,0,0,0,0,0,0,2,0,0,0,1,0,0,1,1,0,0,0,0,0
1399,2,0,0,1,0,1,0,0,0,0,1,1,0,0,1,2,1,1,1,1,0
1400,2,0,0,0,1,1,0,1,0,0,1,0,1,0,1,1,1,0,0,0,0
1401,1,0,0,1,0,0,0,0,0,0,0,0,1,2,1,0,0,1,0,0,0
1402,1,0,0,1,0,0,0,1,0,0,0,0,1,0,0,1,2,0,0,0,0
1403,1,0,0,1,1,1,0,2,0,0,0,0,0,0,1,0,0,0,0,0,0
1404,1,0,0,0,1,1,0,0,0,0,0,0,1,0,2,0,0,1,1,1,0
1405,1,0,0,2,0,1,0,1,0,0,1,0,1,1,0,1,0,0,0,0,0
1406,1,0,0,0,0,1,0,1,0,1,0,0,1,0,1,0,0,0,0,0,0
1407,0,0,0,1,0,0,0,1,1,0,0,0,1,1,2,0,0,0,1,1,0
1408,1,0,0,0,0,0,0,0,1,0,0,0,1,2,1,1,1,1,0,0,0
1409,0,2,0,1,0,0,1,0,0,0,0,0,0,0,1,0,0,0,1,1,0
1410,1,2,0,1,0,1,0,1,0,0,0,0,1,1,0,1,1,0,1,1,0
1411,0,0,0,1,1,0,0,1,0,0,0,0,0,1,0,1,0,1,1,1,0
1412,1,1,0,1,1,0,1,2,0,0,0,0,1,0,1,0,1,0,1,1,0
1413,1,0,0,0,0,0,1,1,0,0,0,0,1,0,1,1,1,0,1,1,0
1414,0,1,0,1,1,1,0,1,0,1,0,0,1,0,2,0,1,1,1,1,0
1415,0,0,0,0,0,1,1,1,0,0,0,0,1,0,2,1,1,0,1,1,0
1416,2,0,0,0,0,1,0,1,0,0,2,0,2,2,1,0,0,0,0,0,0
1417,1,1,0,0,0,1,0,1,0,0,0,0,0,1,1,1,0,1,0,0,0
1418,2,0,0,2,1,2,0,2,0,1,0,0,1,1,0,1,0,0,0,0,0
1419,1,0,0,1,0,1,0,1,0,0,2,0,0,1,0,0,0,0,1,1,0
1420,1,1,0,1,0,1,0,0,0,0,0,0,1,0,1,0,0,1,0,0,0
1421,0,0,0,1,0,0,0,1,1,0,1,0,1,1,0,0,0,1,1,1,0
1422,0,1,0,2,1,0,0,1,0,0,0,0,0,2,1,0,1,0,1,1,0
1423,0,0,0,1,0,0,0,0,1,0,1,0,1,1,0,0,0,1,0,0,0
1424,0,0,0,1,0,0,0,1,0,1,0,0,1,0,1,0,0,1,1,1,0
1425,2,1,0,2,0,2,0,1,0,0,0,0,1,1,1,1,0,2,2,1,0
1426,1,1,0,0,0,0,0,0,0,0,1,0,1,1,0,0,0,0,0,0,0
1427,0,1,0,2,0,1,0,0,0,0,0,0,1,2,1,1,1,0,1,1,0
1428,1,0,0,0,1,1,0,0,0,1,0,0,2,1,1,1,0,0,0,0,0
1429,1,1,0,2,0,0,0,0,0,0,1,0,0,0,1,1,1,0,0,0,0
1430,0,0,0,0,0,0,0,0,0,0,0,0,1,0,1,2,0,1,0,0,0
1431,0,0,0,2,0,0,0,1,0,0,0,0,0,0,0,0,0,1,0,0,0
1432,1,1,0,1,0,1,0,1,1,0,0,0,2,0,2,0,0,0,0,0,0
1433,0,0,0,0,0,0,0,0,0,0,1,0,0,0,0,1,0,0,0,0,0
1434,2,2,0,1,0,1,0,1,0,0,0,0,0,1,2,0,0,0,0,0,0
1435,1,0,0,2,0,2,0,1,1,0,0,0,1,1,1,0,0,0,0,0,0
1436,1,0,0,1,0,0,1,1,0,0,2,0,1,0,1,1,0,0,1,1,0
1437,1,0,0,1,0,1,0,0,1,0,0,0,0,0,0,0,1,0,0,0,0
1438,0,0,0,2,0,2,0,1,0,0,0,0,2,0,0,1,0,0,1,2,0
1439,1,0,0,1,0,0,0,0,0,0,0,1,0,0,1,1,1,0,0,0,0
1440,0,1,0,1,0,0,0,0,0,0,0,0,0,0,0,0,0,0,1,1,0
1441,1,0,0,1,1,0,0,0,0,1,0,0,1,0,0,0,0,0,0,0,0
1442,1,1,0,1,0,1,1,0,1,0,0,0,0,0,1,1,0,0,0,0,0
1443,0,0,0,1,0,2,0,0,0,0,0,0,0,0,0,0,2,0,0,0,0
1444,0,0,0,1,0,1,0,0,1,0,1,0,0,1,0,0,0,0,0,0,0
1445,1,0,0,0,0,0,0,0,1,0,0,1,1,2,1,1,0,0,0,0,0
1446,0,0,0,2,0,0,0,0,0,0,0,0,0,0,1,0,0,1,1,1,0
1447,1,1,0,0,0,1,0,0,0,0,0,0,1,0,0,0,1,0,1,2,0
1448,1,0,0,2,1,1,0,1,0,0,0,0,1,1,0,0,1,0,0,0,0
1449,1,0,0,1,0,1,0,1,1,0,1,0,1,1,2,0,1,0,0,0,0
1450,1,0,0,1,0,0,0,0,0,0,0,0,1,0,1,0,0,0,0,0,0
1451,0,0,0,0,0,0,1,0,0,0,0,0,0,0,0,1,0,0,1,1,0
1452,2,1,0,1,0,0,0,0,0,1,0,0,1,1,0,0,1,0,0,0,0
1453,1,2,0,0,0,1,0,0,1,0,0,0,0,1,1,0,0,0,1,1,0
1454,1,0,0,2,0,2,0,0,0,0,1,0,1,0,1,2,0,0,0,0,0
1455,1,2,0,1,1,0,0,1,0,0,0,0,1,0,2,0,1,0,0,0,0
1456,0,0,0,0,0,0,0,1,1,0,0,0,0,1,1,0,1,0,1,1,0
1457,1,1,0,2,0,0,0,1,0,1,1,0,0,2,1,0,0,0,0,0,0
1458,1,1,0,1,0,0,0,0,0,0,0,0,0,0,0,1,0,1,0,0,0
1459,0,0,0,0,0,1,0,0,0,0,0,0,1,0,0,0,0,0,0,0,0
1460,0,1,0,1,0,1,0,0,0,1,0,0,1,0,1,0,0,0,0,0,0
1461,1,1,0,0,0,0,0,1,0,0,0,0,0,0,1,0,0,0,1,1,0
1462,1,0,0,0,0,0,0,1,0,0,0,0,1,1,1,0,0,0,0,0,0
1463,0,2,0,0,0,1,0,1,0,1,1,0,0,0,0,1,1,1,1,1,0
1464,0,0,0,0,0,1,0,1,1,0,0,0,0,0,0,1,0,0,1,1,0
1465,0,1,0,1,0,1,0,2,0,0,1,0,1,0,0,0,1,0,1,1,0
1466,2,0,0,0,0,0,0,1,1,0,0,0,0,0,0,1,0,0,1,1,0
1467,1,0,0,1,0,0,0,2,0,0,1,0,0,0,1,0,0,0,0,0,0
1468,0,0,0,0,0,0,0,2,0,0,1,0,1,1,1,1,0,2,0,0,0
1469,0,1,0,1,0,0,0,1,0,0,0,0,2,1,1,0,0,1,0,0,0
1470,2,0,0,1,0,1,0,1,0,0,0,0,0,0,1,0,1,0,2,1,0
1471,0,0,0,1,0,0,0,1,0,1,1,0,1,1,1,0,0,1,0,0,0
1472,1,0,0,0,0,1,0,1,1,0,0,1,0,1,1,1,1,2,0,2,0
1473,0,0,0,0,0,0,0,0,1,1,0,0,0,1,1,0,0,0,0,0,0
1474,1,0,0,1,0,0,0,0,0,0,1,1,0,1,2,1,0,0,1,1,0
1475,0,1,0,1,0,0,0,0,0,0,1,0,0,0,1,0,0,1,0,0,0
1476,1,1,0,0,0,1,0,0,0,0,0,0,1,1,1,0,0,1,0,0,0
1477,0,1,0,1,1,0,0,0,0,0,0,0,1,0,2,0,0,0,1,1,0
1478,0,0,0,1,0,0,0,0,0,0,0,0,1,1,1,0,1,0,1,1,0
1479,1,1,0,1,1,1,1,0,1,0,0,0,1,0,1,0,0,1,1,1,0
1480,0,1,0,2,1,0,0,1,1,0,1,0,0,1,1,0,0,2,0,0,0
1481,1,1,0,1,0,0,0,0,0,0,0,0,0,0,2,1,0,1,1,1,0
1482,0,0,0,0,0,0,0,0,0,0,2,0,0,0,1,0,1,1,1,1,0
1483,0,0,0,1,0,0,0,0,0,0,1,0,1,2,0,0,1,1,0,0,0
1484,2,1,1,1,0,1,0,0,0,0,0,0,2,1,0,0,0,0,0,0,0
1485,1,0,0,0,0,0,0,1,1,0,0,0,0,0,0,0,0,0,1,1,0
1486,0,1,1,1,0,0,0,0,0,0,0,0,2,0,2,0,1,1,1,1,0
1487,2,1,0,1,0,0,0,1,0,1,0,0,0,0,0,1,0,0,1,1,0
1488,1,0,0,0,0,1,0,0,0,0,0,0,1,1,1,1,0,0,1,1,0
1489,1,0,0,0,1,1,0,0,1,0,1,0,0,2,0,1,0,0,1,1,0
1490,1,0,0,0,0,1,1,0,0,0,0,0,1,1,1,0,1,0,0,0,0
1491,1,0,0,0,1,0,0,1,0,0,1,0,1,1,0,1,0,0,1,1,0
1492,1,1,0,1,0,1,0,0,0,1,0,0,0,1,1,0,0,0,0,0,0
1493,1,1,0,0,0,0,0,1,1,0,0,0,1,0,1,0,1,0,1,1,0
1494,0,0,0,2,0,1,0,1,2,0,0,0,0,1,1,1,2,1,0,0,0
1495,1,2,0,2,0,0,0,0,0,0,1,0,0,1,0,0,1,2,0,0,0
1496,2,1,0,1,0,1,0,1,0,0,0,0,0,1,0,1,0,1,0,0,0
1497,1,1,0,1,0,1,0,0,0,0,0,0,1,1,1,1,0,0,1,1,0
1498,1,1,0,1,0,0,1,1,0,1,0,0,1,0,2,0,1,0,0,0,0
1499,1,0,0,0,0,1,0,0,0,0,0,0,0,0,1,0,0,0,0,0,0
1500,0,0,0,2,1,0,0,2,1,0,0,0,1,0,0,1,1,0,2,1,0
1501,1,0,0,1,0,0,0,0,0,0,0,0,2,1,0,0,0,0,1,1,0
1502,1,1,0,2,0,1,0,0,0,0,0,0,2,1,1,1,1,0,0,0,0
1503,1,0,0,2,0,1,0,1,0,0,0,0,2,0,2,1,2,0,1,1,0
1504,1,0,0,0,0,1,0,1,0,0,0,0,1,1,2,1,0,2,0,0,0
1505,0,2,0,1,0,0,0,1,0,0,0,0,0,0,1,0,0,1,0,0,0
1506,1,0,0,1,0,2,0,0,0,1,0,0,1,0,1,0,1,0,2,1,0
1507,0,1,0,0,1,1,0,0,0,0,0,0,1,0,1,2,0,1,0,0,0
1508,2,1,0,1,0,0,0,0,0,0,0,0,1,1,1,0,0,2,1,1,0
1509,0,0,0,1,1,1,0,0,0,1,0,0,0,0,1,0,0,0,1,1,0
1510,0,0,0,2,0,1,0,0,0,0,0,0,0,1,0,1,1,0,1,1,0
1511,1,0,0,1,0,0,1,1,0,0,1,0,0,2,1,0,1,1,0,0,0
1512,1,1,0,1,0,0,0,0,0,0,0,0,0,1,0,1,0,0,1,2,0
1513,1,0,0,1,0,1,0,2,0,0,0,0,0,1,0,2,0,1,0,0,0
1514,0,0,0,1,0,1,1,0,0,0,0,0,1,0,2,1,2,2,1,1,0
1515,0,1,0,0,0,0,0,0,1,0,0,0,1,1,2,1,0,1,0,0,0
1516,0,1,0,1,0,1,0,1,0,0,0,0,0,0,1,0,0,1,0,0,0
1517,0,0,0,0,1,0,0,0,0,1,0,1,0,0,1,1,0,0,0,0,0
1518,0,0,0,0,0,2,0,0,1,0,0,0,1,0,2,0,0,0,1,1,0
1519,2,0,0,2,1,0,0,1,0,0,0,0,1,0,1,0,2,1,1,1,0
1520,1,1,0,0,0,0,0,0,0,0,0,0,1,2,1,0,1,0,0,0,0
1521,0,0,0,1,0,1,0,0,0,1,0,0,1,0,1,0,0,0,2,0,0
1522,1,1,0,1,0,0,0,0,0,0,0,0,0,1,1,0,1,0,0,0,0
1523,2,0,0,0,0,1,0,0,0,1,0,0,1,1,0,1,2,0,1,1,0
1524,1,2,0,1,0,1,0,1,0,0,0,0,1,0,1,1,1,0,0,0,0
1525,1,0,1,1,0,0,0,0,0,0,0,0,1,0,1,0,0,0,1,1,0
1526,0,0,0,2,0,1,1,2,0,0,0,0,1,0,1,1,0,1,0,0,0
1527,2,1,0,0,0,1,1,0,0,1,0,0,2,0,0,1,1,0,0,0,0
1528,1,1,0,1,0,0,0,1,0,0,0,0,1,0,0,1,0,1,1,1,0
1529,1,0,0,0,1,1,0,2,0,2,0,0,1,1,0,0,0,0,0,0,0
1530,0,0,0,0,0,0,0,2,1,0,0,0,1,2,1,0,1,0,1,1,0
1531,1,0,0,1,0,0,0,1,0,0,0,1,1,0,1,0,0,1,1,1,0
1532,2,1,0,1,1,1,0,0,0,0,0,0,0,0,0,1,0,0,0,0,0
1533,2,1,0,1,0,1,0,0,0,0,0,1,2,0,1,0,1,0,0,0,0
1534,0,0,0,1,1,0,0,1,0,0,0,0,1,0,0,0,0,1,0,0,0
1535,0,0,0,0,0,0,0,0,0,0,1,0,1,1,0,1,0,0,0,0,0
1536,0,1,0,0,0,0,0,2,0,1,1,0,0,2,1,0,0,0,0,0,0
1537,0,0,0,2,0,1,0,1,0,0,0,0,1,0,0,0,0,0,0,0,0
1538,0,0,0,1,1,1,1,1,0,0,0,0,1,0,1,0,0,1,1,1,0
1539,2,2,0,0,0,1,0,1,0,0,0,0,0,1,0,0,1,0,0,0,0
1540,1,0,0,0,0,1,0,1,0,0,1,0,0,0,0,0,0,0,0,0,0
1541,0,1,0,1,0,0,0,0,1,0,0,0,2,1,1,0,1,0,1,1,0
1542,1,1,0,1,0,1,0,0,0,0,1,0,2,1,0,0,0,1,1,1,0
1543,0,1,0,1,0,1,0,1,0,0,0,2,0,0,0,0,0,0,0,0,0
1544,0,0,0,1,0,1,1,0,0,1,0,1,1,1,2,0,0,1,0,0,0
1545,0,0,1,1,1,0,0,1,0,0,0,1,1,0,2,0,0,1,0,0,0
1546,0,1,0,1,0,0,1,1,1,0,0,0,1,0,1,1,0,0,0,0,0
1547,1,1,0,1,0,0,0,1,1,0,0,0,0,1,1,0,0,1,0,0,0
1548,1,0,0,1,0,0,0,0,0,0,1,1,1,1,1,1,1,1,0,0,0
1549,1,0,0,0,0,1,0,0,0,0,0,0,2,0,0,0,1,0,1,1,0
1550,1,0,0,2,0,0,0,0,0,0,0,0,0,1,1,1,0,1,1,1,0
1551,1,0,0,0,0,0,0,1,0,1,1,0,0,1,0,1,0,1,1,1,0
1552,2,0,0,0,1,1,0,0,1,0,0,0,0,1,1,0,0,1,0,0,0
1553,0,1,0,0,0,1,0,1,1,0,0,0,0,2,0,1,1,0,1,1,0
1554,1,0,0,0,1,1,0,1,0,0,0,0,0,1,1,1,0,0,0,0,0
1555,0,0,0,2,0,0,0,1,0,0,0,1,0,0,1,0,0,0,0,0,0
1556,1,0,0,1,0,0,0,2,1,0,0,0,0,0,1,0,2,1,1,1,0
1557,0,0,0,0,0,0,0,0,0,1,0,0,0,1,0,0,0,0,1,1,0
1558,0,0,0,1,0,2,0,1,1,0,1,0,2,1,2,0,0,0,0,2,0
1559,2,1,0,1,0,1,0,1,0,0,0,0,0,1,1,1,0,0,0,0,0
1560,2,0,0,1,0,0,0,1,1,0,1,0,0,0,1,0,1,0,1,1,0
1561,1,0,0,1,1,0,1,0,0,0,0,0,1,0,0,0,0,0,0,0,0
1562,1,0,0,1,1,0,0,0,0,0,0,0,1,0,0,0,0,0,0,0,0
1563,0,0,1,1,0,1,0,0,0,0,0,0,1,0,1,0,0,1,0,0,0
1564,2,1,0,0,0,1,0,0,0,1,0,0,1,0,0,1,1,0,0,0,0
1565,0,0,0,1,0,1,0,1,0,1,0,0,1,1,1,1,0,1,0,0,0
1566,0,0,0,2,0,0,1,1,1,1,0,0,1,1,2,0,0,0,1,1,0
1567,1,0,0,2,0,0,0,1,0,0,0,0,0,1,0,1,0,0,0,0,0
1568,2,0,0,1,1,2,1,0,0,0,0,0,1,0,1,0,1,0,0,0,0
1569,0,1,0,1,0,1,0,1,0,0,1,0,0,0,1,0,2,2,0,0,0
1570,1,0,0,0,1,1,0,0,0,0,0,0,1,1,1,0,0,0,0,0,0
1571,1,1,0,1,0,1,0,0,0,0,0,0,0,0,1,0,1,0,2,2,0
1572,0,1,0,1,0,0,0,1,0,0,0,0,2,0,1,0,0,1,1,1,0
1573,1,0,0,1,0,0,0,2,0,0,0,0,2,0,1,0,0,0,0,0,0
1574,0,0,0,1,0,0,0,1,0,0,0,0,0,1,1,0,1,1,0,0,0
1575,1,1,0,0,0,0,0,0,0,0,0,0,1,0,2,0,1,0,1,1,0
1576,0,0,0,2,0,1,0,0,0,0,0,0,0,1,1,0,0,0,0,0,0
1577,1,0,0,1,2,1,2,0,0,0,0,0,0,0,1,1,0,0,0,0,0
1578,1,1,0,2,1,0,0,0,1,1,0,0,1,1,1,1,0,1,0,0,0
1579,0,1,0,1,1,0,0,1,0,0,1,0,1,1,2,0,0,0,1,1,0
1580,0,1,0,1,0,0,0,2,1,0,0,0,0,1,1,1,0,0,1,1,0
1581,0,0,0,2,0,1,0,1,0,1,0,0,1,0,0,1,0,0,0,0,0
1582,1,0,0,1,1,1,0,1,1,2,0,0,0,2,1,0,1,0,1,1,0
1583,2,0,0,1,0,1,0,0,1,0,1,0,0,0,1,0,0,0,1,1,0
1584,1,1,0,1,0,0,0,0,0,0,0,0,1,2,1,0,1,0,0,0,0
1585,1,0,0,2,0,0,0,1,1,0,0,0,0,1,0,0,0,1,0,0,0
1586,1,1,0,1,0,0,0,1,0,0,0,0,0,2,1,0,0,1,1,2,0
1587,1,0,0,1,0,1,0,2,0,0,1,0,0,0,2,0,0,1,1,1,0
1588,1,0,0,0,1,0,0,1,0,0,0,0,1,0,0,0,1,0,2,0,0
1589,0,0,0,1,0,0,0,1,0,0,1,0,2,1,2,0,2,0,1,1,0
1590,2,1,0,1,1,1,0,2,0,0,1,0,0,1,1,2,0,0,1,2,0
1591,2,0,0,2,0,0,0,1,0,0,0,1,0,0,1,0,0,0,0,0,0
1592,0,1,0,1,1,1,0,0,0,0,0,0,0,1,0,0,0,0,0,0,0
1593,1,0,0,0,0,0,1,1,0,0,0,0,1,0,0,0,1,0,0,0,0
1594,1,0,0,1,1,1,0,1,0,0,0,0,1,2,2,0,2,1,1,1,0
1595,2,1,0,0,0,1,0,0,1,0,0,1,1,1,2,0,0,0,1,1,0
1596,0,0,0,2,0,1,1,0,0,0,0,0,1,1,1,1,0,1,1,1,0
1597,2,0,0,0,1,0,0,1,1,0,1,0,0,1,1,0,1,0,0,0,0
1598,1,0,0,2,0,2,0,0,1,0,0,0,0,1,1,0,0,0,0,0,0
1599,1,0,0,1,0,1,0,1,1,0,0,0,1,1,1,0,1,0,1,1,0
