d3mIndex,Bit-0,Bit-1,Bit-2,Bit-3,Bit-4,Bit-5,Bit-6,Bit-7,Bit-8,Bit-9,class
0,0,1,1,1,0,1,0,0,0,1,1
1,1,0,1,1,1,0,1,0,1,1,1
2,1,0,0,1,0,1,0,1,0,1,1
3,0,0,1,0,0,1,0,0,1,0,1
4,1,0,1,0,0,1,0,0,1,0,1
5,0,1,1,0,0,0,0,0,0,0,0
6,0,0,0,0,0,1,1,1,1,1,1
7,0,0,0,0,1,1,0,0,1,0,1
8,0,0,0,0,1,1,0,1,0,0,1
9,1,1,0,0,1,1,0,1,0,0,1
10,0,1,0,0,1,1,1,0,0,0,1
11,0,1,1,0,1,1,1,0,1,1,1
12,1,0,0,0,1,1,1,0,1,1,1
13,0,1,1,0,1,1,1,0,1,0,1
14,1,0,1,1,1,0,0,1,0,1,1
15,0,0,0,1,0,1,1,0,0,0,1
16,0,0,1,1,0,0,0,0,1,0,1
17,1,1,1,1,1,1,0,0,1,1,1
18,1,1,0,1,0,1,1,0,1,0,1
19,0,1,0,1,0,0,1,1,1,0,1
20,0,0,0,0,0,0,1,1,0,1,0
21,0,0,0,0,1,1,1,1,1,0,1
22,1,0,0,0,1,1,0,1,0,1,1
23,1,1,1,0,1,1,0,1,0,0,1
24,1,0,0,1,0,1,0,1,0,0,1
25,0,0,1,0,0,1,0,1,0,0,1
26,0,0,0,0,0,0,0,1,0,0,0
27,0,0,0,0,0,0,1,1,1,0,1
28,1,1,1,1,1,1,0,0,1,0,1
29,1,0,1,0,1,0,0,1,1,1,1
30,0,0,1,0,0,1,1,1,1,1,1
31,1,0,1,1,1,0,0,0,1,1,1
32,1,0,0,1,1,0,0,1,0,0,1
33,1,1,1,0,0,0,1,0,1,1,1
34,1,0,0,0,1,0,0,0,0,1,0
35,0,0,1,0,0,0,0,0,0,1,0
36,1,1,0,0,1,0,0,0,0,1,0
37,0,0,0,1,1,1,0,1,1,1,1
38,0,1,1,1,1,1,1,0,1,1,1
39,0,1,1,1,1,0,1,1,0,1,1
40,0,1,0,1,0,1,1,0,0,1,1
41,0,0,1,1,0,1,0,0,0,1,1
42,0,1,0,0,0,1,1,1,0,0,1
43,0,1,0,0,1,1,0,0,0,1,0
44,1,0,1,1,0,0,1,0,0,0,1
45,1,0,1,0,1,0,0,0,1,0,1
46,0,1,1,1,1,0,0,1,0,0,1
47,1,0,0,1,0,1,0,1,1,0,1
48,1,0,1,1,1,1,0,0,0,0,1
49,1,1,0,0,0,1,0,1,1,1,1
50,0,0,0,1,0,1,1,1,0,1,1
51,1,1,1,1,0,0,1,0,1,0,1
52,0,1,0,1,0,1,1,1,1,0,1
53,1,0,0,0,1,0,1,0,1,0,1
54,1,1,1,0,1,1,1,1,1,0,1
55,0,0,0,1,1,0,0,1,0,0,1
56,0,1,1,1,1,0,1,0,0,1,1
57,1,0,0,0,1,0,0,1,1,1,1
58,1,1,0,1,1,1,0,1,0,0,1
59,0,1,1,0,0,0,0,1,1,1,1
60,0,0,1,1,0,0,0,0,1,1,1
61,0,1,1,0,0,1,0,0,0,1,0
62,1,0,1,0,1,0,0,0,1,1,1
63,1,1,1,1,1,0,0,1,0,0,1
64,0,0,0,0,1,0,1,0,1,1,1
65,1,0,1,1,1,1,1,0,1,0,1
66,1,0,1,1,1,0,1,0,0,1,1
67,1,0,0,0,0,0,1,0,1,0,0
68,0,0,1,1,1,0,0,0,0,1,1
69,1,0,1,0,0,0,1,0,0,0,0
70,1,1,0,1,0,1,1,0,0,1,1
71,0,1,1,0,1,1,0,0,0,1,1
72,0,0,0,0,0,1,1,0,1,1,1
73,1,1,0,1,1,1,1,1,0,1,1
74,0,0,0,1,0,1,0,1,0,1,1
75,1,0,1,1,1,1,0,1,0,0,1
76,0,1,1,0,0,1,0,1,0,1,1
77,0,1,0,0,0,1,1,1,1,1,1
78,0,1,0,1,1,0,0,0,1,1,1
79,0,0,0,0,1,0,1,0,0,1,0
80,0,1,0,0,0,1,1,1,1,0,1
81,0,1,1,1,1,1,1,0,1,0,1
82,0,1,0,0,1,0,0,1,0,1,0
83,1,0,1,1,0,0,0,1,0,0,1
84,0,0,0,1,0,1,0,1,1,0,1
85,1,0,1,0,0,0,0,0,1,1,0
86,0,1,1,0,1,0,0,0,1,1,1
87,1,0,0,0,1,0,1,0,0,1,0
88,1,0,0,0,0,0,0,1,0,1,0
89,1,0,0,0,0,1,1,1,0,1,1
90,0,1,1,1,1,1,0,0,1,0,1
91,0,0,0,0,1,1,0,1,1,1,1
92,1,1,0,0,0,0,1,0,1,1,0
93,1,0,1,1,0,0,0,1,1,0,1
94,0,1,1,0,0,0,1,1,0,0,1
95,1,0,1,1,0,1,1,1,1,0,1
96,0,0,1,0,1,0,1,1,0,1,1
97,0,0,0,1,1,0,0,1,1,0,1
98,0,1,1,1,0,0,1,0,0,1,1
99,1,0,0,0,0,0,0,1,1,0,0
100,1,1,0,1,1,1,0,0,0,0,1
101,1,1,1,0,0,0,1,1,0,0,1
102,0,1,0,1,0,1,1,1,1,1,1
103,1,0,1,1,1,1,0,0,1,0,1
104,0,0,1,0,0,1,1,0,1,1,1
105,0,0,0,0,1,0,0,0,1,0,0
106,0,1,1,0,0,0,1,0,0,0,0
107,0,0,0,0,0,1,1,0,0,1,0
108,1,0,0,1,1,0,1,0,0,0,1
109,0,1,1,0,0,0,0,1,1,0,1
110,0,0,0,0,0,1,1,1,0,0,1
111,0,1,1,1,1,0,0,0,0,0,1
112,1,1,1,1,0,1,0,1,0,0,1
113,0,1,0,1,0,1,0,0,1,1,1
114,0,0,0,1,0,0,1,1,0,0,1
115,0,1,1,0,0,1,0,0,1,0,1
116,1,1,1,1,0,0,0,0,1,1,1
117,1,1,0,1,0,1,1,1,1,1,1
118,1,1,0,1,1,1,0,0,0,1,1
119,0,0,0,0,1,0,0,1,0,1,0
120,1,0,1,1,0,0,0,0,0,1,0
121,0,0,1,1,1,1,0,0,1,1,1
122,1,1,0,0,1,0,1,1,0,0,1
123,1,1,1,0,1,0,0,1,0,1,1
124,1,0,0,1,0,1,1,1,1,1,1
125,0,1,1,0,0,0,0,0,0,1,0
126,1,0,1,1,0,0,0,1,1,1,1
127,1,0,1,0,0,1,1,1,1,0,1
128,0,0,0,1,1,1,1,0,1,0,1
129,0,0,0,1,0,1,0,1,0,0,1
130,0,0,0,1,1,1,1,1,0,0,1
131,1,0,1,1,0,0,1,1,0,1,1
132,0,0,1,1,1,1,1,1,1,0,1
133,1,1,0,0,0,1,1,0,1,1,1
134,1,0,1,0,0,0,0,0,0,1,0
135,1,0,1,1,1,0,1,1,1,1,1
136,0,1,0,1,1,1,0,1,0,1,1
137,0,1,1,1,1,1,0,0,1,1,1
138,1,1,0,0,0,1,0,1,0,1,0
139,1,1,0,1,1,1,0,0,1,1,1
140,0,1,1,1,1,0,1,1,1,0,1
141,1,0,1,0,1,1,0,0,1,1,1
142,0,0,1,0,1,0,1,0,0,0,1
143,0,1,0,0,0,1,0,1,1,0,1
144,1,1,0,0,0,0,1,1,1,1,1
145,0,1,0,1,0,0,0,0,1,0,0
146,1,1,1,1,0,0,1,1,1,1,1
147,1,0,1,0,0,1,0,0,0,1,0
148,0,0,1,0,1,0,0,0,1,1,1
149,0,0,1,0,0,0,0,1,1,0,1
150,1,1,0,1,1,1,1,1,1,0,1
151,1,1,1,1,0,0,1,1,0,1,1
152,0,1,0,1,1,0,1,1,0,1,1
153,1,0,0,0,0,0,0,1,1,1,0
154,1,1,1,0,0,1,1,1,1,1,1
155,1,0,1,0,1,0,0,1,0,1,1
156,0,0,1,0,0,0,1,1,0,0,1
157,1,1,1,1,1,1,1,1,1,1,1
158,0,0,1,0,1,0,0,1,0,1,1
159,1,0,0,1,1,1,1,1,1,1,1
160,1,0,0,0,0,0,1,1,0,1,0
161,1,0,0,1,1,1,1,1,0,1,1
162,0,0,0,0,0,0,1,0,0,1,0
163,0,1,1,1,0,0,0,1,1,1,1
164,1,0,1,1,0,0,1,1,0,0,1
165,0,1,1,0,0,1,0,1,1,0,1
166,0,0,1,1,0,1,1,1,0,1,1
167,1,1,1,0,0,1,0,0,0,1,0
168,1,0,1,0,0,0,1,1,1,1,1
169,1,0,1,0,1,0,1,1,0,1,1
170,0,0,0,1,1,0,1,0,0,0,1
171,0,0,0,1,1,1,0,0,0,1,1
172,0,1,0,0,1,1,0,0,1,0,1
173,0,0,0,0,0,1,0,0,1,1,0
174,0,1,1,1,1,0,0,1,0,1,1
175,1,1,0,0,1,0,1,1,1,1,1
176,0,1,0,1,0,0,0,0,0,0,0
177,1,0,0,0,0,0,1,0,0,1,0
178,1,0,0,0,0,0,1,1,1,0,1
179,1,1,0,0,1,0,0,0,1,0,0
180,1,1,1,0,0,0,1,0,0,0,0
181,1,0,1,1,0,1,0,0,0,1,1
182,1,0,0,1,0,1,0,0,0,0,0
183,0,0,0,1,1,0,1,1,1,1,1
184,0,0,0,0,0,1,0,0,0,1,0
185,0,1,1,0,0,1,1,0,0,1,1
186,0,1,1,1,0,1,0,0,1,0,1
187,0,0,0,1,0,1,1,1,1,1,1
188,0,1,1,0,0,0,0,0,1,1,0
189,1,1,0,0,1,1,1,0,0,0,1
190,0,0,1,0,1,0,1,1,1,1,1
191,0,0,1,1,0,1,0,1,0,1,1
192,0,0,0,1,1,1,0,0,0,0,1
193,1,1,1,1,0,0,1,1,0,0,1
194,1,1,1,0,1,0,1,1,1,0,1
195,1,0,0,0,1,1,1,0,0,0,1
196,1,1,0,1,1,0,0,1,0,1,1
197,0,0,1,0,0,0,0,1,1,1,1
198,1,1,1,0,0,1,1,1,0,0,1
199,0,0,1,1,1,0,0,1,1,0,1
200,1,1,0,0,0,1,1,0,0,0,0
201,1,0,0,1,0,1,1,0,0,0,1
202,0,0,1,1,0,0,1,0,1,1,1
203,1,0,0,0,0,1,1,1,1,0,1
204,1,0,0,1,1,1,1,0,1,0,1
205,0,1,1,1,1,0,1,1,0,0,1
206,0,0,1,1,0,0,1,0,0,0,1
207,1,1,1,1,1,0,0,0,0,1,1
208,0,1,1,0,0,1,0,1,1,1,1
209,0,0,0,1,0,1,0,0,1,1,1
210,1,1,1,1,1,0,1,1,1,1,1
211,1,1,0,1,0,0,1,1,1,0,1
212,0,0,0,0,0,1,0,1,0,0,0
213,1,0,1,1,1,0,0,0,1,0,1
214,1,1,1,0,1,0,1,1,1,1,1
215,1,0,1,0,1,1,1,0,0,0,1
216,1,0,1,0,0,1,0,1,0,0,1
217,1,0,0,1,1,1,1,0,1,1,1
218,1,0,1,0,0,0,1,0,1,1,1
219,1,0,0,0,1,0,0,0,1,0,0
220,0,0,0,1,1,0,0,0,0,0,0
221,1,0,0,0,0,1,0,0,0,0,0
222,0,0,1,0,0,0,0,1,0,0,0
223,0,0,1,0,1,1,0,1,1,0,1
224,0,0,1,1,0,1,1,0,0,0,1
225,1,0,0,1,0,1,1,0,1,0,1
226,0,1,0,1,1,0,1,0,1,0,1
227,0,1,1,1,1,1,1,0,0,0,1
228,0,1,1,0,1,0,1,0,0,1,1
229,0,0,1,1,0,0,0,1,1,0,1
230,0,1,1,1,1,1,0,1,1,1,1
231,0,0,1,0,1,0,0,1,1,1,1
232,0,0,1,1,1,0,1,0,0,0,1
233,0,1,1,1,0,1,1,0,1,0,1
234,1,0,0,0,0,1,0,0,0,1,0
235,1,1,0,1,0,0,1,1,0,1,1
236,0,0,1,1,1,0,0,1,0,0,1
237,0,1,0,0,0,0,1,0,0,0,0
238,1,1,0,0,1,1,1,1,1,1,1
239,0,0,1,0,1,1,1,0,1,0,1
240,0,0,0,0,1,0,0,1,1,0,1
241,1,1,0,1,1,1,1,0,0,0,1
242,1,0,1,0,1,1,0,1,0,0,1
243,0,1,0,1,1,1,1,0,1,1,1
244,0,0,0,1,0,0,1,0,0,1,0
245,0,1,1,1,1,1,0,0,0,0,1
246,0,1,0,0,0,1,0,1,0,1,0
247,0,0,1,1,0,1,1,1,0,0,1
248,1,0,0,0,1,0,1,1,0,0,1
249,0,0,0,0,0,0,1,1,1,1,1
250,1,1,1,0,0,0,0,1,1,1,1
251,1,1,0,0,0,1,0,0,0,0,0
252,0,1,1,0,0,0,0,1,0,0,0
253,0,1,0,1,0,1,0,0,0,0,0
254,0,1,1,1,0,1,0,0,0,0,1
255,0,0,1,1,1,0,1,0,1,1,1
256,1,1,1,0,0,1,1,0,0,1,1
257,1,1,0,0,1,1,1,1,0,1,1
258,0,0,1,0,1,0,0,0,0,0,0
259,1,0,1,1,1,1,1,0,0,1,1
260,1,0,0,0,0,1,0,0,1,0,0
261,1,0,0,0,0,0,0,0,0,1,0
262,1,1,0,1,0,0,0,0,1,1,0
263,0,0,1,0,1,1,0,0,0,1,1
264,1,0,0,0,0,1,1,0,1,0,1
265,0,1,0,1,0,0,0,1,0,0,0
266,0,0,1,1,1,1,0,0,0,1,1
267,0,1,1,1,1,1,0,1,0,1,1
268,1,1,1,0,1,0,1,0,1,0,1
269,1,0,0,1,0,0,0,1,1,0,1
270,0,1,1,0,1,1,1,1,1,1,1
271,1,0,0,0,1,1,1,0,0,1,1
272,1,0,1,1,1,1,1,0,1,1,1
273,0,1,1,0,0,0,1,0,1,0,1
274,1,0,0,0,1,0,1,1,1,0,1
275,1,0,0,1,1,1,0,1,0,1,1
276,0,1,1,1,0,1,1,1,1,0,1
277,0,0,1,0,1,0,1,0,1,0,1
278,0,0,1,1,1,1,1,0,0,1,1
279,1,1,1,0,1,1,0,0,1,0,1
280,1,1,1,0,1,1,1,0,1,0,1
281,0,0,1,0,1,0,0,0,1,0,1
282,0,0,0,0,1,1,0,0,0,1,0
283,1,0,0,0,1,1,0,1,0,0,1
284,0,0,1,0,1,1,0,1,0,0,1
285,0,1,0,1,1,0,1,0,1,1,1
286,1,1,1,1,1,1,0,0,0,1,1
287,0,1,0,1,0,1,1,0,1,0,1
288,0,1,0,1,0,0,1,0,1,0,1
289,1,1,1,1,1,0,0,0,1,0,1
290,0,1,0,1,0,0,1,1,1,1,1
291,1,1,1,1,1,1,0,0,0,0,1
292,1,1,0,0,1,0,0,1,0,0,0
293,0,1,0,1,1,1,0,1,1,0,1
294,0,1,1,0,1,1,0,1,0,0,1
295,1,1,0,0,1,1,1,0,1,1,1
296,0,0,0,0,1,0,1,1,1,0,1
297,1,1,0,0,0,0,0,1,0,1,0
298,0,0,1,0,1,1,1,1,1,0,1
299,1,0,0,1,1,1,1,1,0,0,1
300,1,0,0,1,1,1,0,0,1,0,1
301,0,1,0,1,0,0,1,0,1,0,1
302,1,1,1,1,0,1,0,0,0,1,1
303,1,1,0,1,0,1,0,1,0,0,1
304,1,0,1,0,1,1,1,1,1,1,1
305,1,0,1,0,1,0,1,0,0,1,1
306,1,1,0,1,1,0,1,0,0,1,1
307,1,1,1,0,1,1,0,1,0,1,1
308,1,1,1,0,1,0,0,0,1,0,1
309,0,1,1,0,1,0,0,1,0,0,1
310,0,1,1,1,1,0,0,1,1,1,1
311,1,1,1,1,1,0,1,0,0,0,1
312,1,0,0,1,1,0,0,1,1,0,1
313,0,1,0,1,1,0,1,0,1,1,1
314,1,0,0,0,1,1,1,0,0,0,1
315,0,0,1,1,1,1,1,1,0,1,1
316,0,1,0,1,1,1,0,1,1,0,1
317,1,1,0,0,1,0,1,0,1,1,1
318,0,0,0,1,1,1,1,1,1,0,1
319,1,0,0,1,1,1,0,1,0,0,1
320,0,0,0,0,0,1,0,1,0,0,0
321,0,1,1,1,0,0,0,1,0,0,1
322,1,1,0,0,0,1,1,1,1,0,1
323,1,0,1,0,0,0,0,0,0,1,0
324,1,0,1,0,0,1,0,0,0,0,0
325,0,0,1,1,1,1,1,0,1,1,1
326,0,1,0,0,0,1,0,0,1,0,0
327,1,1,0,0,1,1,1,1,1,1,1
328,1,1,1,1,0,0,1,0,0,1,1
329,1,1,1,0,0,1,0,0,1,0,1
330,0,1,1,0,1,1,1,1,1,1,1
331,1,1,0,0,1,0,0,0,1,0,0
332,0,0,1,0,0,0,0,1,1,1,1
333,1,1,0,0,1,0,1,1,1,1,1
334,0,0,0,1,0,0,1,0,0,1,0
335,0,0,1,0,0,0,0,0,1,0,0
336,0,0,0,0,1,0,0,0,1,1,0
337,0,0,1,1,1,1,0,1,1,0,1
338,0,0,0,1,1,0,1,1,0,0,1
339,1,1,1,1,1,0,1,0,1,0,1
340,0,0,1,0,1,0,0,1,1,0,1
341,0,0,0,0,0,1,1,1,1,1,1
342,1,0,0,0,0,0,1,1,1,0,1
343,0,1,0,1,1,1,1,0,0,1,1
344,0,0,1,1,1,1,0,1,0,1,1
345,1,0,0,1,1,0,1,0,1,1,1
346,0,1,1,1,1,0,1,0,0,1,1
347,1,1,0,0,1,1,0,1,1,0,1
348,0,0,1,0,0,0,0,1,0,0,0
349,0,0,1,1,1,0,1,1,1,1,1
350,0,1,1,0,0,0,0,0,0,0,0
351,1,1,1,0,1,1,1,1,0,0,1
352,1,0,0,0,1,0,0,0,1,0,0
353,0,1,0,1,1,1,1,0,1,1,1
354,0,0,0,1,0,1,1,1,0,1,1
355,1,1,0,1,1,1,1,1,1,0,1
356,1,1,1,0,0,0,1,0,0,1,0
357,1,1,0,1,0,1,0,0,0,0,0
358,1,0,1,1,0,0,0,0,0,0,0
359,0,1,1,1,1,0,1,1,0,0,1
360,0,0,1,1,0,0,1,0,0,0,1
361,1,0,0,1,1,0,0,0,0,1,0
362,0,1,1,0,0,1,0,1,0,0,1
363,0,0,0,0,1,0,1,1,0,0,1
364,0,0,1,0,0,0,0,1,0,1,0
365,1,1,1,1,0,1,1,1,1,1,1
366,0,0,1,1,0,0,1,1,1,0,1
367,1,0,1,1,1,1,0,0,0,0,1
368,1,1,0,1,1,0,1,1,0,0,1
369,1,0,1,0,1,1,1,0,1,0,1
370,1,0,1,0,0,1,1,0,0,1,1
371,1,0,0,1,1,0,0,1,0,0,1
372,1,1,1,0,1,1,0,0,0,1,1
373,0,1,1,1,0,1,0,1,0,0,1
374,0,0,0,1,0,1,0,0,0,0,0
375,1,0,1,0,0,1,0,1,1,1,1
376,0,1,0,1,1,0,1,1,1,1,1
377,1,1,1,0,1,0,1,1,1,0,1
378,0,1,1,1,0,0,0,1,1,1,1
379,0,0,1,1,1,0,1,0,0,0,1
380,0,0,1,1,1,0,0,1,1,1,1
381,0,1,0,1,1,1,0,0,1,1,1
382,0,0,1,1,0,0,1,0,1,0,1
383,0,0,0,0,0,1,0,0,0,1,0
384,1,1,0,1,1,1,1,0,1,0,1
385,0,0,0,1,1,1,0,1,0,0,1
386,1,0,1,1,0,0,1,0,0,0,1
387,0,0,0,1,1,0,0,0,0,1,0
388,0,0,1,1,0,0,1,1,1,1,1
389,1,1,1,1,0,1,0,0,0,0,1
390,0,1,1,0,1,0,1,1,0,1,1
391,0,1,1,1,1,0,0,1,1,0,1
392,1,1,1,1,0,1,1,0,0,0,1
393,0,0,1,0,1,0,1,1,1,0,1
394,0,1,1,1,0,1,1,1,1,1,1
395,1,1,1,1,0,1,1,1,0,1,1
396,1,1,1,0,0,1,1,1,1,0,1
397,0,1,0,0,1,0,0,0,0,1,0
398,0,1,1,1,0,0,1,0,1,1,1
399,1,0,1,1,1,0,0,0,1,0,1
400,1,0,0,0,0,1,0,1,0,0,0
401,1,0,1,0,1,1,1,1,0,1,1
402,0,1,0,0,0,1,0,1,0,0,0
403,1,1,0,0,1,0,0,0,1,1,0
404,1,0,0,1,1,1,1,1,1,1,1
405,0,0,1,0,1,1,1,0,1,0,1
406,1,0,1,1,1,1,1,0,0,1,1
407,0,0,0,0,0,1,0,0,1,0,0
408,0,1,1,1,1,0,0,0,0,0,1
409,0,1,0,0,1,0,1,1,1,1,1
410,0,0,0,0,1,1,1,0,0,1,1
411,0,0,1,1,0,0,0,1,0,1,1
412,0,1,0,1,1,0,0,0,0,0,0
413,0,1,0,0,1,0,1,0,0,0,0
414,0,1,0,0,1,1,0,1,1,0,1
415,1,0,0,1,0,1,1,1,0,0,1
416,1,1,1,1,1,1,0,1,0,1,1
417,1,0,1,0,0,1,0,1,0,0,1
418,1,1,1,0,0,1,0,0,1,1,1
419,1,1,1,0,1,0,0,1,0,0,1
420,0,1,0,1,0,1,1,0,0,1,1
421,1,1,1,1,0,0,0,0,0,1,0
422,1,1,0,1,0,1,1,1,0,0,1
423,0,0,0,0,1,1,0,1,0,1,1
424,1,1,0,0,0,0,0,0,1,0,0
425,1,0,1,0,1,1,1,1,0,0,1
426,0,1,0,1,1,0,0,0,1,1,1
427,1,0,0,1,1,0,0,0,1,0,1
428,1,0,0,0,0,0,0,1,0,0,0
429,0,0,1,1,1,1,1,1,1,0,1
430,0,1,1,0,0,1,0,1,0,1,1
431,0,1,0,0,1,1,1,1,0,1,1
432,0,1,1,1,0,0,1,0,1,0,1
433,1,1,0,1,0,1,0,0,0,1,0
434,0,1,1,0,0,0,1,1,0,0,1
435,0,0,0,0,1,1,1,1,0,1,1
436,1,0,0,0,0,0,0,0,1,1,0
437,1,1,1,0,1,1,1,1,1,1,1
438,0,0,0,1,0,1,0,1,0,1,1
439,1,1,0,1,1,1,1,1,1,1,1
440,1,1,1,1,0,1,0,1,0,1,1
441,1,1,1,0,1,1,0,0,1,1,1
442,0,1,1,0,1,0,0,0,1,1,1
443,0,0,1,1,0,0,1,1,0,0,1
444,0,1,0,1,1,0,1,0,0,1,1
445,1,1,1,0,1,1,0,1,1,1,1
446,1,1,0,0,1,1,1,0,1,0,1
447,0,1,0,1,1,1,1,1,0,1,1
448,0,0,1,1,0,0,0,1,0,0,1
449,0,1,1,0,0,1,0,0,0,0,0
450,0,1,0,0,1,0,0,0,1,1,0
451,0,0,0,0,0,0,0,1,0,1,0
452,1,0,1,0,0,0,0,1,1,0,1
453,1,1,1,0,0,0,0,0,0,0,0
454,1,0,0,0,1,0,0,0,0,0,0
455,1,0,1,0,1,1,1,0,0,0,1
456,0,0,1,0,0,0,0,1,1,0,1
457,0,1,0,0,1,0,0,1,1,1,1
458,1,0,1,1,0,1,1,1,1,1,1
459,0,0,0,0,0,1,1,1,0,0,1
460,1,0,1,1,1,1,1,1,1,0,1
461,0,1,1,0,1,0,1,0,1,1,1
462,1,1,1,1,0,1,1,0,0,1,1
463,0,0,0,1,0,1,0,0,1,1,1
464,1,1,0,0,0,0,0,0,0,0,0
465,1,1,1,0,1,1,1,0,0,0,1
466,0,1,0,0,0,1,0,1,0,1,0
467,1,0,0,1,0,1,1,1,1,1,1
468,1,1,0,1,0,0,1,0,1,0,1
469,1,0,0,0,1,1,1,1,1,1,1
470,0,1,0,1,1,0,0,1,0,1,1
471,1,0,0,1,1,1,1,0,0,1,1
472,0,0,0,1,1,1,0,1,0,1,1
473,0,0,0,1,1,0,1,0,1,0,1
474,1,0,0,1,1,1,0,1,0,1,1
475,1,0,1,1,1,1,0,1,1,1,1
476,1,0,0,0,1,1,0,1,0,0,1
477,0,1,1,0,1,1,1,1,0,0,1
478,0,0,1,1,0,1,1,1,1,1,1
479,1,0,0,1,1,0,1,1,1,0,1
480,0,1,0,1,1,0,1,0,0,0,1
481,1,0,0,0,0,0,1,0,1,0,0
482,1,1,1,1,1,0,0,0,0,0,1
483,0,1,0,0,1,1,1,0,0,0,1
484,1,0,1,0,0,0,1,0,1,1,1
485,0,0,1,0,0,1,1,1,1,1,1
486,0,0,1,1,1,0,1,1,1,0,1
487,1,1,0,1,1,0,1,1,1,1,1
488,0,1,1,0,1,1,1,0,0,1,1
489,1,0,0,0,1,1,1,1,0,1,1
490,1,1,1,0,1,1,0,1,0,0,1
491,1,0,0,1,0,0,0,1,1,1,1
492,1,0,1,0,1,1,0,0,0,1,1
493,1,1,1,1,0,0,1,0,1,0,1
494,0,1,1,0,0,1,0,1,1,1,1
495,0,0,1,1,1,0,1,1,0,0,1
496,0,1,0,0,1,0,0,1,1,0,1
497,0,1,0,0,0,0,0,1,0,0,0
498,1,0,0,0,1,0,0,0,0,1,0
499,0,1,0,1,1,1,1,1,1,1,1
500,1,0,0,1,0,0,1,1,0,0,1
501,1,1,0,1,1,0,1,1,0,1,1
502,1,0,0,1,1,1,0,0,0,1,1
503,1,0,0,0,1,0,1,1,0,0,1
504,1,0,0,0,0,0,1,0,0,1,0
505,1,0,1,0,0,1,1,1,1,0,1
506,0,1,0,1,1,0,1,1,0,1,1
507,0,1,0,0,0,0,0,1,0,1,0
508,0,1,1,1,0,0,1,1,1,1,1
509,0,0,1,0,1,0,1,0,0,1,1
510,1,0,1,1,0,1,1,0,0,0,1
511,0,0,0,0,0,0,1,1,1,0,1
512,1,1,0,0,0,1,1,1,1,1,1
513,0,1,0,0,1,1,1,0,1,0,1
514,0,0,0,0,1,1,1,1,0,0,1
515,1,0,1,1,0,0,0,1,0,0,1
516,1,1,0,1,0,1,1,1,1,1,1
517,0,1,1,0,0,0,0,0,1,0,0
518,1,1,0,0,0,1,1,1,0,0,1
519,0,1,0,1,1,1,1,1,0,0,1
520,1,1,1,1,0,0,0,1,0,1,1
521,1,1,0,0,1,0,1,0,0,0,0
522,1,0,0,1,1,0,1,1,0,0,1
523,1,1,0,1,0,0,0,1,0,0,0
524,0,0,1,0,1,0,1,0,0,0,1
525,0,0,1,0,0,0,1,1,0,1,1
526,0,0,0,1,1,0,0,1,1,0,1
527,0,0,0,1,1,0,1,0,1,1,1
528,0,0,0,0,0,1,0,1,1,0,1
529,1,0,1,1,1,0,0,1,0,0,1
530,1,0,0,0,0,1,1,0,0,1,0
531,0,1,0,0,0,1,1,1,0,1,1
532,1,1,1,1,1,1,1,0,1,0,1
533,0,1,1,0,1,0,1,0,0,1,1
534,1,1,1,0,1,0,0,1,0,1,1
535,1,1,1,0,1,1,1,0,1,1,1
536,0,0,1,0,1,0,1,0,1,0,1
537,1,0,1,0,0,1,0,1,0,1,1
538,0,1,0,0,0,1,1,1,1,1,1
539,1,1,0,0,0,0,1,1,1,0,1
540,0,0,0,1,0,1,1,1,1,0,1
541,0,1,1,1,0,0,1,1,1,0,1
542,0,0,0,0,1,0,0,0,0,1,0
543,0,1,1,0,0,0,0,1,0,0,0
544,0,0,0,0,0,1,1,1,0,1,1
545,1,1,0,0,1,0,1,1,0,0,1
546,1,1,0,1,1,1,0,1,1,0,1
547,0,0,1,0,0,0,1,0,0,0,0
548,0,0,0,1,1,0,1,1,1,0,1
549,1,0,0,0,1,1,0,1,0,1,1
550,1,0,1,0,0,0,1,0,1,0,1
551,0,0,1,1,1,1,1,0,0,1,1
552,1,0,0,0,1,0,1,1,0,1,1
553,1,1,0,1,1,1,0,1,1,1,1
554,1,1,1,0,1,0,1,0,0,0,1
555,1,0,0,1,0,1,1,1,1,0,1
556,1,0,0,1,1,1,0,0,1,1,1
557,0,1,0,1,1,1,1,0,0,0,1
558,1,1,1,1,0,0,1,1,0,1,1
559,0,1,0,1,1,0,1,1,1,0,1
560,1,1,1,0,1,1,1,0,0,1,1
561,1,1,1,0,0,1,1,1,0,1,1
562,0,0,1,1,0,1,1,1,1,0,1
563,1,1,0,1,1,1,0,0,1,0,1
564,1,1,1,0,1,0,1,0,1,1,1
565,1,1,0,1,0,1,0,1,1,0,1
566,0,1,0,1,0,0,1,0,1,1,1
567,1,0,1,0,0,0,1,1,1,0,1
568,0,1,1,0,1,0,0,0,0,1,0
569,1,0,0,1,0,1,1,0,0,0,1
570,0,0,1,0,1,1,1,0,1,1,1
571,0,1,1,1,1,1,1,0,1,1,1
572,1,0,0,0,0,1,0,1,0,1,0
573,0,1,1,0,0,0,0,0,1,1,0
574,1,0,1,1,0,1,1,1,1,0,1
575,1,1,1,1,1,1,0,0,1,1,1
576,1,0,1,0,0,1,0,0,1,0,1
577,1,1,0,0,1,1,0,0,1,0,1
578,0,0,1,0,1,1,1,1,0,1,1
579,0,0,1,0,0,1,1,0,1,0,1
580,0,1,1,0,0,0,1,0,0,1,0
581,1,0,1,1,1,0,1,1,0,1,1
582,0,0,1,0,0,0,1,0,1,0,1
583,0,1,1,1,1,0,1,1,1,1,1
584,0,0,1,0,1,0,0,1,0,1,1
585,1,0,1,1,1,1,1,0,1,1,1
586,1,0,0,1,1,0,0,1,0,1,1
587,0,0,1,0,0,0,1,1,1,1,1
588,1,1,0,0,0,1,0,0,1,0,0
589,1,0,1,0,1,0,0,1,0,1,1
590,1,0,1,0,0,0,0,1,0,0,0
591,0,1,1,0,0,1,1,0,0,0,1
592,0,0,0,0,1,0,0,1,0,0,0
593,0,1,1,1,1,1,0,1,0,0,1
594,0,0,0,0,1,0,1,0,0,0,0
595,0,1,1,1,1,1,1,1,1,1,1
596,1,1,0,0,0,1,1,0,0,1,0
597,0,0,0,1,0,0,1,0,1,0,1
598,1,1,0,0,0,1,0,0,0,0,0
599,1,1,0,1,1,1,1,1,0,1,1
600,1,0,1,1,0,0,1,1,1,0,1
601,0,1,0,1,0,1,0,1,1,0,1
602,0,0,0,0,1,0,1,1,0,1,1
603,1,0,1,1,1,0,1,0,0,0,1
604,0,0,1,0,0,1,1,1,0,0,1
605,1,1,1,0,1,0,1,1,0,0,1
606,0,0,0,1,0,0,0,1,1,1,1
607,0,0,0,0,1,1,1,1,1,1,1
608,1,1,0,0,1,1,0,1,0,1,1
609,0,1,0,0,1,0,1,0,0,1,0
610,0,1,0,0,0,0,0,1,1,1,0
611,1,0,1,0,1,0,0,1,0,0,1
612,0,1,1,0,0,1,0,1,1,0,1
613,0,1,0,1,0,1,1,1,0,0,1
614,1,0,0,0,0,0,1,1,0,1,0
615,1,1,0,1,1,0,0,0,1,0,1
616,0,0,1,1,0,0,1,0,0,1,1
617,1,1,1,0,1,1,0,0,0,0,1
618,0,1,0,1,0,0,1,1,0,0,1
619,1,1,0,0,1,0,1,0,0,1,0
620,1,1,1,1,0,0,1,0,0,0,1
621,0,0,0,1,0,0,0,0,1,1,0
622,1,1,1,0,0,1,0,1,1,1,1
623,1,0,0,1,0,1,1,0,1,1,1
624,1,0,1,0,1,1,0,0,1,1,1
625,0,1,0,1,1,1,0,1,0,1,1
626,1,0,1,0,1,1,1,0,1,1,1
627,1,0,1,0,0,0,0,1,0,1,0
628,1,1,0,0,0,0,1,1,0,1,0
629,1,1,1,0,0,0,1,1,1,0,1
630,1,0,0,1,0,1,0,0,0,1,0
631,0,0,0,0,1,0,0,1,1,1,1
632,0,0,0,0,1,1,1,0,1,1,1
633,1,1,1,1,1,0,0,1,0,1,1
634,0,1,1,0,0,1,1,0,0,1,1
635,0,0,1,0,1,0,0,0,0,1,0
636,1,1,0,1,1,1,1,0,0,0,1
637,0,1,1,0,0,0,1,1,0,1,1
638,1,0,1,1,1,0,1,1,1,1,1
639,1,0,1,0,1,0,0,1,1,0,1
640,0,0,0,1,1,0,0,1,0,0,1
641,1,0,1,1,1,1,0,1,1,0,1
642,1,0,1,0,0,0,1,1,0,1,1
643,0,1,1,0,1,0,0,0,0,0,0
644,0,1,1,1,0,1,0,1,1,1,1
645,0,1,0,1,0,1,0,0,0,0,0
646,0,1,1,0,1,1,0,1,1,0,1
647,0,0,1,1,1,1,0,1,1,1,1
648,1,0,0,1,0,0,0,0,1,0,0
649,0,0,0,1,1,1,0,0,0,0,1
650,0,1,0,0,0,0,1,0,1,1,0
651,1,1,1,1,1,1,1,1,0,1,1
652,1,1,1,0,0,1,1,0,1,0,1
653,1,1,0,1,0,0,0,0,0,1,0
654,0,1,1,0,1,1,1,1,1,0,1
655,1,0,0,0,0,1,1,0,1,0,1
656,1,0,0,0,0,1,1,1,0,1,1
657,1,1,1,0,0,1,1,1,0,0,1
658,1,1,0,1,1,0,0,1,0,1,1
659,1,0,0,0,1,1,0,1,1,0,1
660,1,1,0,1,1,0,1,0,1,1,1
661,1,0,0,1,0,0,0,1,0,0,0
662,0,0,0,1,0,1,0,1,0,0,1
663,0,0,1,1,1,0,1,1,0,1,1
664,0,0,1,1,1,1,0,0,0,1,1
665,0,0,1,1,0,1,0,0,1,1,1
666,1,0,1,0,0,1,1,1,0,0,1
667,1,1,1,0,0,0,1,0,1,1,1
668,0,1,1,0,0,1,1,1,0,1,1
669,1,0,1,1,0,1,1,0,1,1,1
670,1,1,1,1,1,1,0,1,1,1,1
671,0,1,1,1,0,0,1,0,0,0,1
672,0,1,0,0,1,1,0,0,0,1,0
673,0,1,1,0,0,0,1,1,1,1,1
674,1,0,1,1,1,1,0,0,1,1,1
675,1,1,0,1,0,0,1,0,0,1,0
676,0,0,1,0,1,1,1,1,1,0,1
677,1,0,0,0,0,0,0,0,0,0,0
678,0,0,1,0,0,1,1,0,0,1,1
679,0,1,1,0,1,1,1,1,0,1,1
680,1,1,0,0,0,1,1,1,0,1,1
681,1,1,1,0,0,0,1,1,0,1,1
682,0,0,1,0,0,1,0,0,0,0,0
683,1,1,0,0,0,1,0,0,0,1,0
684,1,0,0,0,0,0,0,1,0,1,0
685,1,1,1,0,1,1,1,0,1,0,1
686,0,0,0,1,0,0,0,0,0,0,0
687,0,1,1,1,0,0,1,1,0,0,1
688,1,1,0,0,1,0,0,0,0,1,0
689,0,1,1,0,1,1,0,1,0,0,1
690,0,1,0,0,1,0,0,0,0,0,0
691,0,1,1,1,1,1,0,1,1,0,1
692,1,0,1,1,1,0,1,0,1,0,1
693,0,1,0,0,1,0,0,0,1,0,0
694,1,0,1,1,1,1,1,0,0,0,1
695,0,1,1,1,1,0,0,1,0,1,1
696,1,1,1,0,1,0,1,1,1,1,1
697,0,0,0,1,1,0,0,1,0,1,1
698,0,0,0,0,0,0,1,1,1,1,1
699,1,1,1,1,0,0,0,0,0,0,0
700,1,0,0,1,1,0,1,0,1,0,1
701,0,0,1,1,1,1,1,0,1,0,1
702,0,1,0,0,1,1,0,0,1,1,1
703,0,0,1,1,0,0,0,0,1,1,1
704,0,1,1,1,1,0,0,0,1,1,1
705,1,1,1,1,1,1,1,0,0,1,1
706,0,1,1,0,1,1,0,1,0,1,1
707,0,1,1,1,0,1,1,1,0,0,1
708,0,1,1,1,1,0,1,1,0,1,1
709,1,1,1,1,1,0,1,0,0,1,1
710,1,1,0,0,0,1,1,0,1,1,1
711,1,0,1,0,0,0,1,0,0,0,0
712,1,0,1,1,1,0,0,1,1,0,1
713,1,0,1,0,0,0,1,0,0,1,0
714,1,1,0,1,1,1,1,0,0,1,1
715,0,0,1,0,0,0,1,0,1,1,1
716,0,1,0,1,1,1,1,1,1,0,1
717,1,0,1,1,0,1,0,1,0,0,1
718,1,0,1,0,1,0,0,0,1,1,1
719,1,1,0,1,0,1,1,0,1,1,1
720,0,0,1,1,1,1,0,1,0,0,1
721,1,0,1,1,0,1,1,0,1,0,1
722,0,0,1,0,0,1,0,0,0,1,0
723,1,0,0,1,0,1,0,1,1,1,1
724,1,0,1,1,1,0,0,1,1,1,1
725,1,0,0,0,0,1,0,1,1,1,1
726,1,0,0,0,0,1,1,1,0,0,1
727,0,1,1,0,1,1,1,0,1,0,1
728,1,1,1,0,1,0,1,0,0,1,1
729,1,1,1,1,1,1,0,0,1,0,1
730,0,1,0,1,1,0,1,0,1,0,1
731,1,0,1,1,1,0,0,0,0,0,1
732,0,0,0,1,1,1,0,1,1,0,1
733,1,1,0,1,1,1,1,0,1,1,1
734,1,0,1,1,0,0,1,0,1,1,1
735,1,1,1,0,0,0,0,0,1,1,0
736,1,0,0,1,0,1,0,0,1,1,1
737,1,0,0,1,1,1,0,0,0,0,1
738,0,0,1,1,0,1,0,0,0,1,1
739,1,1,1,1,0,1,0,1,0,0,1
740,0,0,0,0,1,1,0,0,1,0,1
741,1,1,0,1,1,1,1,1,0,0,1
742,0,1,1,0,1,0,1,0,0,0,1
743,1,1,0,0,1,1,1,0,0,0,1
744,1,1,0,1,0,1,1,1,0,1,1
745,0,0,1,0,1,1,0,1,0,1,1
746,1,0,0,0,1,0,1,0,1,1,1
747,0,0,0,0,0,0,0,1,1,0,0
748,1,0,0,0,1,1,1,1,0,0,1
749,1,1,1,1,0,1,1,0,1,1,1
750,1,0,1,0,1,0,1,1,1,0,1
751,1,1,0,0,0,1,0,1,1,1,1
752,0,0,0,0,1,0,1,1,1,0,1
753,0,0,1,0,0,0,0,0,0,1,0
754,0,1,0,0,0,0,0,0,1,1,0
755,1,0,0,0,1,1,0,0,0,0,0
756,1,1,1,0,0,0,0,1,1,1,1
757,0,1,1,1,0,1,1,0,0,1,1
758,0,0,0,0,0,1,0,0,1,1,0
759,0,1,1,1,0,1,0,1,0,1,1
760,1,1,1,1,1,0,1,0,1,1,1
761,1,0,0,0,1,0,0,1,1,0,1
762,0,0,0,0,0,1,1,0,1,1,1
763,1,0,1,0,0,1,1,1,0,1,1
764,0,0,1,0,0,0,0,0,1,1,0
765,0,0,1,0,1,1,0,1,1,0,1
766,0,0,0,0,0,0,0,0,0,1,0
767,1,0,0,1,0,0,0,0,1,1,0
768,1,1,0,1,1,0,1,0,1,0,1
769,0,0,0,0,0,1,0,1,1,1,1
770,0,0,0,0,0,0,0,0,0,0,0
771,0,1,0,0,1,1,1,1,1,1,1
772,1,0,0,1,1,0,0,0,1,1,1
773,1,1,0,1,1,1,0,1,0,0,1
774,0,0,1,0,1,1,0,1,0,0,1
775,0,1,0,0,0,1,1,0,1,1,1
776,0,0,0,1,0,0,0,0,1,0,0
777,1,1,1,1,0,0,1,1,1,0,1
778,0,1,1,0,0,1,0,0,1,0,1
779,0,0,1,1,0,0,0,0,1,0,1
780,0,1,0,0,0,0,1,0,0,0,0
781,0,1,0,0,0,0,0,1,1,0,0
782,1,0,0,1,0,0,1,1,1,1,1
783,0,0,1,0,1,1,0,1,1,1,1
784,0,1,1,0,1,0,1,0,1,0,1
785,0,0,0,0,0,1,1,1,1,0,1
786,1,1,0,0,1,1,1,1,1,0,1
787,1,0,0,1,0,0,1,0,1,1,1
788,0,1,0,0,0,0,1,1,0,1,0
789,1,0,0,0,0,0,1,1,0,0,0
790,0,1,1,1,1,0,0,1,0,0,1
791,0,0,0,0,1,0,1,0,0,1,0
792,0,0,1,1,1,1,1,1,1,1,1
793,0,0,0,1,0,1,1,0,1,0,1
794,1,0,0,1,0,1,0,1,1,0,1
795,1,0,0,0,1,0,1,0,1,0,1
796,1,0,0,1,1,1,1,0,1,0,1
797,1,1,1,0,0,0,0,1,1,0,1
798,0,0,0,1,1,0,0,1,1,1,1
799,0,1,1,1,0,0,1,0,0,1,1
800,1,0,0,0,0,1,1,1,1,0,1
801,1,0,0,0,0,1,0,0,0,1,0
802,1,0,0,0,1,0,1,0,0,0,0
803,1,1,0,0,0,0,1,1,1,1,1
804,1,0,0,1,0,0,1,0,0,1,0
805,0,1,0,1,1,1,0,0,0,1,1
806,0,0,0,1,1,1,0,1,1,1,1
807,0,0,1,0,0,1,0,0,1,1,1
808,1,0,0,0,0,0,0,0,1,0,0
809,1,0,0,1,0,0,0,0,0,0,0
810,0,1,1,0,0,0,1,0,1,0,1
811,1,0,0,0,1,0,0,1,1,1,1
812,1,1,0,0,0,0,0,1,0,0,0
813,0,1,1,0,1,0,0,1,0,1,1
814,0,1,0,1,0,1,0,1,1,1,1
815,0,0,0,1,0,1,0,1,1,0,1
816,1,0,0,0,0,1,1,0,0,0,0
817,0,0,1,1,1,0,0,0,0,1,1
818,1,1,1,0,0,0,1,1,1,1,1
819,0,0,0,0,1,0,0,0,1,0,0
820,0,0,1,1,0,0,0,1,1,1,1
821,1,1,1,1,0,1,1,1,1,0,1
822,0,0,1,1,0,1,1,1,0,1,1
823,0,1,0,1,1,1,0,0,1,0,1
824,1,1,1,0,0,0,0,0,0,1,0
825,0,0,1,0,1,0,1,1,0,0,1
826,1,1,0,0,0,1,0,1,0,1,0
827,1,1,0,1,0,0,1,1,1,1,1
828,1,0,0,1,1,1,0,1,1,0,1
829,0,0,1,0,0,1,0,1,0,1,1
830,1,0,1,1,1,0,0,1,0,1,1
831,0,0,1,0,0,1,0,1,0,0,1
832,1,1,1,0,0,1,0,0,0,0,0
833,1,1,0,0,0,0,0,0,0,1,0
834,0,1,1,1,1,1,0,1,0,1,1
835,1,0,1,0,1,1,0,1,0,1,1
836,1,1,1,1,0,1,1,1,0,0,1
837,1,1,0,1,0,0,0,0,1,1,0
838,1,1,0,1,1,1,0,0,1,1,1
839,0,1,1,0,0,0,1,0,1,1,1
840,0,0,1,1,0,0,0,0,0,1,0
841,0,1,0,0,1,1,0,0,0,0,0
842,1,1,0,1,0,0,1,0,1,1,1
843,1,1,0,0,1,1,0,1,1,1,1
844,1,0,1,0,1,0,0,1,1,1,1
845,1,0,0,1,1,0,1,0,0,0,1
846,1,0,0,1,0,0,0,1,1,0,1
847,0,1,0,1,0,0,0,0,0,1,0
848,0,0,1,0,1,1,1,1,1,1,1
849,1,1,0,1,1,1,0,0,0,1,1
850,0,1,1,1,0,0,1,1,0,1,1
851,1,0,0,1,1,0,1,1,1,1,1
852,1,0,0,1,1,1,0,1,1,1,1
853,1,1,0,1,0,1,1,1,1,0,1
854,1,0,0,0,1,0,1,1,1,0,1
855,1,1,0,0,1,1,0,1,0,0,1
856,0,1,1,1,1,1,0,0,0,1,1
857,1,0,1,0,1,0,0,0,0,1,0
858,0,1,1,0,0,0,0,1,1,0,1
859,0,1,1,1,1,0,1,1,1,0,1
860,0,0,0,0,0,0,0,1,0,0,0
861,1,0,1,1,1,0,0,0,1,1,1
862,1,1,1,0,0,1,0,1,1,0,1
863,0,0,1,0,1,0,0,0,1,1,1
864,0,1,0,1,1,0,0,0,0,1,0
865,0,1,0,0,1,0,1,0,1,1,1
866,1,0,1,0,1,1,0,1,1,0,1
867,1,1,1,0,1,1,0,0,1,0,1
868,0,1,1,0,0,1,1,1,0,0,1
869,1,0,1,0,1,1,1,1,1,0,1
870,0,1,1,1,1,1,0,0,1,0,1
871,1,1,0,0,0,0,0,1,0,1,0
872,0,0,0,1,0,1,1,0,0,1,1
873,0,1,0,1,0,0,0,0,1,1,0
874,0,1,1,1,1,1,0,0,1,1,1
875,0,0,0,0,1,0,0,1,0,1,0
876,1,0,1,0,1,1,0,0,0,0,1
877,1,1,1,0,0,1,0,1,0,1,1
878,1,0,1,1,1,0,0,0,0,1,1
879,1,0,1,0,1,1,0,1,1,1,1
880,1,1,0,0,1,0,0,1,1,1,1
881,1,0,0,1,0,0,1,0,0,0,0
882,0,1,0,0,0,1,0,0,0,0,0
883,0,1,1,0,0,0,0,1,0,1,0
884,0,0,0,0,1,0,0,1,1,0,1
885,0,0,0,0,1,1,1,0,0,0,1
886,0,1,0,0,0,0,1,0,0,1,0
887,1,1,1,0,1,0,1,1,0,1,1
888,1,1,1,1,0,1,1,0,1,0,1
889,1,1,0,1,0,1,0,0,1,0,1
890,0,0,0,1,0,0,1,1,1,1,1
891,0,1,1,1,0,0,0,0,1,0,1
892,0,0,1,1,0,0,0,1,1,0,1
893,0,0,0,0,0,1,0,0,0,0,0
894,1,1,1,0,0,0,1,1,0,0,1
895,1,1,0,0,0,1,1,0,0,0,0
896,0,0,0,1,0,0,1,1,0,1,1
897,0,0,1,1,1,0,1,0,1,1,1
898,1,1,0,1,1,0,0,1,1,0,1
899,0,1,0,1,1,1,0,1,0,0,1
900,0,1,1,0,1,1,0,0,0,0,1
901,1,0,0,0,1,1,1,0,1,0,1
902,1,1,0,0,0,0,1,0,0,0,0
903,1,1,0,0,0,0,0,1,1,1,0
904,0,0,0,0,1,0,1,0,1,1,1
905,0,1,0,0,0,0,0,0,0,1,0
906,0,1,1,1,0,0,0,0,1,1,1
907,1,0,0,1,0,0,1,0,1,0,1
908,0,1,0,1,0,0,1,1,1,1,1
909,0,1,0,0,1,0,1,1,1,0,1
910,0,1,1,0,1,1,0,1,1,1,1
911,0,0,1,1,0,1,1,1,0,0,1
912,0,1,0,0,0,1,1,1,1,0,1
913,1,0,0,0,0,0,0,0,0,1,0
914,0,0,1,1,1,0,0,1,0,1,1
915,1,1,1,1,1,1,0,1,0,0,1
916,0,0,1,0,0,1,1,0,1,1,1
917,1,1,1,0,0,1,0,0,0,1,0
918,1,1,1,0,0,0,1,0,0,0,0
919,1,1,0,1,0,1,0,1,0,1,1
920,0,1,0,1,0,1,0,1,0,1,1
921,1,1,0,1,0,0,0,1,1,1,1
922,1,0,0,1,1,0,0,1,1,1,1
923,1,0,1,1,1,0,1,0,1,1,1
924,1,1,0,1,0,1,1,0,0,1,1
925,0,0,0,1,0,0,1,0,1,1,1
926,0,1,1,1,1,0,1,0,0,0,1
927,0,1,0,0,0,1,1,0,0,0,0
928,0,0,0,0,0,0,1,1,0,1,0
929,1,1,1,0,0,1,1,1,1,1,1
930,1,0,0,0,0,1,0,0,0,0,0
931,0,0,0,1,1,0,0,0,1,0,1
932,1,0,1,0,1,0,1,0,1,0,1
933,0,0,1,1,1,0,0,0,1,0,1
934,1,1,1,0,0,0,0,1,0,1,0
935,1,1,0,1,1,0,0,0,0,1,0
936,0,0,0,0,1,1,0,1,1,0,1
937,1,0,1,1,0,1,1,1,0,1,1
938,0,1,1,0,1,0,1,1,1,1,1
939,0,1,0,0,0,1,1,0,0,1,0
940,0,1,1,1,0,0,0,0,0,0,0
941,0,1,0,1,0,1,0,0,0,1,0
942,1,1,1,1,1,0,0,0,0,1,1
943,0,1,0,1,0,1,0,0,1,1,1
944,0,1,0,0,1,0,1,0,1,0,1
945,1,1,0,1,0,0,0,1,0,1,0
946,1,0,0,0,1,1,0,0,1,0,1
947,1,1,0,1,0,0,0,0,0,0,0
948,0,0,1,0,1,1,0,0,0,1,1
949,0,0,0,0,0,0,0,0,1,0,0
950,0,1,0,1,0,1,1,1,0,1,1
951,0,0,0,0,1,1,0,0,1,1,1
952,0,1,0,1,1,0,1,1,0,0,1
953,1,1,1,1,1,1,1,0,1,1,1
954,0,1,1,0,0,1,0,0,1,1,1
955,1,1,0,0,1,0,0,0,0,0,0
956,0,0,0,0,0,1,0,1,0,1,0
957,1,1,0,0,1,1,0,0,0,0,0
958,1,1,0,1,1,0,0,0,1,1,1
959,1,0,1,1,0,0,0,1,1,1,1
960,0,1,0,1,0,1,1,0,1,0,1
961,0,1,0,1,0,0,1,1,0,1,1
962,0,0,1,0,1,1,0,0,0,0,1
963,0,1,1,0,0,1,1,1,1,1,1
964,0,1,1,1,1,0,1,0,1,1,1
965,1,0,1,1,0,1,0,1,1,0,1
966,1,1,0,1,0,1,0,0,1,1,1
967,0,1,1,0,1,1,1,0,1,1,1
968,1,0,1,1,0,1,0,1,0,1,1
969,0,0,0,1,1,1,1,1,0,0,1
970,1,1,0,0,1,0,1,0,1,0,1
971,1,0,0,1,0,1,1,0,0,1,1
972,1,1,1,0,1,1,1,1,0,1,1
973,0,0,0,1,0,0,1,1,0,0,1
974,0,0,0,0,0,0,1,0,0,0,0
975,1,0,1,0,0,1,0,0,0,1,0
976,1,1,1,1,1,0,0,1,0,0,1
977,1,1,0,1,0,0,1,0,0,0,0
978,0,1,1,1,1,1,1,1,0,0,1
979,0,1,1,1,1,0,1,0,1,0,1
980,1,1,1,1,0,0,1,0,1,1,1
981,0,0,1,1,1,0,0,1,0,0,1
982,1,1,1,1,1,1,0,0,0,0,1
983,0,1,0,1,0,1,0,1,0,0,1
984,1,0,0,1,0,0,0,1,0,1,0
985,0,0,0,1,0,1,0,0,0,1,0
986,0,0,0,0,0,0,1,0,1,1,0
987,0,1,0,1,1,0,0,1,1,1,1
988,0,0,1,1,1,1,0,0,0,0,1
989,1,0,0,1,1,0,1,0,0,1,1
990,1,1,0,1,1,0,1,1,1,0,1
991,0,1,0,1,0,0,0,0,1,0,0
992,0,0,0,0,0,0,0,1,1,1,0
993,1,1,0,0,1,1,0,0,1,1,1
994,0,1,1,0,1,0,0,1,1,1,1
995,0,1,0,0,0,1,0,0,1,1,0
996,1,0,0,0,0,1,0,1,1,0,1
997,1,0,0,1,1,1,1,0,1,1,1
998,0,0,1,0,0,0,1,1,0,0,1
999,0,0,1,0,1,1,0,0,1,0,1
1000,0,1,1,1,1,1,1,0,0,0,1
1001,1,1,0,0,1,0,0,1,0,0,0
1002,0,1,0,1,0,1,1,0,0,0,1
1003,0,0,1,1,0,1,1,0,1,1,1
1004,0,1,1,0,0,1,0,0,0,1,0
1005,1,1,1,0,1,0,0,0,0,1,0
1006,1,0,0,0,1,1,1,0,0,1,1
1007,1,0,0,0,1,0,1,1,1,1,1
1008,0,1,0,0,1,1,1,1,0,0,1
1009,1,0,0,0,0,0,0,1,1,0,0
1010,0,0,0,1,1,0,0,0,1,1,1
1011,0,1,1,1,0,1,0,0,0,0,1
1012,0,1,0,1,0,0,0,1,0,0,0
1013,0,0,1,0,0,1,1,0,0,0,1
1014,0,1,1,1,0,1,0,0,1,1,1
1015,1,0,1,1,1,1,0,1,0,0,1
1016,0,1,1,0,1,0,1,1,0,0,1
1017,0,0,1,1,0,1,0,1,1,1,1
1018,0,0,1,1,0,1,1,0,0,0,1
1019,0,1,1,1,1,1,0,1,1,1,1
1020,0,1,1,1,0,1,0,0,0,1,1
1021,1,0,0,1,1,0,1,1,0,1,1
1022,0,0,0,1,1,0,1,0,0,1,1
1023,1,1,0,0,1,1,1,0,0,1,1
1024,0,0,0,1,1,1,1,0,1,1,1
1025,1,0,0,1,1,1,1,0,0,0,1
1026,0,1,0,0,0,0,1,1,1,1,1
1027,1,1,1,1,0,0,0,1,1,0,1
1028,0,0,1,0,0,1,0,1,1,0,1
1029,0,0,0,1,1,1,1,1,1,1,1
1030,1,0,1,1,0,1,0,0,0,1,1
1031,1,0,1,1,1,0,1,1,1,0,1
1032,1,1,1,1,0,1,0,1,1,0,1
1033,1,1,1,1,1,1,1,1,0,0,1
1034,0,1,0,1,0,0,0,1,0,1,0
1035,1,0,0,0,0,1,1,0,1,1,1
1036,0,0,0,0,1,0,0,0,0,0,0
1037,0,1,0,1,0,0,0,1,1,0,1
1038,1,0,0,0,0,1,1,1,1,1,1
1039,0,1,0,1,1,1,0,1,1,1,1
1040,1,0,1,0,0,1,1,0,1,0,1
1041,1,0,0,0,0,1,0,0,1,0,0
1042,0,0,0,0,0,0,1,0,1,0,0
1043,0,0,1,1,0,1,0,1,0,0,1
1044,1,1,1,0,0,0,0,0,1,0,0
1045,0,1,0,1,0,0,0,0,0,0,0
1046,0,1,0,1,0,0,1,1,1,0,1
1047,1,0,0,0,1,1,0,0,0,1,0
1048,0,0,1,0,0,0,1,0,0,1,0
1049,0,0,0,1,1,1,0,0,1,0,1
1050,1,0,1,1,1,0,1,1,0,0,1
1051,1,0,1,0,1,1,0,0,1,0,1
1052,1,0,1,1,0,1,0,0,1,1,1
1053,1,0,0,1,0,0,0,0,0,1,0
1054,0,1,1,0,1,1,1,0,0,0,1
1055,0,1,1,1,1,1,0,0,0,0,1
1056,1,0,1,0,0,0,0,0,0,0,0
1057,0,1,0,1,0,0,0,1,1,1,1
1058,1,0,1,0,0,0,0,1,1,1,1
1059,1,0,1,0,1,0,1,0,1,1,1
1060,1,0,0,1,0,1,1,0,1,0,1
1061,1,1,1,1,1,1,1,1,1,1,1
1062,0,1,0,0,0,1,0,0,0,1,0
1063,0,0,1,1,1,0,1,0,1,0,1
1064,0,0,1,1,0,0,1,0,1,1,1
1065,1,1,1,1,1,0,0,0,1,0,1
1066,0,1,1,0,1,1,0,0,0,1,1
1067,1,1,1,1,1,0,0,1,1,1,1
1068,0,1,1,0,1,0,0,1,1,0,1
1069,0,0,1,1,0,1,1,0,0,1,1
1070,1,0,0,1,1,1,1,1,0,0,1
1071,0,0,0,1,1,0,1,1,0,1,1
1072,0,0,1,0,0,1,1,1,0,1,1
1073,1,0,1,1,1,1,1,1,0,1,1
1074,1,1,0,0,0,0,1,1,0,0,0
1075,1,1,1,0,0,0,1,0,1,0,1
1076,0,1,0,1,0,1,1,1,1,1,1
1077,0,0,1,0,0,1,0,1,1,1,1
1078,0,1,0,0,0,0,0,0,1,0,0
1079,1,0,1,0,0,1,1,0,0,0,1
1080,0,0,1,1,1,0,0,1,1,0,1
1081,0,1,1,0,1,1,0,0,1,1,1
1082,0,0,1,0,0,0,1,1,1,0,1
1083,1,0,1,1,0,0,0,1,0,1,1
1084,0,0,0,1,1,1,0,0,1,1,1
1085,1,1,0,0,0,0,1,0,1,0,0
1086,1,1,0,0,0,1,0,0,1,1,0
1087,1,1,0,1,1,1,0,0,0,0,1
1088,1,1,0,0,1,1,1,1,0,1,1
1089,0,0,0,1,1,1,1,1,0,1,1
1090,0,0,1,0,1,0,1,0,1,1,1
1091,0,1,1,0,0,1,1,0,1,0,1
1092,1,1,0,1,0,1,1,0,0,0,1
1093,1,0,1,0,0,0,1,1,0,0,1
1094,0,0,0,0,1,1,0,1,0,0,1
1095,1,0,0,0,0,0,1,0,1,1,0
1096,1,0,0,0,0,0,1,1,1,1,1
1097,1,1,1,1,0,0,0,0,1,0,1
1098,1,1,1,1,1,0,1,1,1,1,1
1099,1,1,1,1,1,0,1,1,1,0,1
1100,1,0,0,0,1,1,0,1,1,1,1
1101,1,1,1,0,0,1,1,0,1,1,1
1102,1,1,1,0,1,1,1,1,1,0,1
1103,0,1,1,1,0,1,1,1,0,1,1
1104,0,0,0,0,0,1,1,0,0,0,0
1105,0,0,0,0,0,0,1,1,0,0,0
1106,0,1,0,0,0,0,1,0,1,0,0
1107,1,0,1,0,1,0,0,0,1,0,1
1108,0,0,0,1,0,1,1,1,1,1,1
1109,0,0,0,0,0,0,0,0,1,1,0
1110,0,1,0,0,1,1,0,0,1,0,1
1111,1,0,1,0,1,1,0,1,0,0,1
1112,0,0,1,1,0,1,0,0,0,0,1
1113,1,0,1,1,1,1,1,1,0,0,1
1114,0,0,0,0,1,0,1,0,1,0,1
1115,0,0,0,0,1,1,0,1,1,1,1
1116,1,0,0,0,1,0,1,0,0,1,0
1117,0,0,0,1,0,1,0,0,1,0,1
1118,1,1,0,0,0,0,0,0,1,1,0
1119,0,0,0,1,0,0,0,0,0,1,0
1120,1,0,0,1,1,0,0,0,0,0,0
1121,1,1,0,0,1,0,1,1,0,1,1
1122,0,1,0,0,1,1,0,1,0,1,1
1123,0,0,0,1,0,0,1,0,0,0,0
1124,0,0,1,1,0,1,0,0,1,0,1
1125,1,0,0,1,0,1,0,1,0,0,1
1126,0,0,0,0,1,1,0,0,0,1,0
1127,0,0,0,1,1,1,1,0,1,0,1
1128,1,1,1,1,0,0,1,1,0,0,1
1129,0,1,0,0,0,1,1,0,1,0,1
1130,0,0,1,1,0,1,0,1,1,0,1
1131,0,1,0,0,1,0,0,1,0,0,0
1132,0,0,0,1,0,0,0,1,0,1,0
1133,1,1,1,0,0,1,0,1,0,0,1
1134,0,1,1,0,1,0,0,0,1,0,1
1135,0,1,0,0,1,0,1,1,0,0,1
1136,1,0,1,1,0,0,0,0,0,1,0
1137,1,0,1,0,1,0,1,1,0,1,1
1138,1,0,1,1,0,0,0,0,1,1,1
1139,0,1,0,0,0,0,0,0,0,0,0
1140,1,1,1,1,1,0,1,1,0,1,1
1141,1,0,1,1,0,1,1,0,0,1,1
1142,0,1,1,1,1,1,1,1,0,1,1
1143,0,1,0,1,0,1,1,0,1,1,1
1144,1,0,0,0,0,0,0,1,1,1,0
1145,1,0,1,0,0,1,1,1,1,1,1
1146,1,1,0,0,0,1,1,0,1,0,1
1147,0,0,0,1,1,1,1,0,0,1,1
1148,1,0,0,0,1,1,0,0,1,1,1
1149,0,0,1,1,0,0,0,0,0,0,0
1150,0,1,1,1,0,1,1,0,1,1,1
1151,0,0,1,0,1,0,1,1,1,1,1
1152,0,1,0,1,0,1,1,1,1,0,1
1153,1,1,0,0,1,0,1,1,1,0,1
1154,1,0,0,1,1,1,1,1,1,0,1
1155,1,0,0,1,0,0,1,1,0,1,1
1156,1,1,1,1,1,1,0,1,1,0,1
1157,1,1,0,1,1,0,0,0,0,0,0
1158,0,0,1,1,1,0,0,0,0,0,1
1159,1,0,0,1,0,0,1,1,1,0,1
1160,0,1,0,1,1,0,0,0,1,0,1
1161,0,0,0,1,1,0,1,0,0,0,1
1162,0,0,0,0,1,1,1,1,1,0,1
1163,1,0,1,1,0,0,1,1,1,1,1
1164,0,1,0,1,1,1,1,0,1,0,1
1165,0,1,1,0,1,1,0,0,1,0,1
1166,0,1,1,1,1,1,1,0,1,0,1
1167,0,0,1,1,1,1,0,0,1,1,1
1168,0,1,0,0,1,1,0,1,1,1,1
1169,0,0,0,1,0,1,1,1,0,0,1
1170,1,1,1,0,1,0,0,0,1,1,1
1171,0,1,1,1,0,1,0,0,1,0,1
1172,1,1,1,0,1,0,0,1,1,0,1
1173,1,1,0,0,0,1,0,1,0,0,0
1174,1,1,1,1,0,1,0,1,1,1,1
1175,1,1,1,1,0,1,0,0,1,0,1
1176,0,1,0,0,0,0,1,1,1,0,1
1177,1,0,1,1,0,0,1,0,1,0,1
1178,0,0,1,0,1,0,1,1,0,1,1
1179,1,1,1,1,1,1,1,0,0,0,1
1180,1,1,0,1,1,1,0,1,0,1,1
1181,1,1,0,1,0,1,0,1,1,1,1
1182,1,0,0,1,1,1,1,1,0,1,1
1183,0,1,1,1,1,1,1,0,0,1,1
1184,1,0,0,0,0,1,0,0,1,1,0
1185,1,0,0,1,0,1,0,0,0,0,0
1186,1,1,1,1,1,1,0,0,0,1,1
1187,1,0,1,0,0,0,1,1,1,1,1
1188,0,1,1,1,0,1,1,1,1,0,1
1189,0,0,0,1,1,0,0,0,0,0,0
1190,0,1,0,0,1,0,1,1,0,1,1
1191,0,1,1,0,0,0,1,1,1,0,1
1192,0,0,0,1,0,0,0,1,1,0,1
1193,1,1,0,0,1,0,0,1,0,1,0
1194,0,0,1,1,1,0,0,0,1,1,1
1195,1,1,1,0,0,0,0,1,0,0,0
1196,1,1,0,1,1,0,0,1,1,1,1
1197,1,0,0,1,0,1,0,1,0,1,1
1198,1,0,1,1,1,1,0,0,1,0,1
1199,1,0,1,1,0,0,1,0,0,1,1
1200,0,0,0,1,1,0,1,1,1,1,1
1201,1,1,0,1,0,0,1,1,1,0,1
1202,1,0,1,1,0,0,0,0,1,0,1
1203,0,1,0,1,1,1,0,0,0,0,1
1204,0,1,0,0,0,0,1,1,0,0,0
1205,1,1,0,0,1,0,0,1,1,0,1
1206,0,0,0,1,0,1,1,0,0,0,1
1207,1,1,1,1,0,0,0,1,1,1,1
1208,1,0,1,0,0,1,0,0,1,1,1
1209,1,1,1,0,1,0,0,1,1,1,1
1210,1,1,1,1,0,0,0,1,0,0,1
1211,0,1,1,0,0,0,0,1,1,1,1
1212,1,0,1,1,0,1,1,1,0,0,1
1213,0,1,0,1,0,0,1,0,0,0,0
1214,0,1,1,0,0,1,1,0,1,1,1
1215,1,1,0,0,1,1,0,0,0,1,0
1216,0,0,1,1,1,1,1,0,0,0,1
1217,0,0,1,1,0,1,1,0,1,0,1
1218,0,1,1,0,0,0,1,0,0,0,0
1219,0,0,0,1,0,0,0,1,0,0,0
1220,1,1,0,0,1,1,1,1,0,0,1
1221,0,0,0,0,1,1,0,0,0,0,0
1222,1,1,1,1,0,0,1,1,1,1,1
1223,0,0,1,1,0,0,1,1,0,1,1
1224,0,1,1,0,1,0,1,1,1,0,1
1225,0,1,1,1,1,0,0,0,0,1,1
1226,0,0,0,0,1,1,1,0,1,0,1
1227,0,1,0,1,0,1,0,0,1,0,1
1228,1,0,1,0,1,0,1,1,0,0,1
1229,1,1,0,1,1,0,1,0,0,0,1
1230,0,0,1,0,1,0,0,1,0,0,1
1231,1,0,1,0,1,0,0,0,0,0,0
1232,0,1,1,1,0,1,1,0,1,0,1
1233,0,1,0,1,1,0,0,1,0,0,1
1234,1,0,1,1,0,0,0,1,1,0,1
1235,1,0,0,0,1,0,0,1,0,1,0
1236,1,1,1,1,1,0,0,0,1,1,1
1237,1,0,1,1,0,1,0,0,1,0,1
1238,0,1,0,0,1,1,1,0,0,1,1
1239,1,0,1,1,1,1,1,0,1,0,1
1240,0,1,1,1,0,0,0,0,0,1,0
1241,0,0,0,0,1,0,1,1,1,1,1
1242,1,0,1,1,1,1,0,1,0,1,1
1243,0,0,0,0,0,1,1,0,1,0,1
1244,1,0,1,0,0,0,0,0,1,1,0
1245,1,1,0,0,0,0,1,0,0,1,0
1246,1,0,1,0,1,0,1,0,0,0,1
1247,1,1,0,1,0,0,1,1,0,0,1
1248,0,0,1,0,0,0,0,0,0,0,0
1249,1,1,0,1,0,0,1,1,0,1,1
1250,1,0,1,1,1,0,1,0,0,1,1
1251,0,1,1,1,0,0,0,1,0,1,1
1252,0,0,1,1,1,1,1,1,0,0,1
1253,0,1,0,0,1,1,0,1,0,0,1
1254,1,0,1,0,0,0,0,0,1,0,0
1255,0,0,1,0,0,1,0,0,1,0,1
1256,1,0,0,0,0,0,1,0,0,0,0
1257,1,1,1,1,1,0,0,1,1,0,1
1258,1,0,0,0,1,0,0,1,0,0,0
1259,1,1,0,0,0,0,0,1,1,0,0
1260,0,0,1,1,0,1,0,1,0,1,1
1261,0,1,0,1,1,0,0,1,1,0,1
1262,1,1,1,1,0,0,0,0,1,1,1
1263,0,0,0,1,1,1,1,0,0,0,1
1264,0,0,1,0,1,0,0,0,1,0,1
1265,1,0,0,1,0,1,0,0,1,0,1
1266,0,1,1,0,0,1,1,1,1,0,1
1267,1,1,1,0,1,1,0,1,1,0,1
1268,0,1,1,1,0,0,0,1,1,0,1
1269,0,0,1,0,1,1,1,1,0,0,1
1270,0,1,1,1,1,1,1,1,1,0,1
1271,0,1,0,1,0,0,1,0,0,1,0
1272,1,1,0,0,0,0,1,0,1,1,0
1273,1,1,1,0,0,1,1,0,0,1,1
1274,1,1,0,1,0,1,1,0,1,0,1
1275,0,1,0,0,0,1,1,1,0,0,1
1276,1,0,1,0,0,1,1,0,1,1,1
1277,0,1,0,0,1,1,1,0,1,1,1
1278,0,1,0,0,0,1,0,1,1,1,1
1279,1,0,1,1,0,0,1,1,0,0,1
1280,0,0,1,1,1,1,0,0,1,0,1
1281,0,0,1,0,0,1,1,1,1,0,1
1282,1,1,0,1,0,0,0,1,1,0,1
1283,1,0,1,1,0,0,1,1,0,1,1
1284,0,0,0,1,0,1,1,0,1,1,1
1285,0,1,0,0,1,1,1,1,1,0,1
1286,0,0,1,0,1,0,0,1,1,1,1
1287,1,0,1,1,0,1,0,0,0,0,1
1288,1,0,0,0,1,1,1,0,1,1,1
1289,1,1,0,0,0,1,0,1,1,0,1
1290,1,0,1,0,1,1,1,0,0,1,1
1291,1,1,1,0,1,0,1,0,1,0,1
1292,0,1,0,0,0,1,0,1,1,0,1
1293,1,1,0,1,0,0,0,0,1,0,0
1294,0,0,0,0,0,1,1,0,0,1,0
1295,0,0,0,0,0,0,1,0,0,1,0
1296,1,0,0,0,1,1,1,1,1,0,1
1297,1,0,1,1,0,1,0,1,1,1,1
1298,0,0,0,1,0,1,0,1,1,1,1
1299,0,1,1,1,0,1,0,1,1,0,1
1300,1,1,1,1,0,1,0,0,1,1,1
1301,1,1,1,0,0,1,1,0,0,0,1
1302,1,0,1,1,1,1,0,0,0,1,1
1303,0,0,1,1,1,0,1,0,0,1,1
1304,1,0,1,0,0,1,0,1,1,0,1
1305,1,1,0,1,1,0,0,1,0,0,1
1306,1,1,1,0,1,0,0,0,0,0,0
1307,1,1,1,1,1,1,1,1,1,0,1
1308,0,1,1,0,0,0,0,0,0,1,0
1309,0,1,1,1,0,1,1,0,0,0,1
1310,0,0,1,0,1,0,0,0,0,0,0
1311,0,0,1,0,1,1,0,0,1,1,1
1312,1,0,0,1,0,1,1,1,0,1,1
1313,1,0,0,0,1,0,0,0,1,1,0
1314,0,1,1,1,1,0,0,0,1,0,1
1315,1,1,0,0,1,1,1,0,1,1,1
1316,0,0,1,0,1,1,1,0,0,0,1
1317,1,0,1,1,1,1,1,1,1,1,1
1318,0,0,1,0,1,1,1,0,0,1,1
1319,1,1,1,1,1,0,1,1,0,0,1
1320,0,0,0,1,0,0,1,1,1,0,1
1321,0,0,0,1,1,1,0,0,0,1,1
1322,0,1,0,0,1,0,0,1,0,1,0
1323,1,0,1,0,1,0,1,1,1,1,1
