d3mIndex,Y,X1,X2,X3,X4,X5,X6,X7,X8,X9,X10,X11,X12,X13,X14
0,-1,1.0,-0.749474,-0.181429,0.0,-0.538462,-0.25,-0.888772,-1.0,-1.0,-1.0,1.0,0.0,-0.9,-0.97576
1,-1,-1.0,-0.731729,-0.5,0.0,0.076923,-0.25,-0.988421,-1.0,-1.0,-1.0,-1.0,0.0,-0.84,-1.0
2,-1,-1.0,-0.52391,-0.875,-1.0,-0.538462,-0.25,-0.912281,-1.0,-1.0,-1.0,1.0,0.0,-0.72,-1.0
3,1,-1.0,-0.761805,-0.178571,-1.0,-0.384615,-0.5,-1.0,1.0,1.0,-0.671642,1.0,0.0,-1.0,-1.0
4,1,1.0,-0.806917,-0.416429,0.0,-0.230769,-0.25,-0.862456,1.0,1.0,-0.58209,-1.0,0.0,-0.94,-0.99684
5,1,-1.0,-0.937444,-0.958214,0.0,0.076923,0.75,-0.894737,1.0,1.0,-0.940299,-1.0,0.0,-0.9,-1.0
6,-1,1.0,-0.889624,-0.535714,0.0,-0.692308,-0.25,-0.991228,-1.0,-1.0,-1.0,-1.0,0.0,-0.94,-0.998
7,1,-1.0,0.350977,-0.681429,0.0,0.538462,0.75,-0.786667,1.0,1.0,-0.820896,-1.0,0.0,-0.957,-0.9888
8,-1,1.0,-0.576541,-0.928571,-1.0,-0.846154,0.75,-0.789474,-1.0,-1.0,-1.0,-1.0,0.0,-0.824,-0.98926
9,-1,-1.0,0.263158,-0.494286,0.0,-0.538462,0.75,-0.526316,1.0,1.0,-0.910448,1.0,0.0,-0.9,-0.999
10,1,1.0,-0.406015,-0.875,0.0,1.0,0.75,-0.684211,1.0,1.0,-0.880597,1.0,0.0,-0.747,-0.98286
11,1,1.0,-0.16782,-0.642857,0.0,0.538462,0.75,-0.649123,1.0,1.0,-0.820896,1.0,0.0,-0.53,-1.0
12,-1,1.0,-0.79188,-0.910714,-1.0,0.076923,0.75,-0.903509,1.0,1.0,-0.910448,1.0,0.0,-0.86,-0.9958
13,1,1.0,-0.363308,-0.642857,0.0,1.0,0.75,-0.473684,1.0,1.0,-0.820896,1.0,0.0,-1.0,-0.98
14,-1,1.0,0.348271,-0.806429,0.0,0.076923,-0.25,-0.830526,-1.0,-1.0,-1.0,1.0,0.0,-0.68,-1.0
15,1,1.0,0.032481,-0.568571,0.0,-0.538462,-0.25,-0.997193,-1.0,-1.0,-1.0,-1.0,0.0,-1.0,-0.9462
16,1,1.0,-0.52391,-0.678571,0.0,0.230769,-0.25,-0.473684,1.0,1.0,-0.940299,1.0,0.0,-0.67,-1.0
17,1,-1.0,-0.844511,-0.357143,0.0,-0.230769,-0.25,-0.947368,1.0,1.0,-0.940299,-1.0,0.0,-0.912,-0.98818
18,-1,1.0,-0.81203,-0.910714,-1.0,-0.538462,-0.25,-0.991228,-1.0,-1.0,-1.0,-1.0,0.0,-0.86,-0.99992
19,1,-1.0,-0.739248,-0.595357,0.0,0.538462,-0.25,-0.818597,1.0,1.0,-0.791045,-1.0,0.0,-0.871,-0.93486
20,-1,-1.0,-0.566316,-0.958214,0.0,-0.230769,-0.25,-0.997193,-1.0,-1.0,-1.0,-1.0,0.0,-0.74,-0.97992
21,-1,-1.0,-0.836993,-0.958214,-1.0,-0.230769,-0.25,-0.958947,1.0,-1.0,-1.0,1.0,0.0,-0.84,-1.0
22,-1,1.0,-0.175338,-0.904643,0.0,-0.846154,-0.25,-0.988421,-1.0,-1.0,-1.0,-1.0,0.0,-0.832,-1.0
23,-1,1.0,-0.163008,-0.875,0.0,-0.538462,-0.25,-0.985263,1.0,-1.0,-1.0,-1.0,0.0,-0.84,-1.0
24,-1,1.0,-0.827068,-0.315357,0.0,-0.230769,-0.25,-0.944561,-1.0,-1.0,-1.0,-1.0,0.0,-0.92,-0.993
25,1,1.0,-0.428571,-0.892857,0.0,0.846154,0.75,-0.614035,1.0,1.0,-0.910448,1.0,0.0,-1.0,-1.0
26,-1,1.0,-0.736842,-0.991071,-1.0,-0.538462,-0.25,-0.991228,-1.0,-1.0,-1.0,-1.0,0.0,-0.8,-0.9986
27,1,1.0,-0.41594,-0.782857,-1.0,0.076923,0.75,-0.856842,1.0,1.0,-0.970149,1.0,0.0,-0.82,-0.63946
28,1,-1.0,-0.491128,-0.142857,0.0,0.076923,-0.25,-0.859649,1.0,1.0,-0.970149,-1.0,0.0,-0.78,-0.99962
29,1,1.0,-0.719399,-0.821429,0.0,0.076923,-0.25,-0.92386,1.0,1.0,-0.671642,1.0,0.0,-0.94,-0.95632
30,1,1.0,-0.601504,-0.946429,0.0,0.076923,0.75,-0.701754,1.0,1.0,-0.910448,1.0,0.0,-0.688,-0.997
31,-1,-1.0,-0.799399,-0.25,-1.0,1.0,0.75,-1.0,-1.0,-1.0,-1.0,1.0,0.0,-0.846,-0.99936
32,-1,1.0,0.160301,-0.901786,-1.0,0.076923,0.75,-0.33614,1.0,-1.0,-1.0,1.0,0.0,-0.8,-0.998
33,1,1.0,-0.719399,-0.178571,0.0,0.230769,0.75,-0.850877,1.0,1.0,-0.671642,1.0,0.0,-0.71,-0.99432
34,-1,1.0,-0.125414,-0.910714,0.0,-0.076923,-0.25,-0.026316,-1.0,1.0,-0.970149,1.0,0.0,-0.648,-0.99776
35,-1,1.0,0.836993,0.357143,-1.0,-1.0,-1.0,-0.997193,-1.0,1.0,-0.940299,-1.0,0.0,-1.0,-0.99298
36,1,1.0,-0.661654,-0.107143,0.0,-0.230769,-0.25,-0.789474,1.0,-1.0,-1.0,1.0,-1.0,-0.98,-1.0
37,1,1.0,-0.223158,-0.006071,0.0,0.230769,-0.25,-0.394737,1.0,1.0,-0.820896,1.0,0.0,-0.93,-1.0
38,1,-1.0,0.022556,-0.428571,0.0,0.076923,-0.25,-0.447368,1.0,1.0,-0.820896,1.0,0.0,-1.0,-0.9748
39,1,-1.0,0.012632,-0.785714,0.0,1.0,-0.25,-0.026316,1.0,1.0,-0.940299,1.0,0.0,-0.481,-0.96592
40,1,1.0,-0.716692,-1.0,0.0,0.846154,-0.25,-0.994035,1.0,-1.0,-1.0,-1.0,0.0,-1.0,-1.0
41,-1,1.0,-0.734436,-0.892857,-1.0,-0.230769,-0.25,-0.962105,-1.0,-1.0,-1.0,1.0,0.0,-0.88,-0.99866
42,1,1.0,-0.609023,-0.919643,0.0,1.0,0.75,-0.912281,1.0,-1.0,-1.0,-1.0,0.0,-1.0,-0.89404
43,-1,1.0,0.491128,-0.961429,0.0,0.076923,-0.25,-0.958947,1.0,1.0,-0.910448,1.0,0.0,-0.82,-1.0
44,-1,1.0,-0.699248,-0.970357,-1.0,0.076923,-0.25,-0.997193,-1.0,1.0,-0.940299,-1.0,0.0,-0.872,-0.99988
45,1,-1.0,-0.789474,-0.267857,0.0,0.538462,-0.25,-0.950175,1.0,1.0,-0.940299,1.0,0.0,-0.951,-1.0
46,-1,-1.0,-0.676692,-0.875,-1.0,0.076923,-0.25,-0.988421,-1.0,-1.0,-1.0,-1.0,0.0,-0.868,-1.0
47,1,1.0,-0.927218,-0.997143,0.0,0.076923,-0.25,-0.997193,-1.0,-1.0,-1.0,-1.0,0.0,-1.0,-1.0
48,-1,-1.0,-0.526316,-0.857143,-1.0,0.384615,0.75,-0.859649,-1.0,-1.0,-1.0,-1.0,0.0,-0.744,-0.99966
49,1,-1.0,0.175338,0.071429,0.0,0.076923,-0.25,-0.614035,1.0,1.0,-0.58209,-1.0,0.0,-1.0,-0.956
50,-1,1.0,-0.441203,-0.75,0.0,-0.538462,-0.25,-0.964912,-1.0,-1.0,-1.0,1.0,0.0,-0.768,-1.0
51,-1,1.0,-0.779549,-0.705357,-1.0,-0.692308,0.75,-0.997193,-1.0,-1.0,-1.0,-1.0,0.0,-0.86,-0.998
52,-1,1.0,-0.566316,-0.991071,-1.0,-0.538462,-0.25,-0.994035,-1.0,-1.0,-1.0,-1.0,0.0,-0.784,-0.958
53,-1,1.0,-0.842105,-0.875,-1.0,0.076923,-0.25,-0.83614,-1.0,-1.0,-1.0,1.0,0.0,-0.888,-0.99988
54,-1,1.0,-0.58406,-0.767857,-1.0,0.538462,0.75,-0.643158,-1.0,1.0,-0.940299,1.0,0.0,-0.631,-0.99998
55,1,1.0,-0.576541,-0.892857,0.0,0.230769,-0.25,-0.859649,1.0,1.0,-0.671642,1.0,0.0,-0.566,-0.9993
56,1,1.0,-0.210526,-0.535714,0.0,-0.230769,0.0,-0.754386,1.0,1.0,-0.970149,-1.0,0.0,-1.0,-0.99
57,-1,-1.0,-0.290827,-0.821429,0.0,-0.692308,0.75,-0.985263,-1.0,-1.0,-1.0,-1.0,0.0,-0.74,-0.99508
58,1,1.0,-0.135338,-0.648929,-1.0,0.230769,-0.25,-0.777895,1.0,-1.0,-1.0,1.0,0.0,-0.948,-0.97116
59,1,1.0,0.293233,-0.125,0.0,-0.076923,-0.25,-0.912281,1.0,1.0,-0.880597,1.0,0.0,-0.8,-1.0
60,-1,1.0,-0.115188,-0.642857,0.0,-0.692308,0.0,-0.842105,-1.0,-1.0,-1.0,1.0,0.0,-0.859,-1.0
61,-1,-1.0,-0.699248,-0.949286,0.0,0.230769,-0.25,-0.982456,-1.0,1.0,-0.970149,1.0,0.0,-0.76,-0.99992
62,1,1.0,-0.857143,-0.857143,0.0,-0.692308,-0.25,-0.894737,1.0,1.0,-0.940299,-1.0,0.0,-0.88,-0.994
63,-1,-1.0,-0.185564,-0.75,0.0,-0.692308,0.0,-0.964912,-1.0,-1.0,-1.0,-1.0,-1.0,0.16,-1.0
64,1,-1.0,-0.676692,-0.964286,0.0,0.538462,0.75,-0.894737,1.0,-1.0,-1.0,-1.0,0.0,-0.72,-0.98352
65,1,1.0,-0.150376,-0.300714,0.0,1.0,0.75,-0.441404,1.0,1.0,-0.761194,-1.0,0.0,-1.0,-1.0
66,-1,-1.0,-0.827068,-0.988214,0.0,0.538462,-0.25,-0.997193,-1.0,-1.0,-1.0,1.0,0.0,-0.62,-1.0
67,-1,1.0,-0.766917,-0.178571,0.0,-0.692308,-0.25,-0.964912,1.0,-1.0,-1.0,1.0,0.0,-0.9,-0.99864
68,-1,1.0,-0.473684,-0.7975,0.0,-1.0,-1.0,-1.0,-1.0,1.0,-0.850746,-1.0,0.0,-0.824,-0.99708
69,1,1.0,-0.593985,-0.886786,0.0,0.846154,0.75,-0.871228,1.0,1.0,-0.641791,1.0,0.0,-0.417,-0.98574
70,-1,1.0,0.052632,0.881071,-1.0,-1.0,-1.0,-1.0,1.0,-1.0,-1.0,1.0,0.0,-1.0,-1.0
71,-1,-1.0,-0.498647,-0.901786,0.0,0.230769,0.75,-0.997193,-1.0,1.0,-0.910448,-1.0,0.0,-1.0,-0.99934
72,-1,1.0,-0.528722,-0.910714,0.0,0.230769,-0.25,-0.877193,-1.0,-1.0,-1.0,-1.0,0.0,-0.8,-1.0
73,1,1.0,-0.56391,-0.64,-1.0,0.076923,0.0,-0.894737,1.0,1.0,-0.761194,1.0,0.0,-0.856,-0.99986
74,1,1.0,-0.203008,0.535714,0.0,0.384615,1.0,0.403509,1.0,1.0,-0.671642,-1.0,0.0,-1.0,-0.976
75,-1,1.0,-0.31579,-0.696429,0.0,0.538462,-0.25,-0.754386,-1.0,-1.0,-1.0,-1.0,0.0,-0.546,-0.999
76,-1,1.0,-0.644211,-0.976071,0.0,-0.538462,0.75,-0.754386,-1.0,-1.0,-1.0,1.0,0.0,-0.66,-1.0
77,-1,1.0,-0.516391,-0.75,0.0,0.076923,-0.25,-0.988421,-1.0,-1.0,-1.0,-1.0,0.0,-0.784,-1.0
78,-1,1.0,-0.719399,-1.0,0.0,-0.538462,-0.25,-0.929825,-1.0,1.0,-0.671642,-1.0,-1.0,-1.0,-1.0
79,1,-1.0,-0.446015,-0.895714,0.0,0.230769,-0.25,-0.92386,1.0,1.0,-0.522388,-1.0,0.0,-0.88,-0.95842
80,1,1.0,-0.656541,-0.75,0.0,0.846154,-0.25,-0.95614,1.0,1.0,-0.791045,-1.0,0.0,-1.0,-0.85882
81,-1,-1.0,-0.35579,-0.732143,0.0,-1.0,-1.0,-1.0,-1.0,1.0,-0.820896,-1.0,0.0,-1.0,-0.996
82,-1,-1.0,-0.854737,-0.285714,0.0,-0.846154,-0.25,-0.970877,-1.0,-1.0,-1.0,-1.0,0.0,-0.92,-0.99916
83,-1,1.0,-0.212932,-0.642857,0.0,-0.692308,0.0,-0.985263,-1.0,-1.0,-1.0,-1.0,0.0,-0.45,-1.0
84,-1,1.0,-0.709173,-0.928571,0.0,0.076923,-0.25,-0.964912,-1.0,-1.0,-1.0,1.0,-1.0,-0.72,-1.0
85,1,1.0,-0.283308,-1.0,0.0,0.076923,-0.25,-1.0,-1.0,-1.0,-1.0,-1.0,1.0,-0.816,-1.0
86,-1,-1.0,-0.669173,-0.023929,0.0,0.538462,0.75,-0.894737,-1.0,-1.0,-1.0,-1.0,0.0,-0.72,-0.99998
87,1,-1.0,0.0,-0.071429,0.0,-0.692308,0.0,-0.637544,1.0,1.0,-0.731343,1.0,0.0,-1.0,-1.0
88,1,1.0,-0.385865,-0.625,0.0,0.230769,-0.25,-0.994035,-1.0,-1.0,-1.0,1.0,0.0,-0.71,-0.99988
89,-1,1.0,-0.746767,-0.958214,-1.0,-1.0,-1.0,-1.0,-1.0,-1.0,-1.0,-1.0,0.0,-0.9,-1.0
90,-1,1.0,-0.578947,-0.907857,0.0,-0.538462,0.75,-0.982456,-1.0,-1.0,-1.0,1.0,-1.0,-0.86,-1.0
91,-1,1.0,-0.12782,-0.708214,0.0,-0.230769,-0.25,-0.997193,-1.0,-1.0,-1.0,-1.0,0.0,-0.892,-0.998
92,-1,1.0,-0.551278,0.035714,0.0,-0.846154,-0.25,-0.991228,-1.0,-1.0,-1.0,-1.0,0.0,-1.0,-0.99428
93,1,1.0,-0.323308,-0.642857,0.0,0.076923,0.0,-0.824561,1.0,1.0,-0.820896,-1.0,0.0,-1.0,-0.99266
94,-1,-1.0,-0.867068,-0.285714,-1.0,0.538462,0.75,-0.988421,-1.0,-1.0,-1.0,-1.0,0.0,-0.66,-1.0
95,1,1.0,-0.774436,-0.892857,0.0,0.230769,-0.25,-0.894737,-1.0,-1.0,-1.0,-1.0,0.0,-0.85,-0.99984
96,-1,-1.0,-0.243008,-0.881071,0.0,-0.230769,-0.25,-0.982456,-1.0,-1.0,-1.0,-1.0,0.0,-1.0,-0.9922
97,-1,1.0,-0.456241,-0.997143,-1.0,-0.076923,-0.25,-0.997193,-1.0,-1.0,-1.0,-1.0,0.0,-1.0,-1.0
98,-1,-1.0,-0.892331,-0.321429,0.0,-0.230769,-0.25,-0.877193,-1.0,1.0,-0.701493,1.0,0.0,-1.0,-0.9998
99,1,-1.0,-0.799399,-0.940357,0.0,0.538462,-0.25,-0.888772,1.0,1.0,-0.970149,-1.0,0.0,-1.0,-1.0
100,-1,-1.0,-0.238195,-0.714286,0.0,0.076923,-0.25,-0.789474,-1.0,-1.0,-1.0,-1.0,0.0,-0.52,-1.0
101,1,1.0,-0.250526,-0.985,0.0,-0.538462,-0.25,-0.994035,1.0,-1.0,-1.0,1.0,0.0,-0.72,-1.0
102,1,1.0,-0.581353,-0.017857,0.0,0.230769,-0.25,-0.596491,1.0,-1.0,-1.0,1.0,0.0,-0.513,-0.99
103,1,1.0,-0.578947,-0.958214,-1.0,0.846154,-0.25,-0.982456,1.0,1.0,-0.940299,-1.0,0.0,-0.74,-0.99
104,-1,1.0,-0.842105,-1.0,-1.0,-1.0,-1.0,-1.0,-1.0,1.0,-0.880597,-1.0,0.0,-0.955,-0.99998
105,1,-1.0,-0.661654,-0.9375,0.0,1.0,0.75,-0.927018,1.0,-1.0,-1.0,1.0,0.0,-0.84,-0.8828
106,1,1.0,-0.581353,-0.857143,0.0,1.0,0.75,-0.929825,1.0,1.0,-0.880597,-1.0,0.0,-0.86,-0.84912
107,-1,1.0,-0.744361,-0.357143,0.0,-0.230769,-0.25,-0.994035,-1.0,-1.0,-1.0,-1.0,0.0,-1.0,-1.0
108,1,-1.0,0.085113,-0.029643,0.0,-0.538462,0.75,-0.403509,1.0,-1.0,-1.0,1.0,0.0,-1.0,-1.0
109,-1,1.0,-0.441203,-0.821429,0.0,0.076923,-0.25,-0.912281,-1.0,-1.0,-1.0,1.0,0.0,-0.72,-1.0
110,-1,1.0,-0.263158,-0.276786,-1.0,-0.538462,-0.25,-0.991228,-1.0,-1.0,-1.0,-1.0,0.0,-0.84,-1.0
111,-1,1.0,0.009925,-0.535714,0.0,0.076923,-0.25,-0.929825,-1.0,-1.0,-1.0,1.0,0.0,-1.0,-0.99544
112,-1,1.0,-0.576541,-0.714286,-1.0,-0.692308,0.75,-0.596491,1.0,1.0,-0.940299,1.0,0.0,-0.925,-1.0
113,1,-1.0,-0.338346,-0.934643,0.0,-0.230769,-0.25,-0.947368,1.0,1.0,-0.880597,-1.0,0.0,-1.0,-0.96834
114,-1,1.0,-0.403609,-0.982143,0.0,-0.692308,0.0,-0.719298,-1.0,-1.0,-1.0,1.0,-1.0,-0.58,-1.0
115,1,1.0,-0.388571,-0.994286,-1.0,-0.076923,0.0,-0.997193,1.0,1.0,-0.970149,1.0,0.0,-0.72,-0.96
116,1,-1.0,-0.789474,-0.261786,0.0,0.846154,0.75,-0.976491,1.0,1.0,-0.970149,1.0,0.0,-0.92,-0.999
117,1,1.0,-0.41594,-0.928571,0.0,1.0,-0.25,-0.947368,1.0,1.0,-0.791045,1.0,0.0,-0.66,-0.91858
118,1,1.0,-0.729323,-0.214286,0.0,0.538462,-0.25,-0.824561,1.0,1.0,-0.791045,1.0,0.0,-0.9,-0.98382
119,1,1.0,0.052632,-0.392857,0.0,0.076923,0.75,-0.122807,1.0,1.0,-0.731343,-1.0,0.0,-0.819,-0.9669
120,1,1.0,-0.193083,-0.642857,0.0,0.076923,-0.25,-0.649123,1.0,1.0,-0.791045,-1.0,0.0,-1.0,-0.9387
121,-1,1.0,-0.79188,-0.940357,-1.0,0.076923,-0.25,-0.859649,-1.0,-1.0,-1.0,1.0,-1.0,-0.76,-1.0
122,-1,-1.0,-0.24812,-0.892857,0.0,-1.0,-1.0,-1.0,-1.0,-1.0,-1.0,-1.0,0.0,-0.924,-1.0
123,1,-1.0,0.303158,0.392857,0.0,0.076923,-0.25,-0.614035,1.0,1.0,-0.791045,-1.0,0.0,-1.0,-0.94
124,1,-1.0,-0.473684,-0.732143,0.0,0.846154,0.75,-0.95614,1.0,1.0,-0.731343,1.0,0.0,-0.819,-1.0
125,-1,1.0,-0.75188,-0.943571,0.0,0.230769,-0.25,-0.979649,-1.0,1.0,-0.970149,-1.0,0.0,-0.58,-0.99434
126,1,-1.0,0.340752,-0.285714,0.0,0.538462,-0.25,-0.719298,1.0,1.0,-0.58209,-1.0,0.0,-1.0,-0.96796
127,-1,1.0,-0.543759,-0.973214,0.0,0.076923,-0.25,-0.979649,-1.0,-1.0,-1.0,-1.0,0.0,-0.78,-0.9972
128,1,-1.0,-0.030075,-0.714286,0.0,-0.384615,-0.5,-1.0,1.0,-1.0,-1.0,-1.0,0.0,-0.9,-0.9808
129,1,1.0,-0.781955,-0.785714,-1.0,-0.846154,-0.25,-0.92386,1.0,1.0,-0.761194,1.0,0.0,-0.84,-0.99998
130,1,-1.0,-0.669173,-0.107143,0.0,-0.230769,-0.25,-0.894737,1.0,1.0,-0.641791,1.0,0.0,-0.88,-0.98866
131,-1,-1.0,-0.787068,-0.964286,-1.0,0.384615,-0.75,-0.929825,-1.0,-1.0,-1.0,-1.0,0.0,-0.74,-1.0
132,-1,1.0,-0.674286,-0.035714,-1.0,-1.0,-1.0,-1.0,-1.0,-1.0,-1.0,-1.0,0.0,-0.816,-1.0
133,-1,-1.0,-0.616541,-0.806429,-1.0,0.076923,-0.25,-0.994035,-1.0,-1.0,-1.0,-1.0,-1.0,-0.92,-1.0
134,-1,1.0,-0.182857,-0.940357,0.0,-1.0,-1.0,-1.0,1.0,-1.0,-1.0,-1.0,0.0,-0.87,-0.99998
135,-1,-1.0,-0.260752,-0.684643,0.0,0.076923,-0.25,-0.991228,-1.0,-1.0,-1.0,-1.0,0.0,-0.84,-1.0
136,-1,1.0,-0.824662,-0.958214,0.0,-1.0,-1.0,-1.0,-1.0,1.0,-0.910448,-1.0,0.0,-0.65,-0.98462
137,1,1.0,-0.233083,-0.321429,0.0,-0.076923,-0.25,-0.54386,1.0,1.0,-0.58209,-1.0,0.0,-0.76,-0.90786
138,1,1.0,-0.639098,-0.964286,0.0,0.076923,-0.25,-0.897544,1.0,1.0,-0.850746,1.0,0.0,-0.688,-1.0
139,1,-1.0,-0.027669,-0.785714,0.0,0.076923,-0.25,-0.833333,1.0,1.0,-0.761194,1.0,0.0,-0.604,-0.91682
140,-1,1.0,-0.821955,-0.285714,-1.0,-0.538462,0.75,-0.941404,1.0,-1.0,-1.0,1.0,0.0,-0.86,-1.0
141,-1,-1.0,-0.744361,-0.910714,-1.0,-1.0,-1.0,-0.77193,-1.0,-1.0,-1.0,-1.0,0.0,-0.72,-1.0
142,-1,1.0,-0.847218,-0.747143,-1.0,-1.0,-1.0,-1.0,-1.0,-1.0,-1.0,1.0,0.0,-0.82,-0.99998
143,1,1.0,0.513684,0.428571,0.0,1.0,0.75,0.22807,1.0,1.0,-0.731343,1.0,0.0,-1.0,-0.98
144,-1,-1.0,-0.917293,-0.910714,0.0,0.538462,-0.25,-0.982456,-1.0,1.0,-0.970149,-1.0,0.0,-0.892,-0.99804
145,1,-1.0,0.651729,0.071429,0.0,0.384615,1.0,-1.0,1.0,1.0,-0.58209,-1.0,0.0,-1.0,-0.93248
146,1,1.0,0.894737,0.592143,0.0,0.384615,1.0,-0.105263,1.0,1.0,-0.970149,1.0,0.0,-1.0,-0.99782
147,-1,-1.0,-0.934737,-0.794643,0.0,0.538462,-0.25,-0.994035,-1.0,-1.0,-1.0,-1.0,0.0,-0.88,-1.0
148,-1,1.0,-0.366015,-0.714286,0.0,-0.846154,0.0,-0.122807,1.0,-1.0,-1.0,1.0,0.0,-0.816,-1.0
149,1,-1.0,0.012632,-0.428571,0.0,0.384615,0.0,-0.54386,1.0,1.0,-0.820896,-1.0,0.0,-0.625,0.022
150,1,1.0,-0.716692,-1.0,0.0,0.076923,-0.25,-1.0,-1.0,-1.0,-1.0,-1.0,1.0,-0.816,-1.0
151,-1,1.0,-0.055038,-0.892857,0.0,0.076923,-0.25,-0.824561,1.0,-1.0,-1.0,1.0,0.0,-0.86,-1.0
152,-1,1.0,-0.957293,-0.5,0.0,0.384615,-0.25,-0.929825,-1.0,-1.0,-1.0,-1.0,0.0,-0.4,-1.0
153,-1,1.0,-0.847218,-0.970357,-1.0,0.076923,-0.25,-0.988421,-1.0,1.0,-0.970149,-1.0,0.0,-0.8,-0.99998
154,1,1.0,0.165414,-0.535714,0.0,-0.538462,-0.25,-0.558597,1.0,1.0,-0.552239,-1.0,0.0,-1.0,-0.77596
155,1,1.0,-0.836993,-1.0,-1.0,-0.076923,0.0,-1.0,-1.0,-1.0,-1.0,1.0,-1.0,-0.5,-0.99998
156,1,1.0,-0.872181,-0.988214,0.0,0.538462,0.5,-0.985263,-1.0,-1.0,-1.0,-1.0,0.0,-0.8,-0.9992
157,-1,1.0,-0.285714,-0.940357,0.0,0.384615,-0.25,-0.997193,-1.0,-1.0,-1.0,-1.0,0.0,-0.88,-0.9999
158,1,1.0,-0.731729,-0.886786,-1.0,0.230769,-0.25,-0.783509,1.0,1.0,-0.820896,-1.0,0.0,-0.92,-1.0
159,-1,1.0,0.024962,-0.7025,0.0,1.0,0.0,-0.994035,-1.0,-1.0,-1.0,1.0,0.0,-0.48,-1.0
160,-1,1.0,-0.388571,-0.821429,0.0,0.076923,-0.25,-0.929825,-1.0,-1.0,-1.0,-1.0,0.0,-0.54,-0.99968
161,-1,-1.0,-0.418647,-0.883929,0.0,-0.846154,-0.25,-0.962105,-1.0,-1.0,-1.0,1.0,0.0,-1.0,-1.0
162,1,1.0,-0.117895,-0.973214,-1.0,0.076923,-0.25,-0.973684,1.0,1.0,-0.761194,1.0,0.0,-0.7,-0.99676
163,1,1.0,-0.37594,-0.711429,-1.0,-0.692308,0.0,-0.403509,1.0,1.0,-0.791045,1.0,0.0,-0.805,-1.0
164,-1,1.0,-0.12782,-0.785714,0.0,-0.692308,0.0,-0.929825,1.0,-1.0,-1.0,-1.0,0.0,-1.0,-0.996
165,-1,1.0,-0.864662,-0.988214,0.0,-0.846154,-0.25,-0.982456,-1.0,-1.0,-1.0,1.0,-1.0,-0.72,-1.0
166,-1,1.0,-0.719399,-0.821429,0.0,-1.0,-1.0,-0.994035,-1.0,-1.0,-1.0,1.0,0.0,-0.9,-0.91584
167,1,-1.0,-0.736842,-0.395714,-1.0,1.0,-0.25,-0.827368,-1.0,-1.0,-1.0,-1.0,0.0,-0.836,-1.0
168,-1,1.0,-0.874587,-0.985357,0.0,-0.230769,-0.25,-0.997193,-1.0,-1.0,-1.0,-1.0,0.0,-0.72,-0.985
169,-1,1.0,-0.859549,-0.256071,-1.0,-0.230769,-0.25,-0.991228,1.0,-1.0,-1.0,-1.0,0.0,-0.88,-0.9925
170,-1,-1.0,-0.581353,-0.892857,0.0,-0.076923,-0.25,-0.859649,1.0,-1.0,-1.0,-1.0,-1.0,-0.632,-1.0
171,1,-1.0,-0.844511,-0.339286,-1.0,0.076923,-0.25,-0.929825,1.0,1.0,-0.880597,1.0,0.0,-0.92,-0.99
172,-1,1.0,-0.731729,-0.946429,0.0,-0.692308,-0.25,-0.888772,-1.0,1.0,-0.970149,1.0,0.0,-0.6,-0.99982
173,-1,1.0,0.466165,-0.089286,-1.0,0.076923,0.75,-0.649123,1.0,-1.0,-1.0,-1.0,0.0,-0.888,-1.0
174,1,-1.0,-0.706767,-0.357143,0.0,0.538462,-0.25,-0.403509,1.0,1.0,-0.850746,1.0,0.0,-0.88,-1.0
175,-1,1.0,-0.353384,-0.773929,0.0,1.0,0.75,-0.736842,1.0,-1.0,-1.0,1.0,0.0,-0.32,-1.0
176,-1,-1.0,0.295639,-0.696429,-1.0,-1.0,-1.0,-0.649123,-1.0,-1.0,-1.0,1.0,0.0,-1.0,-0.99992
177,-1,-1.0,0.190376,-0.988214,0.0,-1.0,-1.0,-1.0,-1.0,-1.0,-1.0,1.0,-1.0,-0.938,-0.99946
178,1,1.0,-0.175338,-0.711429,0.0,0.846154,0.75,-0.508772,1.0,1.0,-0.761194,-1.0,0.0,-0.68,-1.0
179,1,1.0,-0.145263,-0.64,0.0,0.538462,0.75,-0.105263,1.0,-1.0,-1.0,1.0,0.0,-0.908,-1.0
180,-1,1.0,-0.175338,-0.910714,-1.0,0.230769,-0.25,-0.982456,-1.0,-1.0,-1.0,-1.0,0.0,-1.0,-0.9961
181,-1,-1.0,-0.398496,-0.946429,0.0,-0.538462,0.0,-0.929825,1.0,1.0,-0.910448,1.0,0.0,-0.788,-1.0
182,1,1.0,-0.641504,-0.107143,0.0,0.846154,-0.25,-0.915088,1.0,1.0,1.0,1.0,0.0,-0.86,-0.99484
183,1,1.0,-0.681805,-0.526786,-1.0,-0.846154,-0.25,-0.614035,1.0,-1.0,-1.0,1.0,-1.0,-0.9,-1.0
184,1,1.0,-0.71188,-0.169643,-1.0,0.230769,-0.25,-0.941404,1.0,-1.0,-1.0,1.0,0.0,-0.84,-0.994
185,-1,1.0,-0.491128,-0.821429,0.0,0.846154,0.75,-0.842105,-1.0,-1.0,-1.0,1.0,-1.0,-0.66,-1.0
186,-1,1.0,-0.295639,-0.714286,0.0,0.076923,0.0,-0.649123,1.0,-1.0,-1.0,1.0,-1.0,-0.72,-1.0
187,-1,1.0,-0.62406,-0.89,0.0,0.230769,-0.25,-0.991228,-1.0,-1.0,-1.0,-1.0,0.0,-0.9,-1.0
188,-1,-1.0,-0.518797,-0.9525,0.0,0.230769,-0.25,-0.982456,-1.0,-1.0,-1.0,1.0,0.0,-0.7,-1.0
189,-1,-1.0,-0.721805,-0.868929,0.0,-0.384615,-0.5,-1.0,-1.0,1.0,-0.970149,-1.0,0.0,-0.8,-0.99894
190,-1,1.0,-0.894737,-0.785714,0.0,-0.538462,-0.25,-0.997193,-1.0,-1.0,-1.0,1.0,0.0,-0.84,-0.9992
191,1,1.0,-0.533835,0.056429,0.0,-0.230769,-0.25,-0.646316,1.0,1.0,-0.850746,1.0,0.0,-0.832,-1.0
192,-1,-1.0,-0.553985,-0.747143,0.0,-0.692308,0.0,-0.964912,1.0,-1.0,-1.0,1.0,0.0,-0.829,-1.0
193,-1,1.0,-0.373534,-1.0,0.0,0.076923,-0.25,-1.0,-1.0,-1.0,-1.0,-1.0,1.0,-0.816,-1.0
194,-1,1.0,-0.709173,-0.958214,0.0,0.076923,0.75,-0.994035,1.0,-1.0,-1.0,-1.0,0.0,-0.82,-1.0
195,1,1.0,-0.661654,-0.196429,0.0,0.076923,-0.25,-0.824561,1.0,1.0,-0.492537,-1.0,0.0,-0.8,-0.97584
196,1,-1.0,-0.849624,-0.464286,0.0,0.538462,-0.25,-0.809825,1.0,1.0,-0.850746,-1.0,0.0,-0.816,-0.46548
197,-1,1.0,-0.89985,-0.982143,0.0,0.538462,-0.25,-0.976491,-1.0,1.0,-0.880597,-1.0,0.0,-0.84,-0.99984
198,-1,-1.0,-0.929925,-0.976071,0.0,-1.0,-1.0,-1.0,-1.0,1.0,-0.970149,-1.0,0.0,-0.84,-0.99748
199,-1,1.0,-0.423459,-0.821429,0.0,-0.230769,-0.25,-0.877193,-1.0,1.0,-0.940299,1.0,0.0,-0.28,-1.0
200,1,-1.0,-0.802105,-0.285714,0.0,0.076923,0.75,-0.929825,1.0,1.0,-0.880597,-1.0,0.0,-0.95,-0.9707
201,-1,-1.0,-0.759399,-0.875,-1.0,-0.384615,-0.5,-1.0,-1.0,-1.0,-1.0,-1.0,0.0,-0.84,-1.0
202,1,1.0,-0.41594,-0.925714,0.0,0.692308,0.75,-0.54386,1.0,-1.0,-1.0,1.0,0.0,-0.836,-0.3743
203,-1,-1.0,-0.651729,-0.851071,0.0,0.076923,0.75,-0.807018,1.0,-1.0,-1.0,1.0,0.0,-0.64,-0.99998
204,1,-1.0,-0.669173,-0.785714,0.0,0.538462,0.75,-0.871228,1.0,1.0,-0.432836,-1.0,0.0,-1.0,-0.99
205,1,1.0,-0.486316,-1.0,0.0,0.230769,-0.25,-0.912281,1.0,1.0,-0.970149,-1.0,0.0,-0.798,-1.0
206,-1,1.0,-0.789474,-0.636786,-1.0,-0.384615,-0.25,-0.979649,-1.0,-1.0,-1.0,-1.0,0.0,-0.86,-0.99632
207,-1,-1.0,-0.200601,-0.419643,-1.0,-0.538462,-0.25,-0.988421,-1.0,1.0,-0.940299,-1.0,0.0,-0.816,-0.99964
208,-1,1.0,-0.528722,-0.910714,0.0,0.076923,0.75,-0.982456,-1.0,1.0,-0.940299,1.0,0.0,-0.6,-0.99784
209,-1,1.0,-0.182857,-0.964286,-1.0,-0.076923,-0.25,-0.964912,-1.0,-1.0,-1.0,1.0,0.0,-0.87,-1.0
210,1,-1.0,-0.526316,-0.967143,0.0,-0.538462,-0.25,-0.962105,1.0,1.0,-0.880597,-1.0,0.0,-0.62,-0.99
211,1,1.0,0.223158,-0.964286,-1.0,-0.538462,0.75,-0.722105,1.0,-1.0,-1.0,-1.0,0.0,-0.82,-0.99372
212,-1,1.0,-0.390977,-0.607143,-1.0,0.076923,-0.25,-0.894737,-1.0,-1.0,-1.0,1.0,0.0,-0.94,-1.0
213,-1,1.0,-0.661654,-0.142857,0.0,-0.538462,-0.25,-0.842105,1.0,1.0,-0.940299,1.0,0.0,-0.88,-0.9999
214,-1,-1.0,-0.614135,-0.818571,-1.0,-1.0,-1.0,-1.0,-1.0,-1.0,-1.0,1.0,0.0,-0.82,-0.9988
215,1,-1.0,-0.418647,-0.669643,0.0,0.538462,0.75,-0.885965,1.0,1.0,-0.940299,-1.0,0.0,-1.0,-1.0
216,-1,1.0,-0.400902,-0.845357,0.0,0.076923,-0.25,-0.894737,-1.0,-1.0,-1.0,-1.0,1.0,-0.88,-1.0
217,-1,1.0,-0.325714,-0.607143,0.0,-0.692308,0.0,-0.649123,-1.0,-1.0,-1.0,-1.0,0.0,-0.79,-0.98626
218,-1,1.0,-0.827068,-0.979286,0.0,-0.538462,-0.25,-0.979649,-1.0,-1.0,-1.0,-1.0,0.0,-0.72,-0.99272
219,1,1.0,-0.686617,-0.9375,0.0,0.538462,-0.25,-0.675439,1.0,1.0,-0.940299,1.0,0.0,-0.48,-0.96
220,1,-1.0,-0.496241,-0.535714,0.0,0.076923,0.0,-0.719298,1.0,1.0,-0.791045,1.0,0.0,-1.0,-0.9387
221,-1,1.0,-0.81203,-0.5,0.0,0.076923,-0.25,-0.964912,-1.0,-1.0,-1.0,-1.0,0.0,-1.0,-1.0
222,1,1.0,-0.651729,-0.958571,0.0,0.076923,-0.25,-0.979649,1.0,1.0,-0.791045,1.0,0.0,-0.904,-0.89752
223,-1,1.0,-0.52391,-0.660714,0.0,-0.076923,-0.25,-0.859649,-1.0,1.0,-0.970149,1.0,0.0,-0.54,-0.99864
224,-1,1.0,-0.115188,-0.839286,0.0,-0.692308,0.0,-0.947368,1.0,-1.0,-1.0,-1.0,0.0,-0.44,-1.0
225,-1,1.0,-0.548872,-0.916786,0.0,-0.538462,-0.25,-0.964912,1.0,-1.0,-1.0,-1.0,-1.0,-0.72,-1.0
226,-1,1.0,-0.46406,-0.785714,-1.0,-0.692308,0.0,-0.508772,-1.0,-1.0,-1.0,-1.0,0.0,-1.0,-0.99998
227,1,1.0,-0.804511,-0.288571,0.0,0.384615,-0.75,-1.0,1.0,-1.0,-1.0,-1.0,0.0,-1.0,-1.0
228,1,1.0,-0.06015,-0.392857,0.0,0.846154,0.75,-0.017544,1.0,1.0,-0.970149,1.0,0.0,-0.912,-0.96
229,1,-1.0,-0.726917,-0.836429,0.0,0.538462,0.75,-0.839298,1.0,1.0,-0.791045,1.0,0.0,-0.86,-0.95232
230,1,-1.0,-0.79188,-0.785714,0.0,0.538462,-0.25,-0.988421,1.0,1.0,-0.910448,-1.0,0.0,-0.9,-0.99988
231,-1,1.0,-0.576541,-0.892857,0.0,0.230769,-0.25,-0.842105,-1.0,1.0,-0.970149,1.0,0.0,-0.9,-0.99994
232,-1,1.0,-0.182857,-0.839286,-1.0,1.0,0.75,-0.298246,1.0,-1.0,-1.0,1.0,0.0,-0.824,-1.0
233,1,1.0,0.283308,1.0,-1.0,0.076923,-0.25,1.0,1.0,1.0,0.19403,-1.0,0.0,-1.0,-0.9997
234,1,-1.0,0.513684,-0.988214,0.0,-1.0,-1.0,-1.0,1.0,1.0,-0.970149,-1.0,0.0,-0.768,-0.998
235,1,-1.0,-0.739248,-0.196429,-1.0,1.0,0.75,-0.947368,1.0,1.0,-0.880597,-1.0,0.0,-1.0,-0.99358
236,-1,-1.0,-0.681805,-0.821429,-1.0,-0.692308,0.0,-0.684211,-1.0,-1.0,-1.0,-1.0,0.0,-0.8,-0.99088
237,-1,-1.0,0.676692,-0.571429,0.0,-1.0,-1.0,-1.0,-1.0,-1.0,-1.0,-1.0,-1.0,-1.0,-1.0
238,-1,1.0,-0.343459,-0.946429,0.0,-0.538462,-0.25,-0.894737,-1.0,-1.0,-1.0,1.0,0.0,-0.769,-1.0
239,1,1.0,0.04,-0.142857,0.0,-0.076923,-0.25,0.122807,1.0,-1.0,-1.0,-1.0,-1.0,-0.89,-1.0
240,1,-1.0,-0.569023,0.071429,-1.0,0.384615,1.0,-1.0,1.0,-1.0,-1.0,-1.0,0.0,-1.0,-0.73576
241,1,1.0,-0.35579,-0.821429,0.0,-0.538462,-0.25,-0.684211,1.0,1.0,-0.791045,-1.0,0.0,-0.85,-0.9746
242,1,1.0,0.075188,-0.458214,0.0,-0.692308,0.0,-0.467719,1.0,1.0,-0.552239,1.0,0.0,-1.0,-0.9
243,-1,1.0,1.0,-0.607143,0.0,0.076923,-0.25,-0.962105,1.0,-1.0,-1.0,-1.0,0.0,-1.0,-0.9932
244,-1,1.0,-0.533835,-0.071429,0.0,-0.846154,0.75,-0.964912,-1.0,-1.0,-1.0,-1.0,0.0,-0.772,-1.0
245,-1,-1.0,-0.904662,-0.964286,0.0,-0.692308,-0.25,-0.988421,-1.0,1.0,-0.820896,1.0,0.0,-0.76,-0.9993
246,-1,-1.0,-0.932331,-0.988214,0.0,-0.230769,-0.25,-0.929825,-1.0,1.0,-0.940299,1.0,0.0,-0.68,-0.99998
247,1,1.0,0.393384,0.035714,0.0,-1.0,-1.0,0.263158,1.0,1.0,-0.552239,1.0,0.0,-1.0,-0.98
248,1,1.0,-0.571429,-0.857143,0.0,-0.538462,0.75,-0.707719,1.0,1.0,-0.940299,1.0,0.0,-0.819,-1.0
249,1,1.0,-0.165414,-0.89,0.0,-0.692308,0.0,-0.754386,-1.0,-1.0,-1.0,-1.0,0.0,-0.784,-1.0
250,-1,1.0,-0.689323,-0.357143,0.0,-0.230769,-0.25,-0.982456,-1.0,-1.0,-1.0,1.0,0.0,-1.0,-1.0
251,-1,1.0,-0.676692,-0.0475,-1.0,-0.230769,-0.25,-0.997193,-1.0,-1.0,-1.0,1.0,0.0,-0.88,-0.9905
252,1,1.0,-0.368421,0.071429,0.0,0.692308,0.5,-0.622807,1.0,1.0,-0.731343,1.0,0.0,-1.0,-0.99732
253,-1,1.0,-0.400902,-0.910714,0.0,0.230769,-0.25,-0.918246,-1.0,-1.0,-1.0,-1.0,0.0,-0.88,-1.0
254,1,-1.0,-0.185564,-0.285714,0.0,0.538462,0.75,-0.877193,1.0,-1.0,-1.0,-1.0,0.0,-0.971,-0.98326
255,1,1.0,-0.799399,-0.868929,0.0,0.076923,-0.25,-0.842105,1.0,1.0,-0.970149,-1.0,0.0,-0.9,-0.997
256,1,1.0,-0.285714,-0.919643,-1.0,-0.846154,-0.25,-0.894737,-1.0,-1.0,-1.0,1.0,0.0,-0.569,-1.0
257,1,1.0,0.045113,-0.696429,0.0,-0.076923,-0.25,-0.991228,1.0,-1.0,-1.0,1.0,0.0,-0.775,-1.0
258,-1,1.0,-0.721805,-0.946429,0.0,-0.076923,-0.25,-0.964912,-1.0,-1.0,-1.0,1.0,-1.0,-0.68,-1.0
259,-1,1.0,-0.360902,-0.758929,0.0,0.076923,0.75,-0.418246,-1.0,-1.0,-1.0,1.0,0.0,-1.0,-1.0
260,-1,1.0,-0.922406,-0.803571,0.0,-0.230769,-0.25,-0.953333,-1.0,1.0,-0.970149,-1.0,0.0,-0.92,-0.99958
261,1,1.0,-0.731729,-0.25,0.0,0.538462,0.75,-0.906316,1.0,-1.0,-1.0,-1.0,0.0,-0.9,-1.0
262,-1,-1.0,-0.759399,-0.160714,0.0,0.076923,-0.25,-0.982456,-1.0,-1.0,-1.0,1.0,0.0,-0.82,-1.0
263,1,-1.0,-0.659248,-0.818571,-1.0,-0.230769,-0.25,-0.982456,1.0,-1.0,-1.0,1.0,0.0,-0.63,-1.0
264,1,1.0,-0.320902,-0.848214,-1.0,0.230769,-0.25,-0.994035,1.0,1.0,-0.970149,-1.0,0.0,-0.95,-0.97626
265,-1,-1.0,-0.553985,-0.732143,0.0,0.076923,-0.25,-0.982456,-1.0,1.0,-0.970149,1.0,0.0,-0.96,-0.99692
266,-1,1.0,-0.746767,-0.133929,0.0,0.076923,-0.25,-0.765965,-1.0,1.0,-0.940299,1.0,0.0,-0.82,-0.99654
267,1,1.0,-0.385865,-0.89,0.0,0.846154,-0.25,-0.89193,1.0,1.0,-0.970149,1.0,0.0,-0.48,0.0
268,-1,1.0,-0.360902,-0.821429,0.0,-0.692308,-0.25,-0.929825,-1.0,-1.0,-1.0,1.0,0.0,-0.79,-1.0
269,-1,1.0,-0.553985,-0.741071,0.0,-0.230769,-0.25,-0.982456,-1.0,-1.0,-1.0,1.0,0.0,-0.9,-1.0
270,-1,-1.0,-0.836993,-0.613214,0.0,-0.692308,0.75,-0.979649,-1.0,-1.0,-1.0,-1.0,0.0,-0.92,-0.99032
271,1,1.0,-0.714286,-0.928571,0.0,0.076923,-0.25,-0.941404,1.0,-1.0,-1.0,-1.0,-1.0,-0.7,-1.0
272,-1,1.0,-0.917293,-0.991071,0.0,0.076923,-0.25,-0.988421,-1.0,-1.0,-1.0,-1.0,0.0,-0.868,-1.0
273,1,-1.0,-0.809624,-0.991071,0.0,0.538462,-0.25,-0.929825,-1.0,1.0,-0.970149,-1.0,0.0,-0.76,-0.98464
274,1,1.0,-0.741955,-0.214286,0.0,0.230769,-0.25,-0.859649,1.0,1.0,-0.970149,-1.0,0.0,-0.92,-0.99444
275,-1,1.0,-0.390977,-0.636786,-1.0,-0.692308,0.0,-0.92386,-1.0,-1.0,-1.0,1.0,0.0,-0.52,-1.0
276,-1,-1.0,0.303158,-0.976071,0.0,-0.692308,0.0,-0.929825,1.0,-1.0,-1.0,1.0,0.0,-0.748,-0.95606
277,-1,1.0,-0.924812,-0.940357,0.0,-0.076923,-0.25,-0.994035,1.0,-1.0,-1.0,-1.0,-1.0,-0.8,-1.0
278,1,1.0,-0.426165,-0.821429,0.0,0.846154,0.75,-0.807018,1.0,1.0,-0.820896,-1.0,0.0,-0.84,-0.95856
279,1,1.0,0.037594,0.791786,0.0,0.230769,-0.25,-0.877193,1.0,1.0,-0.910448,-1.0,0.0,-0.88,-0.99972
280,-1,1.0,-0.385865,-0.803571,0.0,-0.692308,0.0,-0.824561,-1.0,-1.0,-1.0,1.0,0.0,-0.768,-0.996
281,-1,1.0,-0.862256,-0.913571,-1.0,0.384615,-0.75,-1.0,-1.0,-1.0,-1.0,-1.0,0.0,-0.9,-1.0
282,-1,1.0,-0.082707,-0.964286,0.0,-0.076923,-0.25,-0.245614,1.0,-1.0,-1.0,-1.0,-1.0,-0.6,-1.0
283,-1,1.0,-0.243008,-0.875,0.0,-0.538462,-0.25,-0.964912,-1.0,-1.0,-1.0,1.0,0.0,-0.7,-0.99996
284,-1,1.0,-0.463759,-0.946429,-1.0,-0.230769,-0.25,-0.754386,-1.0,-1.0,-1.0,1.0,0.0,-0.68,-1.0
285,1,1.0,-0.659248,-0.877857,0.0,1.0,-0.25,-0.883158,1.0,1.0,-0.970149,1.0,0.0,-0.605,-0.9996
286,1,1.0,0.553985,-0.214286,0.0,0.384615,1.0,0.403509,1.0,1.0,-0.791045,1.0,0.0,-0.978,-1.0
287,1,1.0,-0.170526,-1.0,0.0,0.076923,0.0,0.052632,1.0,-1.0,-1.0,-1.0,0.0,-1.0,-1.0
288,-1,1.0,-0.473684,-0.919643,0.0,-1.0,-1.0,-1.0,-1.0,1.0,-0.970149,-1.0,0.0,-0.904,-0.99962
289,-1,-1.0,-0.308271,-0.663571,0.0,-1.0,-1.0,-1.0,-1.0,-1.0,-1.0,-1.0,0.0,-0.84,-1.0
290,-1,1.0,-0.441203,-0.464286,0.0,0.384615,0.0,-0.888772,1.0,-1.0,-1.0,1.0,-1.0,-0.58,-1.0
291,-1,-1.0,-0.453534,-0.776786,0.0,-1.0,-1.0,-0.786667,-1.0,1.0,-0.940299,1.0,0.0,-0.8,-0.99992
292,1,1.0,-0.666767,-0.803571,0.0,0.076923,-0.25,-0.842105,1.0,1.0,-0.820896,-1.0,0.0,-0.816,-0.988
293,1,1.0,-0.754286,-0.961429,-1.0,1.0,-0.25,-0.997193,1.0,1.0,-0.970149,1.0,0.0,-0.16,-0.99882
294,1,1.0,-0.383459,-0.785714,0.0,0.846154,0.75,-0.479649,1.0,-1.0,-1.0,1.0,0.0,-1.0,-1.0
295,-1,1.0,0.145263,-0.785714,-1.0,-1.0,-1.0,-0.894737,-1.0,-1.0,-1.0,-1.0,0.0,-0.82,-0.99992
296,-1,-1.0,-0.46406,-0.892857,0.0,-1.0,-1.0,-1.0,-1.0,1.0,-0.940299,1.0,0.0,-0.8,-0.9979
297,-1,1.0,-0.258045,-0.949643,0.0,0.076923,-0.25,-0.973684,-1.0,1.0,-0.940299,-1.0,0.0,-0.775,-0.99
298,1,1.0,-0.235489,-0.877857,0.0,1.0,-0.25,-0.991228,1.0,1.0,-0.850746,1.0,0.0,-0.52,-1.0
299,-1,1.0,-0.867068,-0.824286,0.0,0.076923,0.5,-0.932632,-1.0,1.0,-0.940299,1.0,0.0,-0.84,-0.98826
300,1,1.0,-0.240602,-0.642857,0.0,0.846154,-0.25,-0.754386,1.0,1.0,-0.701493,1.0,0.0,-1.0,-1.0
301,-1,1.0,-0.81203,-0.211071,0.0,0.076923,-0.25,-0.859649,-1.0,-1.0,-1.0,1.0,0.0,-0.864,-1.0
302,-1,1.0,-0.428571,-0.833214,0.0,-0.846154,0.75,-0.596491,-1.0,-1.0,-1.0,1.0,0.0,-0.708,-1.0
303,-1,1.0,-0.854737,-0.592143,0.0,-0.846154,-0.25,-0.962105,-1.0,-1.0,-1.0,-1.0,0.0,-0.88,-1.0
304,-1,-1.0,-0.937444,-0.455357,0.0,0.538462,-0.25,-0.991228,-1.0,1.0,-0.970149,1.0,0.0,-1.0,-0.9968
305,1,1.0,-0.230677,-0.580357,0.0,0.846154,0.75,-0.298246,1.0,1.0,-0.58209,1.0,0.0,-0.601,-1.0
306,-1,-1.0,-0.824662,-0.9525,0.0,0.230769,-0.25,-0.883158,-1.0,-1.0,-1.0,-1.0,0.0,-0.78,-0.9999
307,1,1.0,-0.77203,-0.25,0.0,0.076923,-0.25,-0.789474,1.0,-1.0,-1.0,1.0,0.0,-1.0,-1.0
308,-1,-1.0,-0.731729,-0.946429,0.0,0.076923,-0.25,-0.859649,-1.0,1.0,-0.940299,1.0,0.0,-0.8,-0.99212
309,-1,1.0,-0.641504,-0.767857,0.0,0.076923,0.75,-0.839298,-1.0,1.0,-0.970149,1.0,0.0,-0.584,-0.99958
310,-1,1.0,-0.779549,-0.279643,-1.0,0.384615,0.75,-0.912281,-1.0,-1.0,-1.0,-1.0,0.0,-0.74,-1.0
311,-1,-1.0,0.06015,-0.892857,0.0,-0.384615,-0.5,-1.0,1.0,-1.0,-1.0,1.0,0.0,-0.9,-0.99946
312,-1,1.0,-0.79188,-0.622143,0.0,0.538462,-0.25,-0.973684,1.0,1.0,-0.970149,-1.0,0.0,-0.84,-1.0
313,1,-1.0,-0.821955,-0.985,0.0,0.538462,0.75,-0.979649,1.0,1.0,-0.671642,-1.0,0.0,-0.92,-0.99802
314,1,1.0,-0.756993,-0.982143,0.0,-0.846154,0.75,-0.953333,1.0,-1.0,-1.0,1.0,0.0,-1.0,-1.0
315,-1,1.0,-0.606617,-0.961429,0.0,-0.538462,-1.0,-1.0,-1.0,-1.0,-1.0,-1.0,0.0,-0.9,-1.0
316,-1,-1.0,-0.253233,-0.642857,0.0,0.846154,-0.25,-0.052632,1.0,-1.0,-1.0,1.0,0.0,-0.02,-1.0
317,1,-1.0,0.092632,-0.104286,0.0,-0.230769,-0.25,-0.839298,1.0,1.0,-0.910448,1.0,0.0,-0.844,-1.0
318,-1,-1.0,-0.93985,-0.973214,0.0,0.076923,-0.25,-0.929825,-1.0,-1.0,-1.0,-1.0,0.0,-0.88,-0.99964
319,1,-1.0,-0.676692,-0.089286,0.0,0.076923,0.0,-0.666667,1.0,1.0,-0.940299,-1.0,0.0,-0.927,-0.99112
320,1,1.0,-0.781955,-0.657857,-1.0,0.230769,-0.25,-0.842105,1.0,1.0,-0.970149,1.0,0.0,-0.92,-0.994
321,1,1.0,-0.749474,-0.214286,0.0,0.846154,-0.25,-0.953333,1.0,-1.0,-1.0,-1.0,0.0,-0.9,-1.0
322,1,1.0,0.22797,-0.3275,0.0,-1.0,-1.0,0.011579,1.0,1.0,-0.671642,1.0,0.0,-0.97,-0.994
323,1,1.0,-0.869774,-0.607143,0.0,-0.538462,-0.25,-0.964912,1.0,-1.0,-1.0,-1.0,0.0,-0.92,-1.0
324,1,1.0,-0.310677,-0.684643,-1.0,-0.538462,-0.25,-0.982456,1.0,1.0,-0.701493,1.0,0.0,-0.68,-1.0
325,1,1.0,-0.265564,-0.276786,0.0,1.0,-0.25,-0.824561,1.0,1.0,-0.820896,-1.0,0.0,-0.48,-0.99608
326,-1,1.0,-0.756993,-0.89,0.0,-0.538462,-0.25,-0.994035,-1.0,-1.0,-1.0,1.0,0.0,-0.644,-1.0
327,-1,-1.0,0.14797,-0.535714,0.0,-0.692308,0.0,-0.783509,-1.0,-1.0,-1.0,1.0,0.0,-0.927,-1.0
328,-1,1.0,-0.746767,-0.839286,0.0,-0.692308,-0.25,-0.991228,-1.0,-1.0,-1.0,-1.0,0.0,-0.84,-0.9998
329,-1,1.0,0.163008,-0.892857,0.0,-0.846154,-0.25,-0.736842,-1.0,-1.0,-1.0,1.0,0.0,-1.0,-0.993
330,1,-1.0,0.418647,-0.642857,0.0,-0.230769,-0.25,-0.719298,1.0,1.0,-0.880597,-1.0,0.0,-1.0,-0.99802
331,1,1.0,-0.806917,-0.598214,0.0,0.230769,-0.25,-0.88,1.0,-1.0,-1.0,-1.0,-1.0,-0.88,-1.0
332,1,1.0,-0.714286,-0.714286,0.0,0.076923,0.0,-0.982456,1.0,-1.0,-1.0,1.0,0.0,-0.84,-1.0
333,-1,1.0,-0.325714,-0.97,-1.0,0.230769,-0.25,-0.979649,-1.0,-1.0,-1.0,1.0,0.0,-0.691,-0.99996
334,-1,-1.0,-0.142857,-0.875,-1.0,0.076923,-0.25,-1.0,-1.0,-1.0,-1.0,1.0,0.0,-0.85,-0.99998
335,-1,1.0,-0.704361,-0.940357,0.0,-0.692308,0.75,-0.994035,-1.0,-1.0,-1.0,1.0,0.0,-0.78,-0.9999
336,1,-1.0,-0.330827,-0.928571,0.0,0.076923,-0.25,-0.859649,1.0,1.0,-0.671642,-1.0,0.0,-1.0,-0.99088
337,-1,1.0,-0.223158,-0.642857,0.0,-1.0,-1.0,-1.0,-1.0,1.0,-0.940299,-1.0,0.0,-0.983,-0.99998
338,1,-1.0,-0.847218,-0.684643,-1.0,0.076923,0.75,-0.789474,1.0,-1.0,-1.0,-1.0,0.0,-0.76,-1.0
339,-1,1.0,-0.593985,-0.955357,0.0,-0.230769,-0.25,-0.96807,1.0,-1.0,-1.0,1.0,0.0,-0.8,-1.0
340,-1,1.0,-0.438496,-0.785714,0.0,-0.846154,-0.25,-0.988421,-1.0,-1.0,-1.0,1.0,0.0,-0.88,-1.0
341,-1,1.0,-0.829474,-0.892857,-1.0,0.846154,-0.25,-0.859649,1.0,-1.0,-1.0,1.0,0.0,-0.9,-0.9996
342,1,-1.0,-0.734436,-0.232143,0.0,0.538462,-0.25,-0.970877,1.0,1.0,-0.850746,1.0,0.0,-1.0,-0.9888
343,1,1.0,-0.212932,-0.556429,0.0,0.538462,-0.25,-0.997193,1.0,1.0,-0.970149,-1.0,0.0,-0.8,-0.994
344,1,1.0,-0.731729,-0.988214,0.0,0.076923,-0.5,-0.842105,-1.0,-1.0,-1.0,1.0,-1.0,-1.0,-1.0
345,1,-1.0,-0.709173,-0.943571,-1.0,0.538462,-0.25,-0.894737,1.0,1.0,-0.940299,1.0,0.0,-0.92,-0.992
346,1,-1.0,-0.511278,-0.622143,0.0,0.384615,-0.75,-0.842105,1.0,1.0,-0.850746,1.0,0.0,-0.901,-0.99
347,1,-1.0,-0.200601,-0.461429,-1.0,0.538462,0.75,-0.438597,1.0,1.0,-0.58209,-1.0,0.0,-1.0,-0.954
348,1,-1.0,-0.308271,-0.633929,0.0,0.384615,-0.25,-0.649123,1.0,-1.0,-1.0,1.0,0.0,-1.0,-0.92
349,-1,1.0,-0.481203,-0.851071,0.0,0.076923,-0.25,-0.994035,-1.0,-1.0,-1.0,-1.0,0.0,-0.7,-1.0
350,1,-1.0,-0.656541,-0.794643,0.0,1.0,0.75,-0.938597,1.0,-1.0,-1.0,-1.0,0.0,-0.64,-1.0
351,-1,1.0,-0.588872,-0.107143,0.0,-0.230769,0.0,-0.982456,-1.0,-1.0,-1.0,1.0,0.0,-0.28,-1.0
352,1,1.0,-0.46406,-0.714286,0.0,1.0,-0.25,-0.649123,1.0,1.0,-0.910448,1.0,0.0,-0.71,-0.95442
353,-1,1.0,-0.388571,-0.535714,0.0,-0.230769,-0.25,-0.991228,1.0,-1.0,-1.0,1.0,0.0,-0.557,-1.0
354,-1,1.0,-0.749474,-0.833214,0.0,-0.538462,-0.25,-0.947368,-1.0,-1.0,-1.0,-1.0,0.0,-0.82,-1.0
355,-1,1.0,-0.478797,-0.779643,0.0,0.076923,-0.25,-0.824561,-1.0,1.0,-0.940299,1.0,0.0,-0.84,-0.99918
356,-1,1.0,-0.46406,-0.964286,0.0,0.076923,0.0,-0.941404,1.0,-1.0,-1.0,1.0,-1.0,-0.68,-1.0
357,-1,1.0,-0.932331,-0.776786,0.0,0.230769,-0.25,-0.994035,-1.0,1.0,-0.970149,-1.0,0.0,-1.0,-0.99988
358,1,1.0,-0.593985,-0.881071,0.0,0.846154,0.75,-0.643158,1.0,1.0,-0.731343,-1.0,0.0,-0.601,-0.98346
359,-1,1.0,-0.656541,-0.785714,0.0,0.076923,-0.25,-0.912281,-1.0,1.0,-0.970149,-1.0,0.0,-1.0,-0.99956
360,1,1.0,0.62406,-0.607143,0.0,0.384615,1.0,-0.087719,1.0,1.0,-0.970149,1.0,0.0,-1.0,-1.0
361,1,-1.0,-0.847218,-0.321429,0.0,0.230769,-0.25,-0.885965,1.0,1.0,-0.820896,1.0,0.0,-0.96,-0.988
362,-1,-1.0,-0.593985,-0.979286,0.0,-0.076923,0.75,-0.991228,-1.0,1.0,-0.970149,1.0,0.0,-0.728,-0.99784
363,-1,-1.0,-0.824662,-0.9525,-1.0,0.076923,-0.25,-0.929825,-1.0,1.0,-0.970149,-1.0,0.0,1.0,-0.99996
364,-1,1.0,-0.488722,-0.886786,0.0,-0.846154,-0.25,-0.958947,-1.0,-1.0,-1.0,1.0,-1.0,-1.0,-1.0
365,-1,-1.0,0.097744,-0.940357,0.0,-0.230769,-0.25,-0.964912,-1.0,-1.0,-1.0,1.0,0.0,-0.76,-0.99766
366,-1,1.0,-0.478797,-0.892857,-1.0,0.230769,-0.25,-0.997193,-1.0,-1.0,-1.0,-1.0,-1.0,-0.84,-1.0
367,1,1.0,0.137744,0.071429,0.0,0.076923,-0.25,-0.403509,1.0,1.0,-0.731343,-1.0,0.0,-1.0,-1.0
368,-1,-1.0,-0.313383,-0.979286,0.0,-1.0,-1.0,-1.0,-1.0,1.0,-0.701493,-1.0,0.0,-0.8,-0.99964
369,1,1.0,-0.403609,-0.803571,0.0,-0.076923,-0.25,-0.701754,1.0,1.0,-0.820896,-1.0,0.0,-0.796,-1.0
370,1,-1.0,-0.787068,-0.785714,0.0,-0.230769,-0.25,-0.997193,1.0,-1.0,-1.0,-1.0,0.0,-0.9,-1.0
371,-1,1.0,-0.325714,0.294643,0.0,0.230769,-0.25,-0.994035,-1.0,-1.0,-1.0,-1.0,0.0,-0.68,-0.92896
372,-1,1.0,0.112782,-0.958214,0.0,-1.0,-1.0,-1.0,-1.0,-1.0,-1.0,-1.0,0.0,-0.855,-1.0
373,-1,-1.0,-0.704361,-0.940714,0.0,0.538462,-0.25,-0.970877,-1.0,1.0,-0.970149,1.0,0.0,-0.8,-0.99978
374,1,1.0,-0.35579,-0.678571,0.0,1.0,0.75,-0.596491,-1.0,-1.0,-1.0,1.0,-1.0,-0.289,-1.0
375,1,-1.0,0.343459,0.5,0.0,-0.692308,0.0,-0.298246,1.0,1.0,-0.61194,-1.0,0.0,-1.0,-0.866
376,1,1.0,-0.56391,-0.9375,0.0,-0.076923,-0.25,-0.932632,1.0,1.0,-0.910448,1.0,0.0,-0.604,-1.0
377,-1,1.0,-0.46406,-0.955357,0.0,-0.538462,-0.25,-0.982456,-1.0,-1.0,-1.0,-1.0,0.0,-0.62,-0.9598
378,-1,-1.0,-0.458647,-0.785714,-1.0,-0.384615,-0.5,-1.0,-1.0,-1.0,-1.0,-1.0,0.0,-0.84,-0.9996
379,1,1.0,-0.829474,-0.535714,0.0,0.230769,0.75,-0.897544,1.0,1.0,-0.791045,-1.0,0.0,-0.92,-0.94092
380,1,1.0,-0.238195,-0.571429,0.0,-0.076923,-0.25,-0.909474,1.0,1.0,-0.850746,1.0,0.0,-0.892,-0.97806
381,-1,1.0,-0.89985,-0.765,0.0,-0.692308,-0.25,-0.976491,-1.0,-1.0,-1.0,1.0,0.0,-0.86,-0.99996
382,-1,1.0,-0.065263,-0.5,-1.0,0.076923,-0.25,-0.885965,-1.0,-1.0,-1.0,-1.0,0.0,-0.84,-0.99996
383,-1,1.0,-0.924812,-1.0,-1.0,-0.230769,-0.25,-0.982456,-1.0,-1.0,-1.0,-1.0,0.0,-0.94,-1.0
384,1,-1.0,-0.175338,-0.535714,0.0,0.538462,-0.25,-0.964912,1.0,1.0,-0.910448,1.0,0.0,-0.855,-1.0
385,1,1.0,-0.543759,0.071429,0.0,0.076923,0.75,-0.625614,1.0,1.0,-0.671642,-1.0,0.0,-1.0,-0.95434
386,-1,-1.0,-0.626466,-0.857143,0.0,-0.384615,-0.5,-1.0,-1.0,-1.0,-1.0,1.0,0.0,-0.724,-0.99998
387,1,1.0,-0.253233,-0.761786,0.0,0.230769,-0.25,-0.719298,1.0,1.0,-0.58209,-1.0,0.0,-0.617,-0.97312
388,1,1.0,-0.656541,-0.571429,0.0,0.076923,-0.25,-0.929825,1.0,1.0,-0.910448,-1.0,0.0,-1.0,-1.0
389,1,-1.0,-0.566316,-0.973214,0.0,0.538462,-0.25,-0.958947,1.0,1.0,-0.880597,-1.0,0.0,-0.92,-1.0
390,1,1.0,0.794586,0.267857,0.0,-1.0,-1.0,-1.0,1.0,-1.0,-1.0,1.0,0.0,-1.0,-1.0
391,-1,1.0,-0.736842,-0.178571,-1.0,-0.076923,-0.25,-0.894737,-1.0,-1.0,-1.0,1.0,0.0,-1.0,-0.92
392,-1,-1.0,-0.596391,-0.910714,0.0,-1.0,-1.0,-1.0,-1.0,1.0,-0.970149,-1.0,0.0,-0.908,-0.994
393,1,-1.0,-0.836993,-0.386786,0.0,0.846154,0.75,-0.947368,1.0,1.0,-0.791045,-1.0,0.0,-0.904,-1.0
394,1,-1.0,-0.644211,-1.0,0.0,0.076923,-0.25,-1.0,-1.0,-1.0,-1.0,-1.0,1.0,-0.816,-1.0
395,-1,1.0,-0.46406,-0.997143,-1.0,-0.846154,-0.25,-0.701754,-1.0,-1.0,-1.0,1.0,0.0,-0.54,-1.0
396,-1,-1.0,-0.736842,-0.392857,0.0,0.538462,-0.25,-0.877193,1.0,1.0,-0.701493,-1.0,0.0,-0.92,-0.9802
397,-1,-1.0,-0.724211,-0.910714,0.0,0.538462,-0.25,-0.982456,-1.0,-1.0,-1.0,1.0,0.0,-0.88,-0.98382
398,-1,1.0,-0.714286,-0.098214,0.0,0.076923,-0.25,-0.991228,-1.0,1.0,-0.940299,-1.0,0.0,-1.0,-0.88896
399,-1,-1.0,-0.526316,-0.9225,-1.0,1.0,-0.25,-0.929825,-1.0,-1.0,-1.0,-1.0,0.0,-0.72,-0.99974
400,-1,-1.0,-0.451128,-0.571429,0.0,-0.846154,-0.25,-0.912281,-1.0,-1.0,-1.0,-1.0,0.0,-0.728,-1.0
401,1,1.0,-0.601504,-0.892857,-1.0,0.230769,-0.25,-0.973684,1.0,-1.0,-1.0,1.0,0.0,-0.74,-0.9787
402,-1,1.0,-0.832181,-0.220357,0.0,0.076923,0.0,-0.958947,-1.0,1.0,-0.940299,1.0,0.0,-0.8,-0.99986
403,-1,1.0,-0.338346,-0.8275,0.0,0.230769,-0.25,-0.991228,-1.0,1.0,-0.940299,-1.0,0.0,-0.78,-0.99998
404,-1,1.0,-0.847218,-1.0,0.0,0.538462,-0.25,-0.953333,-1.0,-1.0,-1.0,-1.0,0.0,-0.84,-0.99998
405,1,-1.0,-0.548872,-0.732143,0.0,0.076923,-0.25,-0.92386,1.0,1.0,-0.970149,1.0,0.0,-0.629,-1.0
406,1,1.0,-0.378346,-0.696429,0.0,-0.692308,0.0,-0.77193,1.0,1.0,-0.940299,-1.0,0.0,-0.726,-0.9878
407,-1,-1.0,-0.413534,-0.785714,-1.0,-0.230769,-0.25,-0.859649,-1.0,-1.0,-1.0,-1.0,0.0,-0.82,-1.0
408,1,1.0,0.20812,-0.3125,0.0,0.384615,-0.25,-0.39193,1.0,1.0,-0.850746,-1.0,0.0,-1.0,-1.0
409,-1,1.0,-0.654135,-0.928571,0.0,-0.230769,-0.25,-0.964912,-1.0,-1.0,-1.0,-1.0,0.0,-0.8,-1.0
410,-1,1.0,-0.438496,-0.845357,-1.0,-0.538462,-1.0,-1.0,-1.0,-1.0,-1.0,-1.0,0.0,-0.88,-1.0
411,-1,-1.0,-0.779549,-0.642857,-1.0,-1.0,-1.0,-1.0,-1.0,-1.0,-1.0,-1.0,0.0,-1.0,-1.0
412,1,-1.0,0.285714,0.142857,0.0,-0.384615,-1.0,-1.0,1.0,1.0,-0.552239,-1.0,0.0,-1.0,-0.99506
413,1,1.0,-0.443609,-0.988214,-1.0,0.076923,0.75,-0.77193,1.0,1.0,-0.970149,1.0,0.0,-0.568,-0.84
414,1,-1.0,-0.796993,-0.154643,0.0,0.076923,0.75,-0.578947,1.0,-1.0,-1.0,-1.0,0.0,-0.66,-1.0
415,-1,-1.0,-0.503759,-0.607143,0.0,-0.538462,-0.25,-0.614035,-1.0,-1.0,-1.0,1.0,-1.0,-0.9,-1.0
416,-1,-1.0,-0.674286,-0.952143,0.0,-0.230769,0.75,-0.877193,1.0,-1.0,-1.0,-1.0,0.0,-0.6,-1.0
417,1,1.0,-0.716692,-0.205357,0.0,1.0,0.75,-0.967719,1.0,1.0,-0.970149,-1.0,0.0,-0.9,-1.0
418,-1,-1.0,-0.46406,-0.196429,0.0,-1.0,-1.0,-1.0,-1.0,-1.0,-1.0,-1.0,0.0,-0.816,-0.896
419,1,-1.0,-0.441203,-0.961429,0.0,0.846154,-0.25,-0.997193,1.0,-1.0,-1.0,-1.0,0.0,-0.56,-0.77646
420,1,1.0,-0.694135,-0.892857,0.0,-0.846154,0.75,-0.868421,1.0,1.0,-0.820896,-1.0,0.0,-0.8,-0.99346
421,1,1.0,-0.308271,-0.991071,-1.0,0.076923,-0.25,-0.894737,-1.0,-1.0,-1.0,1.0,0.0,-0.768,-0.99774
422,-1,1.0,-0.516391,-0.910714,-1.0,-0.538462,-0.25,-0.982456,-1.0,-1.0,-1.0,-1.0,0.0,-0.776,-1.0
423,1,-1.0,-0.689323,-0.964286,0.0,0.538462,0.75,-0.912281,1.0,1.0,-0.970149,-1.0,0.0,-1.0,-0.98644
424,-1,1.0,-0.776842,-0.982143,-1.0,0.076923,0.75,-0.982456,-1.0,-1.0,-1.0,-1.0,0.0,-0.72,-0.99592
425,-1,1.0,-0.468571,0.107143,0.0,0.076923,-0.25,-0.964912,1.0,-1.0,-1.0,-1.0,0.0,-0.88,-1.0
426,1,1.0,-0.726917,-0.785714,0.0,-0.076923,-0.25,-0.909474,1.0,1.0,-0.970149,-1.0,0.0,-0.74,-0.984
427,-1,1.0,-0.285714,-0.875,-1.0,0.076923,0.0,-0.982456,1.0,-1.0,-1.0,1.0,0.0,-0.836,-0.992
428,-1,-1.0,-0.666767,-0.678571,0.0,0.230769,-0.25,-0.929825,-1.0,-1.0,-1.0,1.0,0.0,-0.64,-0.99988
429,-1,1.0,-0.320902,-0.729286,0.0,0.230769,-0.25,-0.918246,1.0,-1.0,-1.0,1.0,0.0,-0.8,-1.0
430,1,-1.0,0.007519,-0.946429,0.0,0.538462,0.75,-0.807018,1.0,1.0,-0.970149,-1.0,0.0,-0.667,-0.98216
431,-1,1.0,-0.448722,-0.714286,-1.0,0.846154,-0.25,-0.894737,-1.0,-1.0,-1.0,1.0,0.0,-0.88,-1.0
432,-1,-1.0,-0.493835,-0.238214,0.0,0.538462,0.75,-0.994035,-1.0,1.0,-0.641791,1.0,0.0,-0.871,-0.99994
433,1,1.0,-0.576541,-0.89,0.0,0.230769,-0.25,-0.736842,1.0,1.0,-0.850746,1.0,0.0,-0.9,-0.99994
434,-1,1.0,0.235489,0.107143,0.0,0.384615,1.0,-1.0,1.0,1.0,-0.402985,-1.0,0.0,-0.848,-0.9974
435,1,1.0,-0.929925,-0.946429,0.0,0.076923,-0.25,-0.877193,1.0,1.0,-0.850746,1.0,0.0,-0.648,-0.9862
436,-1,1.0,-0.674286,-0.107143,0.0,0.230769,-0.25,-0.938597,1.0,-1.0,-1.0,1.0,0.0,-0.74,-1.0
437,1,1.0,-0.430978,-0.607143,0.0,0.538462,0.75,-0.614035,1.0,1.0,-0.641791,1.0,0.0,-0.592,-0.98
438,1,1.0,-0.506165,-0.964286,0.0,0.076923,-0.25,-0.877193,1.0,1.0,-0.671642,-1.0,0.0,-0.968,-0.9892
439,-1,1.0,-0.744361,-0.967143,0.0,-0.538462,-0.25,-0.991228,-1.0,-1.0,-1.0,1.0,0.0,-0.72,-0.9989
440,1,1.0,-0.157895,-0.931429,0.0,1.0,-0.25,-0.824561,1.0,-1.0,-1.0,-1.0,0.0,-0.49,-0.988
441,-1,1.0,-0.310677,-0.857143,0.0,-0.692308,-0.25,-0.982456,-1.0,-1.0,-1.0,1.0,0.0,-0.779,-1.0
442,-1,1.0,-0.636692,-0.083214,0.0,0.846154,-0.25,-0.964912,-1.0,-1.0,-1.0,-1.0,0.0,-1.0,-0.99996
443,1,1.0,-0.513684,-0.868929,0.0,0.076923,0.75,-0.69579,1.0,-1.0,-1.0,-1.0,0.0,-0.74,-0.996
444,-1,1.0,-0.809624,-0.982143,0.0,0.538462,-0.25,-0.991228,-1.0,-1.0,-1.0,-1.0,0.0,-0.8,-1.0
445,1,1.0,-0.821955,-0.973214,0.0,0.538462,-0.25,-0.859649,1.0,1.0,-0.940299,1.0,0.0,-0.92,-1.0
446,1,1.0,0.132932,-0.997143,0.0,1.0,0.75,-0.997193,1.0,-1.0,-1.0,-1.0,0.0,-1.0,-0.94
447,-1,1.0,0.473684,-0.5,0.0,0.384615,1.0,-1.0,-1.0,-1.0,-1.0,-1.0,0.0,-1.0,-0.99976
448,-1,1.0,-0.193083,-0.765,0.0,-0.076923,-0.25,-0.754386,-1.0,-1.0,-1.0,1.0,-1.0,-0.6,-1.0
449,-1,-1.0,-0.922406,-0.985,0.0,-0.230769,-0.25,-0.991228,-1.0,-1.0,-1.0,-1.0,0.0,-0.8,-0.99998
450,-1,1.0,-0.526316,-0.958571,0.0,0.230769,-0.25,-0.979649,-1.0,1.0,-0.970149,-1.0,0.0,-0.66,-0.94394
451,-1,1.0,-0.390977,-0.678571,0.0,-0.230769,-0.25,-0.929825,1.0,-1.0,-1.0,1.0,0.0,-0.76,-1.0
452,1,-1.0,0.739248,-1.0,0.0,0.076923,-0.25,-1.0,-1.0,-1.0,-1.0,-1.0,1.0,-0.816,-1.0
453,1,1.0,-0.150376,-0.985357,0.0,-0.692308,0.75,-0.640351,1.0,-1.0,-1.0,-1.0,0.0,-0.6,-1.0
454,-1,-1.0,-0.736842,-0.214286,-1.0,0.538462,-0.25,-0.789474,1.0,-1.0,-1.0,1.0,0.0,-0.732,-1.0
455,-1,1.0,-0.679098,-0.857143,0.0,0.384615,-0.75,-0.988421,-1.0,1.0,-0.940299,-1.0,0.0,-0.68,-0.974
456,1,1.0,-0.080301,-0.964286,0.0,-0.692308,0.75,-0.649123,1.0,-1.0,-1.0,1.0,0.0,-0.68,-1.0
457,1,-1.0,-0.721805,-0.160714,0.0,1.0,0.75,-0.964912,1.0,1.0,-0.940299,1.0,0.0,-0.7,-0.98898
458,-1,1.0,-0.378346,-0.904643,0.0,-0.692308,0.0,-0.991228,-1.0,-1.0,-1.0,1.0,0.0,-0.56,-0.91
459,1,1.0,-0.719399,-0.178571,0.0,-0.692308,-0.25,-0.754386,1.0,1.0,-0.731343,-1.0,0.0,-0.944,-0.98516
460,-1,1.0,-0.633985,-0.9375,0.0,-0.538462,-0.25,-0.973684,-1.0,1.0,-0.940299,1.0,0.0,-0.826,-0.99994
461,1,-1.0,-0.884812,-0.357143,0.0,-0.230769,-0.25,-0.903509,1.0,-1.0,-1.0,1.0,0.0,-1.0,-1.0
462,-1,1.0,-0.799399,-0.9225,0.0,0.538462,-0.25,-0.894737,-1.0,-1.0,-1.0,-1.0,0.0,-0.892,-0.99986
463,1,1.0,-0.461053,0.154643,0.0,-0.846154,-0.25,-0.789474,1.0,1.0,-0.731343,-1.0,0.0,-0.75,-0.9854
464,-1,-1.0,0.318196,-0.857143,0.0,-1.0,-1.0,-0.54386,-1.0,1.0,-0.970149,-1.0,0.0,-1.0,-0.9998
465,1,1.0,0.381053,-0.89,0.0,0.538462,-0.25,-0.991228,1.0,-1.0,-1.0,1.0,0.0,-0.74,-1.0
466,1,-1.0,0.546466,0.0,0.0,-1.0,-1.0,-1.0,1.0,1.0,-0.671642,1.0,0.0,-1.0,-0.972
467,-1,1.0,-0.508872,-0.925714,-1.0,-0.692308,0.0,-0.964912,1.0,1.0,-0.701493,1.0,0.0,-0.868,-0.99944
468,1,1.0,0.047519,-0.535714,0.0,0.538462,0.75,-0.578947,1.0,-1.0,-1.0,1.0,0.0,-0.65,-1.0
469,-1,-1.0,-0.704361,-0.178571,-1.0,-0.538462,0.75,-0.789474,-1.0,-1.0,-1.0,1.0,0.0,-0.98,-0.99968
470,1,1.0,-0.806917,-0.339286,0.0,0.076923,-0.25,-0.883158,1.0,1.0,-0.910448,1.0,0.0,-0.96,-0.99944
471,1,1.0,0.035188,-0.455357,0.0,0.230769,0.75,0.087719,1.0,1.0,-0.641791,-1.0,0.0,-1.0,-0.9842
472,1,1.0,-0.714286,-0.892857,0.0,0.538462,-0.25,-0.833333,1.0,1.0,-0.910448,1.0,0.0,-1.0,-0.98836
473,-1,1.0,-0.443609,0.0,-1.0,-1.0,-1.0,-1.0,-1.0,1.0,-0.940299,-1.0,0.0,-0.84,-0.99998
474,-1,1.0,-0.403609,-0.976071,-1.0,0.846154,-0.25,-0.994035,-1.0,-1.0,-1.0,-1.0,0.0,-0.82,-1.0
475,-1,1.0,-0.704361,-0.967143,-1.0,0.230769,-0.25,-0.81579,1.0,1.0,-0.820896,1.0,0.0,-0.792,-0.99306
476,-1,1.0,-0.904662,-0.976071,-1.0,-0.538462,-0.25,-0.979649,-1.0,-1.0,-1.0,-1.0,-1.0,-0.8,-1.0
477,-1,-1.0,-0.787068,-0.392857,0.0,0.076923,-0.25,-0.988421,-1.0,-1.0,-1.0,-1.0,0.0,-1.0,-0.99298
478,1,-1.0,0.408421,0.178571,0.0,0.538462,-0.25,-0.22807,1.0,-1.0,-1.0,1.0,0.0,-0.979,-0.78878
479,-1,1.0,-0.46406,-0.642857,-1.0,-0.230769,-0.25,-0.403509,1.0,-1.0,-1.0,-1.0,0.0,-1.0,-1.0
480,1,-1.0,-0.661654,-0.119286,0.0,0.846154,0.75,-0.754386,1.0,1.0,-0.820896,-1.0,0.0,-0.6,-0.99084
481,-1,1.0,-0.766917,-0.303571,0.0,0.076923,-0.25,-0.982456,1.0,-1.0,-1.0,-1.0,0.0,-0.86,-1.0
482,-1,1.0,-0.799399,-1.0,0.0,0.076923,-0.25,-1.0,-1.0,-1.0,-1.0,-1.0,1.0,-0.816,-1.0
483,-1,-1.0,-0.654135,-0.035714,-1.0,-1.0,-1.0,-0.859649,-1.0,1.0,-0.970149,1.0,0.0,-0.8,-0.99998
484,1,1.0,-0.125414,-0.669643,0.0,0.538462,-0.25,-0.678597,1.0,-1.0,-1.0,-1.0,-1.0,-1.0,-1.0
485,1,1.0,-0.611429,-0.875,-1.0,0.076923,-0.25,-0.929825,1.0,1.0,-0.850746,1.0,0.0,-0.84,-0.88446
486,1,1.0,0.325714,-0.497143,0.0,-0.076923,-0.25,-0.017544,1.0,1.0,-0.820896,1.0,0.0,-0.64,-0.97336
487,1,1.0,0.268271,-0.178571,0.0,-1.0,-1.0,-0.649123,1.0,1.0,-0.850746,-1.0,0.0,-1.0,-0.82298
488,1,1.0,0.130226,-0.285714,0.0,-0.692308,0.0,-1.0,1.0,1.0,-0.671642,-1.0,0.0,-1.0,-0.97502
489,-1,1.0,-0.215639,-0.964286,0.0,-0.076923,-0.25,-0.982456,1.0,-1.0,-1.0,-1.0,-1.0,-0.712,-1.0
490,1,1.0,-0.58406,-0.854286,-1.0,-0.230769,-0.25,-0.859649,1.0,1.0,-0.910448,1.0,0.0,-0.63,-0.9888
491,1,1.0,-0.506165,-0.535714,0.0,0.846154,-0.25,-0.780702,1.0,1.0,-0.761194,-1.0,0.0,-0.67,-0.976
492,-1,1.0,0.145263,-0.854286,-1.0,-1.0,-1.0,-0.894737,-1.0,-1.0,-1.0,-1.0,0.0,-0.88,-0.99998
493,-1,-1.0,-0.661654,-0.214286,-1.0,-0.230769,-0.25,-0.684211,1.0,-1.0,-1.0,-1.0,0.0,-0.88,-1.0
494,-1,1.0,-0.521203,-0.946429,-1.0,0.076923,-0.25,-0.997193,-1.0,-1.0,-1.0,-1.0,0.0,-0.76,-1.0
495,1,-1.0,-0.400902,-0.973214,0.0,0.846154,-0.25,-0.973684,-1.0,-1.0,-1.0,-1.0,0.0,-0.7,-0.99912
496,1,1.0,-0.639098,-0.946429,0.0,0.076923,0.0,-0.982456,1.0,-1.0,-1.0,-1.0,0.0,-0.651,-0.99954
497,1,-1.0,-0.551278,-0.925714,0.0,0.076923,-0.25,-0.824561,1.0,1.0,-0.850746,1.0,0.0,-0.7,-0.9714
498,1,-1.0,-0.869774,-0.973214,1.0,0.846154,-1.0,-0.298246,-1.0,-1.0,-1.0,1.0,-1.0,-0.7,-1.0
499,1,1.0,-0.799399,-0.5,0.0,0.076923,-0.25,-0.885965,1.0,1.0,-0.910448,-1.0,0.0,-0.8,-0.97218
500,1,1.0,-0.887218,0.571429,1.0,-1.0,0.5,-1.0,-1.0,-1.0,-1.0,1.0,1.0,-0.55,1.0
501,-1,1.0,-0.869774,-0.517857,-1.0,-0.076923,-0.25,-0.997193,-1.0,-1.0,-1.0,-1.0,0.0,-0.86,-1.0
502,1,1.0,0.02015,-0.821429,0.0,-0.076923,0.0,-0.824561,1.0,1.0,-0.641791,1.0,0.0,-0.59,-0.9498
503,1,1.0,0.313383,-0.392857,0.0,0.384615,0.75,-0.508772,1.0,1.0,-0.910448,-1.0,0.0,-1.0,-1.0
504,1,1.0,-1.0,-0.714286,-1.0,0.230769,-0.25,-0.877193,1.0,1.0,-0.940299,1.0,0.0,-0.88,-0.98
505,1,1.0,-0.832181,-0.321429,0.0,0.538462,-0.25,-0.929825,1.0,-1.0,-1.0,1.0,0.0,-0.94,-0.992
506,-1,-1.0,-0.754286,-0.166786,0.0,-0.538462,0.75,-0.994035,-1.0,-1.0,-1.0,-1.0,0.0,-0.68,-0.9999
507,-1,1.0,-0.884812,-0.285714,0.0,0.230769,0.75,-0.988421,-1.0,1.0,-0.970149,-1.0,0.0,-0.88,-0.99998
508,-1,1.0,-0.366015,-0.821429,-1.0,0.230769,-0.25,-0.789474,-1.0,-1.0,-1.0,-1.0,-1.0,-0.8,-1.0
509,-1,1.0,-0.536241,-0.75,0.0,0.230769,-0.25,-0.754386,1.0,1.0,-0.910448,1.0,0.0,-0.671,-1.0
510,-1,1.0,-0.769323,-0.946429,-1.0,0.692308,0.5,-0.947368,-1.0,-1.0,-1.0,1.0,0.0,-0.868,-0.99996
511,-1,1.0,-0.867068,-0.267857,0.0,0.076923,0.75,-0.92386,-1.0,-1.0,-1.0,-1.0,0.0,-0.68,-0.99974
512,-1,1.0,-0.571429,-0.785714,0.0,0.230769,-0.25,-0.947368,-1.0,-1.0,-1.0,1.0,0.0,-0.7,-0.99866
513,1,-1.0,-0.035188,-0.25,0.0,0.538462,-0.25,-0.649123,1.0,1.0,-0.791045,1.0,0.0,-1.0,-1.0
514,-1,1.0,-0.729323,-0.178571,0.0,-0.692308,-0.25,-0.970877,-1.0,-1.0,-1.0,-1.0,0.0,-1.0,-1.0
515,-1,-1.0,-0.46406,-0.75,0.0,-0.846154,-0.25,-0.789474,1.0,-1.0,-1.0,1.0,0.0,-0.7,-1.0
516,1,-1.0,-0.799399,-0.464286,0.0,-0.538462,-0.25,-0.894737,1.0,1.0,-0.970149,-1.0,0.0,-0.84,-0.99532
517,1,-1.0,-0.774436,-0.833214,0.0,-0.692308,0.0,-0.964912,1.0,1.0,-0.880597,-1.0,-1.0,-0.92,-1.0
518,1,1.0,-0.611429,-0.696429,0.0,0.846154,-0.25,-0.698947,1.0,1.0,-0.970149,1.0,0.0,-0.88,-1.0
519,-1,-1.0,-0.591579,-0.881071,0.0,-1.0,-1.0,-1.0,-1.0,-1.0,-1.0,-1.0,0.0,-0.66,-0.99998
520,1,1.0,-0.14797,-0.925714,0.0,0.230769,-0.25,-0.649123,1.0,1.0,-0.820896,1.0,0.0,-0.5,-0.8
521,-1,-1.0,-0.864662,-0.285714,0.0,0.230769,-0.25,-0.929825,-1.0,1.0,-0.970149,-1.0,0.0,-0.88,-0.99998
522,-1,-1.0,-0.556391,-0.928571,0.0,0.538462,-0.25,-0.929825,1.0,1.0,-0.940299,1.0,0.0,-0.833,-0.99
523,1,-1.0,-0.766917,-0.571429,0.0,-0.230769,-0.25,-0.824561,1.0,1.0,-0.910448,-1.0,0.0,-0.92,-0.98164
524,1,1.0,-0.756993,-0.214286,0.0,1.0,-0.25,-0.979649,1.0,1.0,-0.820896,-1.0,0.0,-0.879,-1.0
525,-1,1.0,-0.754286,-0.964286,0.0,0.076923,-0.25,-0.991228,-1.0,-1.0,-1.0,-1.0,0.0,-0.64,-1.0
526,1,1.0,-0.430978,-0.357143,-1.0,0.230769,0.75,-0.631579,1.0,-1.0,-1.0,1.0,0.0,-0.846,-1.0
527,-1,-1.0,-0.050226,-0.928571,0.0,0.538462,-0.25,-0.991228,-1.0,-1.0,-1.0,1.0,0.0,-0.737,-1.0
528,-1,-1.0,-0.704361,-0.958214,-1.0,-1.0,-1.0,-0.991228,-1.0,-1.0,-1.0,-1.0,0.0,-0.88,-0.99826
529,-1,-1.0,-0.874587,-0.961429,0.0,0.076923,-0.25,-0.877193,-1.0,1.0,-0.970149,1.0,0.0,-0.92,-0.9999
530,-1,1.0,-0.421053,-0.821429,-1.0,0.230769,-0.25,-0.508772,-1.0,-1.0,-1.0,1.0,0.0,-0.72,-1.0
531,-1,-1.0,-0.731729,-0.976071,0.0,0.538462,-0.25,-0.947368,-1.0,-1.0,-1.0,-1.0,-1.0,-0.84,-1.0
532,-1,1.0,-0.370827,-0.922857,0.0,-0.076923,-0.25,-0.918246,-1.0,-1.0,-1.0,-1.0,-1.0,-0.972,-1.0
533,1,1.0,-0.521203,-0.898929,0.0,0.230769,0.75,-0.947368,1.0,1.0,-0.970149,-1.0,0.0,-0.76,-0.998
534,-1,1.0,-0.456241,-0.821429,0.0,-0.230769,-0.25,-0.473684,1.0,-1.0,-1.0,1.0,0.0,-0.477,-1.0
535,1,-1.0,-0.79188,-0.868929,0.0,0.538462,-0.25,-0.853684,1.0,1.0,-0.850746,-1.0,0.0,-0.78,-0.94994
536,-1,1.0,-0.398496,-0.803571,0.0,-0.692308,0.0,-1.0,-1.0,-1.0,-1.0,-1.0,0.0,-0.82,-1.0
537,1,1.0,-0.749474,-0.940714,0.0,0.076923,0.75,-0.84807,-1.0,-1.0,-1.0,1.0,0.0,-0.872,-1.0
538,1,-1.0,-0.348271,-0.142857,0.0,0.538462,0.75,-0.017544,1.0,1.0,-0.761194,-1.0,0.0,-1.0,-0.8682
539,1,1.0,-0.453534,-0.681429,0.0,0.846154,0.75,-0.57614,1.0,1.0,-0.910448,-1.0,0.0,-0.689,-0.994
540,-1,-1.0,-0.731729,-0.943571,0.0,-0.692308,-0.25,-0.994035,-1.0,-1.0,-1.0,-1.0,0.0,-0.856,-1.0
541,-1,1.0,-0.611429,0.041786,0.0,-0.692308,0.0,-1.0,-1.0,-1.0,-1.0,1.0,0.0,-0.822,-1.0
542,1,1.0,-0.090226,-0.857143,0.0,-0.076923,-0.25,-0.877193,1.0,1.0,-0.940299,1.0,0.0,-1.0,-0.9997
543,-1,1.0,-0.506165,-0.9225,-1.0,0.076923,-0.25,-0.997193,-1.0,-1.0,-1.0,-1.0,0.0,-0.83,-0.99642
544,-1,1.0,-0.278196,-0.5,0.0,0.538462,0.75,-0.192983,1.0,1.0,-0.791045,1.0,0.0,-0.7,-0.9999
545,-1,1.0,-0.89985,-0.993929,-1.0,0.076923,-0.25,-0.997193,-1.0,-1.0,-1.0,-1.0,0.0,-0.86,-0.98556
546,-1,1.0,0.065263,-0.836429,0.0,-1.0,-1.0,-0.979649,-1.0,-1.0,-1.0,-1.0,0.0,-0.8,-0.99994
547,-1,1.0,-0.724211,-0.987857,0.0,-0.076923,-0.25,-0.994035,-1.0,-1.0,-1.0,-1.0,-1.0,-1.0,-1.0
548,-1,-1.0,-0.366015,-0.910714,-1.0,-0.692308,0.75,-0.964912,-1.0,-1.0,-1.0,1.0,0.0,-0.84,-1.0
549,-1,1.0,-0.082707,-0.214286,-1.0,-0.846154,-0.25,-0.894737,1.0,-1.0,-1.0,-1.0,-1.0,-1.0,-1.0
550,1,1.0,0.37594,-0.803571,0.0,0.230769,-0.25,-0.877193,1.0,1.0,-0.850746,1.0,0.0,-0.94,-0.99884
551,1,1.0,-0.646617,-0.973214,0.0,-0.076923,-0.25,-0.982456,1.0,1.0,-0.910448,-1.0,0.0,-0.74,-0.69784
552,-1,-1.0,-0.163008,-0.925714,0.0,-0.230769,-0.25,-0.953333,-1.0,-1.0,-1.0,-1.0,0.0,-0.76,-0.99526
553,-1,1.0,0.077594,0.357143,0.0,-1.0,-1.0,-1.0,1.0,1.0,-0.970149,-1.0,0.0,-0.906,-1.0
554,-1,-1.0,-0.393384,-0.886786,-1.0,-1.0,-1.0,-1.0,1.0,-1.0,-1.0,-1.0,0.0,-0.68,-1.0
555,-1,1.0,-0.836993,-0.714286,-1.0,-0.692308,-0.25,-0.929825,-1.0,-1.0,-1.0,1.0,0.0,-0.64,-0.98
556,-1,-1.0,-0.676692,-0.8275,-1.0,0.076923,-0.25,-1.0,-1.0,-1.0,-1.0,-1.0,0.0,-0.88,-1.0
557,1,1.0,-0.71188,-0.892857,0.0,0.076923,0.75,-0.900702,1.0,-1.0,-1.0,-1.0,0.0,-0.578,-0.996
558,-1,1.0,0.666767,-0.357143,0.0,-1.0,-1.0,-0.719298,-1.0,1.0,-0.970149,-1.0,0.0,-0.93,-0.99988
559,1,1.0,0.02015,-0.979286,0.0,0.076923,0.0,0.052632,1.0,1.0,-0.402985,-1.0,0.0,-1.0,-0.7
560,-1,-1.0,-0.413534,-0.821429,-1.0,0.076923,-0.25,-0.824561,-1.0,-1.0,-1.0,1.0,0.0,-1.0,-0.99996
561,1,1.0,-0.112782,-0.785714,0.0,0.538462,0.75,-0.578947,1.0,1.0,-0.671642,-1.0,0.0,-0.92,-1.0
562,-1,1.0,-0.721805,-0.955357,-1.0,-0.230769,-0.25,-0.991228,1.0,-1.0,-1.0,-1.0,0.0,-0.82,-0.99998
563,-1,1.0,-0.368421,-0.821429,0.0,0.846154,0.0,-0.964912,-1.0,-1.0,-1.0,-1.0,0.0,-0.652,-1.0
564,1,1.0,0.28812,0.321429,0.0,-0.846154,0.0,0.052632,1.0,1.0,-0.492537,1.0,0.0,-1.0,-1.0
565,1,-1.0,-0.085113,-0.523929,0.0,0.538462,-0.25,-0.482456,1.0,1.0,-0.910448,1.0,0.0,-1.0,-1.0
566,1,-1.0,-0.080301,-1.0,0.0,0.076923,-0.25,-0.824561,1.0,-1.0,-1.0,-1.0,0.0,-1.0,-1.0
567,-1,1.0,-0.383459,-0.875,0.0,0.230769,0.0,-0.982456,1.0,-1.0,-1.0,1.0,0.0,-0.837,-1.0
568,-1,-1.0,-0.06015,-0.6725,0.0,-0.538462,0.75,-0.929825,-1.0,-1.0,-1.0,1.0,-1.0,-0.76,-1.0
569,-1,1.0,-0.493835,-0.806429,-1.0,-0.076923,-0.25,-0.991228,-1.0,-1.0,-1.0,1.0,-1.0,-0.92,-1.0
570,-1,1.0,-0.581353,-0.946429,0.0,0.538462,0.75,-0.988421,-1.0,-1.0,-1.0,1.0,0.0,-0.78,-0.99498
571,-1,1.0,-0.829474,-0.482143,0.0,-0.076923,-0.25,-0.997193,-1.0,1.0,-0.970149,-1.0,0.0,-0.9,-0.99998
572,1,-1.0,-0.170526,-0.928571,0.0,-0.692308,0.0,-0.842105,1.0,-1.0,-1.0,1.0,0.0,-1.0,-0.994
573,-1,-1.0,-0.706767,-0.892857,0.0,0.230769,-0.25,-0.938597,-1.0,-1.0,-1.0,1.0,0.0,-0.84,-1.0
574,1,1.0,-0.461053,-0.940714,0.0,1.0,-0.25,-0.906316,1.0,1.0,-0.761194,1.0,0.0,-0.697,-0.9342
575,1,-1.0,-0.877293,-0.214286,0.0,1.0,0.75,-0.929825,1.0,1.0,-0.671642,-1.0,0.0,-1.0,-0.94
576,-1,-1.0,-0.41594,-0.839286,-1.0,0.846154,-0.25,-0.754386,-1.0,-1.0,-1.0,1.0,0.0,-0.8,-0.99718
577,-1,-1.0,0.165414,-0.5,0.0,-0.230769,0.75,-0.789474,-1.0,-1.0,-1.0,-1.0,0.0,-1.0,-1.0
578,-1,-1.0,-0.649023,-0.919643,0.0,0.538462,-0.25,-0.909474,1.0,1.0,-0.940299,-1.0,0.0,-0.8,-1.0
579,-1,1.0,-0.193083,-0.892857,0.0,-0.692308,0.0,-1.0,-1.0,-1.0,-1.0,-1.0,-1.0,-0.7,-1.0
580,-1,1.0,-0.694135,-0.958214,-1.0,0.846154,0.75,-0.991228,-1.0,-1.0,-1.0,-1.0,0.0,-0.76,-0.99998
581,1,1.0,0.270677,-0.107143,0.0,-0.538462,0.75,-0.438597,1.0,-1.0,-1.0,1.0,0.0,-0.976,-0.95944
582,1,-1.0,-0.556391,-0.782857,-1.0,1.0,0.75,-0.821754,1.0,1.0,-0.970149,-1.0,0.0,-0.93,-1.0
583,1,1.0,-0.448722,-0.714286,0.0,-0.076923,-0.25,-0.824561,1.0,-1.0,-1.0,1.0,0.0,-0.64,-1.0
584,-1,1.0,-0.776842,-0.9375,-1.0,0.076923,0.75,-0.982456,-1.0,-1.0,-1.0,-1.0,0.0,-0.72,-0.99592
585,1,1.0,-0.385865,-0.345,0.0,0.076923,-0.25,-0.684211,1.0,1.0,-0.641791,1.0,0.0,-1.0,-0.99558
586,-1,1.0,-0.112782,0.800714,0.0,0.538462,0.75,-0.985263,1.0,1.0,-0.970149,-1.0,0.0,-0.24,-0.9982
587,1,-1.0,-0.263158,-0.571429,0.0,-0.538462,-0.25,-0.929825,1.0,-1.0,-1.0,1.0,0.0,-1.0,-1.0
588,1,1.0,-0.28812,-0.854286,0.0,0.230769,-0.25,-0.997193,1.0,-1.0,-1.0,1.0,0.0,-0.6,-0.884
589,-1,1.0,-0.516391,-0.854286,-1.0,1.0,0.75,-0.997193,-1.0,-1.0,-1.0,-1.0,0.0,-0.872,-0.99998
590,-1,1.0,-0.290827,-0.809643,0.0,0.846154,-0.25,-0.988421,-1.0,-1.0,-1.0,1.0,0.0,-1.0,-0.98998
591,1,1.0,-0.471278,0.392857,0.0,0.076923,-0.25,-0.508772,1.0,1.0,-0.522388,-1.0,0.0,-1.0,-0.9
592,-1,1.0,-0.328421,-0.818571,0.0,-1.0,-1.0,-1.0,-1.0,-1.0,-1.0,-1.0,0.0,-1.0,-0.98
593,1,1.0,-0.796993,-0.8275,0.0,0.076923,-0.25,-0.859649,1.0,1.0,-0.671642,1.0,0.0,-0.8,-0.94
594,-1,1.0,0.005113,-0.583214,0.0,0.230769,-0.25,-0.614035,-1.0,-1.0,-1.0,-1.0,0.0,-0.535,-0.997
595,-1,1.0,-0.75188,-0.440357,-1.0,-0.692308,0.0,-0.988421,-1.0,-1.0,-1.0,1.0,0.0,-0.816,-1.0
596,1,1.0,-0.796993,-0.285714,-1.0,0.076923,-0.25,-0.824561,1.0,-1.0,-1.0,-1.0,-1.0,-0.96,-1.0
597,1,1.0,-0.363308,-0.821429,0.0,0.230769,-0.25,-1.0,1.0,-1.0,-1.0,1.0,0.0,-0.761,-0.996
598,-1,1.0,-0.689323,-0.9375,0.0,-0.076923,-0.25,-0.994035,-1.0,1.0,-0.880597,-1.0,0.0,-0.746,-0.961
599,1,1.0,-0.290827,-0.535714,0.0,-0.076923,0.75,-0.701754,1.0,1.0,-0.641791,1.0,0.0,-0.907,-1.0
600,-1,-1.0,-0.789474,-0.318571,0.0,-0.692308,-0.25,-0.997193,-1.0,-1.0,-1.0,-1.0,0.0,-0.8,-0.98
601,1,1.0,-0.310677,-0.767857,0.0,0.538462,0.75,-0.368421,1.0,-1.0,-1.0,1.0,0.0,-0.898,-0.98722
602,1,1.0,-0.734436,-0.282857,0.0,1.0,-0.25,-0.997193,1.0,1.0,-0.731343,-1.0,0.0,-0.94,-0.99208
603,1,-1.0,-0.60391,-0.035714,0.0,0.538462,0.75,-0.649123,1.0,1.0,-0.940299,-1.0,0.0,-1.0,-0.9
604,1,-1.0,-0.009925,-0.967143,0.0,0.846154,0.75,-0.970877,1.0,1.0,-0.671642,1.0,0.0,-0.56,-0.99988
605,-1,-1.0,0.155489,-1.0,-1.0,-1.0,-1.0,-1.0,-1.0,-1.0,-1.0,-1.0,0.0,-1.0,-1.0
606,-1,1.0,-0.235489,-0.821429,-1.0,-0.692308,0.75,-0.298246,-1.0,-1.0,-1.0,1.0,-1.0,-0.8,-1.0
607,1,1.0,-0.235489,-0.883929,0.0,0.076923,-0.25,-0.894737,1.0,1.0,-0.701493,-1.0,0.0,-0.814,-0.906
608,-1,-1.0,-0.581353,-0.854286,0.0,0.230769,-0.25,-0.982456,-1.0,-1.0,-1.0,1.0,0.0,-0.82,-0.999
609,1,1.0,-0.836993,-0.321429,0.0,0.230769,-0.25,-0.894737,1.0,-1.0,-1.0,-1.0,0.0,-0.88,-0.95588
610,1,1.0,-0.225564,-0.696429,0.0,0.076923,0.0,-0.54386,1.0,1.0,-0.522388,-1.0,0.0,-0.883,-0.9758
611,-1,1.0,-0.318196,-0.946429,-1.0,-0.846154,-0.25,-0.958947,-1.0,-1.0,-1.0,-1.0,0.0,-0.76,-0.99994
612,1,1.0,-0.626466,-0.982143,0.0,-0.692308,0.0,-1.0,1.0,-1.0,-1.0,1.0,0.0,-1.0,-1.0
613,-1,1.0,-0.22797,-0.877857,-1.0,-0.076923,-0.25,-0.988421,-1.0,-1.0,-1.0,-1.0,-1.0,-0.6,-1.0
614,1,1.0,-0.152782,-0.97,0.0,0.076923,0.75,-0.985263,1.0,1.0,-0.820896,-1.0,0.0,-0.78,-0.98104
615,1,1.0,-0.77203,-0.464286,0.0,-0.230769,-0.25,-0.900702,1.0,1.0,-0.970149,-1.0,0.0,-0.92,-0.804
616,-1,-1.0,-0.809624,-0.910714,0.0,0.076923,-0.25,-1.0,-1.0,-1.0,-1.0,-1.0,0.0,-1.0,-1.0
617,-1,-1.0,-0.58406,-0.785714,0.0,-0.076923,-0.25,-0.804211,-1.0,1.0,-0.970149,1.0,0.0,-0.72,-0.9998
618,-1,1.0,-0.764511,-0.943571,-1.0,0.846154,-0.25,-0.953333,-1.0,-1.0,-1.0,-1.0,0.0,-0.84,-1.0
619,1,1.0,-0.56391,-0.633929,0.0,1.0,-0.25,-0.666667,1.0,1.0,-0.940299,-1.0,0.0,-0.58,-0.99986
620,-1,1.0,-0.60391,-0.839286,0.0,-0.692308,0.0,-0.964912,-1.0,-1.0,-1.0,1.0,0.0,-0.36,-0.92
621,1,-1.0,-0.859549,-0.339286,0.0,0.538462,-0.25,-0.915088,1.0,1.0,-0.880597,-1.0,0.0,-0.94,-0.9892
622,1,-1.0,-0.714286,-0.580357,0.0,0.538462,-0.25,-0.777544,1.0,1.0,-0.701493,-1.0,0.0,-0.88,-0.9951
623,-1,1.0,-0.704361,-0.872143,0.0,0.076923,-0.25,-0.962105,-1.0,-1.0,-1.0,1.0,0.0,-0.864,-0.99998
624,1,1.0,-0.561504,-0.642857,0.0,0.230769,-0.25,-0.22807,1.0,-1.0,-1.0,1.0,0.0,-0.93,-1.0
625,-1,1.0,-0.641504,-0.842143,-1.0,-0.230769,-0.25,-0.719298,1.0,-1.0,-1.0,-1.0,0.0,-0.812,-1.0
626,-1,-1.0,-0.553985,-0.881071,0.0,0.538462,-0.25,-0.830526,1.0,-1.0,-1.0,1.0,0.0,-0.56,-1.0
627,-1,1.0,-0.724211,-0.773929,-1.0,0.076923,-0.25,-0.988421,-1.0,-1.0,-1.0,-1.0,0.0,-0.84,-0.97884
628,-1,-1.0,-0.676692,-0.925714,-1.0,-1.0,-1.0,-0.964912,1.0,1.0,-0.910448,-1.0,0.0,-0.82,-0.99706
629,-1,1.0,-0.669173,-0.961429,0.0,-0.076923,-0.25,-0.929825,-1.0,-1.0,-1.0,1.0,0.0,-0.88,-0.99998
630,1,1.0,-0.451128,-0.875,-1.0,0.384615,0.75,-0.997193,1.0,-1.0,-1.0,1.0,0.0,-0.607,-1.0
631,-1,1.0,0.032481,-0.732143,0.0,-0.692308,0.0,-0.929825,-1.0,-1.0,-1.0,-1.0,0.0,-0.9,-0.99996
632,1,-1.0,-0.558797,-0.75,0.0,0.230769,-0.25,-0.941404,1.0,-1.0,-1.0,-1.0,-1.0,-0.72,-1.0
633,-1,1.0,-0.649023,-0.961429,0.0,0.230769,-0.25,-0.988421,-1.0,1.0,-0.970149,-1.0,0.0,-0.728,-0.99112
634,-1,1.0,-0.854737,-0.265,0.0,-1.0,-1.0,-0.970877,-1.0,-1.0,-1.0,-1.0,0.0,-0.92,-1.0
635,-1,1.0,-0.761805,-0.916786,-1.0,-0.538462,-0.25,-0.824561,1.0,1.0,-0.970149,-1.0,0.0,-0.82,-0.9996
636,-1,1.0,-0.674286,-0.910714,0.0,0.076923,-0.25,-0.982456,-1.0,-1.0,-1.0,-1.0,0.0,-0.89,-1.0
637,-1,1.0,-0.922406,-0.708214,0.0,-0.692308,0.75,-0.970877,-1.0,-1.0,-1.0,1.0,0.0,-0.88,-1.0
638,-1,1.0,-0.609023,-0.857143,0.0,-0.846154,-0.25,-0.947368,-1.0,-1.0,-1.0,1.0,0.0,-0.92,-1.0
639,1,1.0,0.035188,-0.75,0.0,-0.230769,-0.25,-0.754386,1.0,-1.0,-1.0,-1.0,-1.0,-0.77,-1.0
640,-1,1.0,-0.706767,-0.803571,0.0,-1.0,-1.0,-0.684211,-1.0,-1.0,-1.0,-1.0,0.0,-0.84,-0.9995
641,1,-1.0,-0.180451,-0.854286,-1.0,0.538462,0.75,-0.991228,1.0,1.0,-0.313433,1.0,0.0,-0.545,-0.97528
642,1,1.0,-0.35579,0.794643,0.0,1.0,0.75,-0.885965,1.0,1.0,-0.970149,1.0,0.0,-0.485,-0.99
643,-1,1.0,-0.699248,-0.142857,0.0,0.076923,-0.25,-0.853684,-1.0,-1.0,-1.0,-1.0,-1.0,-0.92,-1.0
644,-1,1.0,-0.85203,-0.642857,0.0,0.538462,-0.25,-0.973684,1.0,1.0,-0.940299,-1.0,0.0,-1.0,-0.99924
645,-1,1.0,-0.501353,-0.964286,0.0,-0.846154,0.75,-0.994035,-1.0,-1.0,-1.0,1.0,-1.0,-0.748,-1.0
646,-1,-1.0,-0.819549,-0.946429,0.0,0.076923,-0.25,-0.944211,1.0,1.0,-0.850746,1.0,0.0,-0.86,-0.9999
647,-1,1.0,-0.626466,-0.940357,0.0,0.846154,-0.25,-0.918246,-1.0,-1.0,-1.0,-1.0,0.0,-0.9,-1.0
648,-1,1.0,-0.548872,-0.892857,-1.0,0.076923,-0.25,-0.894737,1.0,-1.0,-1.0,1.0,0.0,-1.0,-0.9955
649,1,1.0,-0.551278,-0.333214,0.0,0.538462,0.75,-0.602456,1.0,1.0,-0.820896,-1.0,0.0,-0.619,-0.99664
650,1,1.0,-0.631579,-0.928571,0.0,0.538462,-0.25,-0.877193,1.0,-1.0,-1.0,1.0,0.0,-0.72,-1.0
651,-1,1.0,-0.706767,-0.773929,-1.0,-0.538462,-0.25,-0.970877,-1.0,1.0,-0.970149,1.0,0.0,-0.72,-0.9984
652,-1,1.0,-0.621654,-0.071429,0.0,0.384615,-0.75,-1.0,-1.0,-1.0,-1.0,1.0,0.0,-0.86,-0.9778
653,1,1.0,0.220451,-0.517857,0.0,0.076923,0.75,-0.81579,1.0,1.0,-0.671642,1.0,0.0,-1.0,-0.99432
654,-1,1.0,-0.46406,-0.973214,0.0,-0.846154,-0.25,-0.938597,1.0,-1.0,-1.0,1.0,-1.0,-0.072,-1.0
655,-1,-1.0,-0.654135,-0.107143,0.0,-0.846154,-0.25,-0.929825,-1.0,-1.0,-1.0,1.0,0.0,-0.82,-0.97876
656,1,1.0,-0.41594,-0.773929,-1.0,1.0,-0.25,-0.777895,1.0,1.0,-0.910448,1.0,0.0,-0.62,-1.0
657,-1,1.0,-0.225564,-0.883929,0.0,0.076923,-0.25,-0.894737,-1.0,-1.0,-1.0,-1.0,0.0,-1.0,-0.99368
658,-1,-1.0,-0.882105,-1.0,-1.0,-0.384615,-1.0,-1.0,-1.0,-1.0,-1.0,-1.0,0.0,-0.914,-1.0
659,1,1.0,-0.694135,-0.9525,0.0,0.076923,-0.25,-0.988421,-1.0,-1.0,-1.0,-1.0,0.0,-0.9,-1.0
660,1,1.0,-0.611429,-0.806429,-1.0,0.846154,-0.25,-0.631579,1.0,1.0,-0.970149,-1.0,0.0,-0.789,-1.0
661,-1,-1.0,-0.736842,-0.970357,0.0,-0.692308,-0.25,-0.976491,-1.0,-1.0,-1.0,1.0,-1.0,-0.856,-1.0
662,1,1.0,-0.212932,-0.961429,-1.0,-0.230769,-0.25,-0.964912,1.0,1.0,-0.910448,-1.0,0.0,-0.8,-0.98
663,1,-1.0,-0.629173,-0.381071,0.0,-0.230769,-0.25,-0.900702,1.0,-1.0,-1.0,-1.0,0.0,-0.84,-0.997
664,-1,1.0,-0.81203,-1.0,0.0,-0.846154,-0.25,-0.964912,-1.0,-1.0,-1.0,-1.0,0.0,-0.856,-1.0
665,-1,1.0,-0.46406,-0.714286,-1.0,-0.692308,-0.25,-0.994035,-1.0,-1.0,-1.0,1.0,0.0,-0.589,-1.0
666,-1,1.0,-0.609023,-0.678571,-1.0,0.076923,0.0,-0.824561,-1.0,-1.0,-1.0,-1.0,0.0,-0.8,-0.9758
667,-1,-1.0,-0.66406,-0.910714,0.0,-1.0,-1.0,-1.0,1.0,-1.0,-1.0,-1.0,0.0,-0.92,-1.0
668,-1,-1.0,-0.443609,-0.892857,0.0,0.076923,-0.25,-0.982456,-1.0,-1.0,-1.0,1.0,0.0,-0.628,-0.99756
669,-1,1.0,-0.882105,-0.681429,0.0,0.076923,-0.25,-0.982456,-1.0,-1.0,-1.0,-1.0,-1.0,-0.92,-1.0
670,1,-1.0,-0.278196,-0.607143,0.0,0.538462,-0.25,-0.991228,1.0,-1.0,-1.0,1.0,0.0,-0.772,-1.0
671,1,1.0,-0.731729,-0.818571,-1.0,0.076923,0.75,-0.818597,1.0,-1.0,-1.0,-1.0,0.0,-1.0,-1.0
672,-1,-1.0,-0.874587,-0.270714,0.0,-1.0,-1.0,-1.0,-1.0,-1.0,-1.0,-1.0,0.0,-1.0,-0.999
673,1,1.0,-0.679098,-0.118929,0.0,0.538462,0.75,-0.888772,1.0,-1.0,-1.0,1.0,0.0,-0.88,-1.0
674,1,-1.0,-0.639098,-0.964286,0.0,0.076923,0.75,-0.938597,1.0,-1.0,-1.0,1.0,0.0,-0.509,-1.0
675,-1,1.0,-0.626466,-0.107143,-1.0,-0.538462,0.75,-0.912281,-1.0,-1.0,-1.0,1.0,0.0,-1.0,-0.99966
676,-1,-1.0,-0.729323,-0.559643,0.0,-0.230769,-0.25,-0.988421,-1.0,-1.0,-1.0,-1.0,0.0,-0.78,-0.98
677,-1,1.0,-0.721805,-0.946429,0.0,-0.076923,-0.25,-0.964912,1.0,-1.0,-1.0,1.0,-1.0,-0.68,-1.0
678,-1,1.0,-0.641504,-0.979286,-1.0,0.076923,-0.25,-0.894737,-1.0,-1.0,-1.0,1.0,0.0,-0.84,-1.0
679,1,1.0,0.047519,-0.985357,-1.0,-0.538462,-0.25,-0.982456,1.0,1.0,-0.671642,-1.0,0.0,-0.62,-0.94536
680,-1,1.0,-0.776842,-1.0,0.0,0.076923,-0.25,-0.964912,-1.0,-1.0,-1.0,1.0,-1.0,-1.0,-1.0
681,-1,1.0,-0.353384,0.178571,-1.0,0.076923,-0.25,-0.719298,1.0,-1.0,-1.0,-1.0,0.0,-0.92,-1.0
682,1,-1.0,-0.724211,-0.1725,0.0,0.846154,-0.25,-0.997193,1.0,-1.0,-1.0,-1.0,0.0,-0.92,-0.97302
683,-1,-1.0,0.035188,-0.904643,0.0,-0.692308,0.5,-0.976491,-1.0,-1.0,-1.0,-1.0,0.0,-1.0,-0.9976
684,1,1.0,-0.120301,-0.979286,-1.0,0.846154,0.75,-0.877193,1.0,1.0,-0.761194,-1.0,0.0,-0.9,-0.9925
685,1,1.0,-0.46406,-0.25,0.0,1.0,-0.25,-0.54386,1.0,-1.0,-1.0,-1.0,0.0,-1.0,-1.0
686,-1,1.0,-0.79188,-0.970357,0.0,0.076923,-0.25,-0.991228,-1.0,-1.0,-1.0,-1.0,0.0,-1.0,-0.99912
687,1,-1.0,-0.847218,-0.318571,0.0,-0.230769,-0.25,-0.994035,1.0,-1.0,-1.0,-1.0,0.0,-0.9,-1.0
688,1,-1.0,-0.588872,0.035714,0.0,1.0,0.75,-0.783509,1.0,1.0,-0.970149,-1.0,0.0,-0.88,-0.99978
689,1,1.0,-0.180451,-0.997143,0.0,0.384615,-0.25,-0.997193,-1.0,1.0,-0.970149,-1.0,-1.0,-0.44,-1.0
