d3mIndex,thetadd6
17,-0.004084760308765094
19,0.012305801829472243
23,-0.0009100115767496476
26,-0.006012746351219094
31,-0.007875324324279268
33,-0.007023285173355739
37,-0.018846863745334713
41,-0.0014384067207333885
48,-0.01349411807214286
50,0.0076433405274607714
51,0.004830691474473279
56,-0.011005694295475517
57,0.010268435691188614
58,-0.021520296777348315
61,0.014429108260185257
65,-0.0190226605748251
69,0.0037188464961282345
73,-0.02055920470662305
79,-0.01851069238105954
80,0.018257599408945186
84,0.00529295913184071
87,-0.010237143621149403
88,0.018829747639704228
91,-0.011342064864005182
93,0.002241015197232646
95,0.019857260144478885
96,0.01577661896400367
100,0.001657202724785769
101,0.009630813400771881
106,0.009823792368126336
118,0.008367949086825824
131,-0.017304338860416282
132,-0.0029843593989845037
149,0.0031575089507467737
156,0.021258731457103754
157,0.000877037147286863
167,-0.01774761180622321
168,0.008325359155542689
169,-0.008979193423301732
172,0.006728209442059016
176,0.006698150876865618
177,0.011698311186924316
179,0.006514832390756775
181,-0.0018612458121691293
185,-0.01332728235044734
198,0.0038147396005048686
199,0.01482198407143478
208,-0.019823168113710925
217,-0.01390230547480485
222,-0.00399389880782579
228,0.011994565533968864
230,0.01572623231388071
233,0.01569689994995561
239,-0.004295262158103145
245,-0.018021318760258375
247,0.012924267824691709
248,0.023815973211285906
251,-0.020684707395706173
257,0.005217377769010532
263,0.0051917337674506955
286,0.0015677217771705395
296,-0.010819546553894619
308,0.0033276830397164585
315,-0.008121468933616541
318,0.020025161269733634
319,0.01918306691324866
321,-0.005802395601083363
323,0.007607832831646485
324,-3.6342112465112715e-05
328,-0.007066431396395994
332,0.00893146153562357
334,-0.01601151064955257
346,-0.01404769220218215
349,-0.006501443109266997
351,0.019231176590902344
353,0.01821645047066706
354,0.012180370372870205
367,0.020938930612120175
378,0.01024675079709534
381,-0.002677571278978061
393,0.016687630591764972
397,-0.019450360435089832
401,-0.013776987805153133
408,-0.018950205732020116
414,0.015519170284138377
425,0.013223686620744895
429,0.008880799206547798
434,0.02314692197842042
435,-0.0007409315693510636
437,0.013189969604660984
445,0.006247467286099081
447,0.010570825590944605
453,-0.015468406152405616
457,-0.0059858722788060665
465,0.005673576172296113
468,-0.016639820911986188
469,-0.0033977039099314646
472,0.0035000178472793515
473,0.012202635919612405
476,0.010416500883201365
478,-0.014809170200376703
483,-0.019379131654383687
486,0.020862936655957943
487,-0.006456644045972767
491,-0.019125933795955157
496,-0.0004634640953723911
500,-0.0040778106705554274
503,-0.011941560200190231
509,0.004881326050634337
511,-0.01715971780511932
518,0.007208103900657353
530,0.022236845623884924
532,-0.011240717386790434
533,0.008398019369916543
534,-0.002440869136323052
535,0.013750158796104797
538,-0.005599276335424489
540,-0.0006918129190647322
543,0.006227601133016615
544,-0.005811319088260509
547,-0.004656758057053249
548,-0.009442584148617851
549,-0.020527197578451124
550,0.004567818949976059
554,-0.01738429778299374
561,0.022054149419797074
573,-0.017190503805043895
576,-0.0058258008675230784
585,-0.011202721796355052
586,-0.000850543864567119
592,-0.012243989570758255
601,0.005853256868017619
611,0.018912333529842056
618,-0.0010926303810420228
620,0.010220399404576062
624,0.011271895053147886
625,-0.002729613853012186
626,-0.020184415778257213
641,-0.008494123971206717
642,0.008201862693827536
647,-0.0033530281929248455
664,-0.009629969053463477
665,-0.00807530442691847
676,-0.010724553260686099
681,-0.018166002722162018
682,0.009073960726407919
683,-0.01960869605574043
693,0.013338158142961342
694,-0.005957772761025634
696,0.01740237545687557
701,-0.0011746439444053434
706,0.019722339349605288
710,0.019743145709765066
711,-0.009242666644219613
712,0.012580867442865431
730,0.02137009033575237
733,-0.01651110412701366
734,-0.002134224714741674
736,-0.009876265687100228
737,-0.00938027422960307
742,-0.02114396848731311
743,-0.009996345148282869
747,-0.0025943023587725895
748,0.0004692820733629485
751,0.011002061480909394
752,0.01331033461249944
756,0.02283713284323643
761,-0.0029650896252026325
763,0.0008425667937513753
764,-0.006741070717498396
773,0.013082516177843822
786,-0.02139029256549886
789,-0.01057429558841108
794,0.01763931072401416
798,-0.0017759145420348193
800,0.011952922593808856
805,-0.016107975463972277
811,0.005927133276787308
828,0.02115293919641498
833,-0.021410572545376254
835,0.0006904913055627045
842,-0.004613863768805436
847,-0.0011738659376962432
852,0.00616860707057851
856,-0.0015058885495876574
858,0.012945066475708507
865,0.010094539936356017
866,0.006547343388513579
877,0.003417784110792647
879,-0.014100123317022246
881,-0.0013559981408839978
893,0.0173753126646425
908,-0.006990419863387777
927,0.002250919595762009
932,0.015112461803464832
937,-0.01830290260822031
940,0.0048022342524587786
957,-0.011031185347638715
960,-0.0034418073001635735
965,0.00986862165126103
970,-0.019813628203461452
982,-0.010342007392658194
994,-0.01988103078232593
996,-3.2587879337992766e-06
997,0.016696522317273053
1002,0.013266440910956268
1005,-0.0034130583641788764
1009,0.02044290985987971
1010,-0.008051122078866811
1017,0.019003481194168614
1018,-0.010829750067171438
1020,0.013979572098259212
1022,-0.005523549732340649
1024,0.013936783887818743
1025,0.014558473846630615
1027,0.015511647394057042
1033,-0.017459572630299205
1034,0.013162364088762429
1038,0.0010327186641938119
1041,-0.013423662364294316
1042,0.013609634687750801
1044,0.006467120813246355
1046,0.016148103445324427
1047,0.01824545720039286
1053,0.02014677793402561
1055,-0.006097271244998153
1056,-0.002598884056625863
1057,0.009516956759799163
1061,0.0026663054877689154
1074,0.023294793208395906
1075,-0.0025031031973709534
1078,0.012956068964563318
1084,-0.016199003174034134
1087,-0.006777433511451539
1097,-9.586101335699925e-05
1103,-0.008646511525503043
1123,0.022869496750545257
1127,0.012206751368498511
1128,0.01325150336716098
1129,-0.018076500188946455
1142,0.010672155491313366
1144,-0.005233738995360846
1146,-0.008414906668183517
1153,-0.008213785612383924
1163,0.0015181704897804164
1168,0.007833907766526737
1172,0.01723588202112817
1174,-0.0027777633098436216
1175,-0.0031832956836648054
1176,0.01739337487826867
1180,0.00486799786752664
1181,-0.00014597722674437636
1183,-0.017569217303915762
1188,0.004268116765827091
1193,0.02373855491386749
1197,0.005528122529557784
1199,0.006044658853084981
1203,0.01216876564576614
1215,0.006113550221640914
1221,0.021348921029141304
1223,0.00873788742243139
1242,0.002874260852999259
1244,0.0027432658620945736
1253,0.006920020936801245
1259,-0.008916518399275625
1261,-0.010547673759156214
1263,-0.009748129246410903
1277,-0.004280199417825933
1281,-0.014474065781489354
1287,-0.014643142088499306
1295,-0.0024341267198765702
1297,0.0025604774566567344
1302,0.001693737586810129
1313,0.019848072079514813
1315,0.0077049831430595845
1320,0.013489939758619783
1321,-0.011252380086649676
1322,-0.007691291663165162
1323,0.016087163286833555
1328,-0.02233634934049591
1330,0.018743213743265718
1335,-0.007023288873744367
1339,0.010973025456440282
1345,0.0184264302568428
1346,-0.019846345189518562
1352,0.01304771803154901
1370,-0.014931522625274276
1373,-0.00851559455112527
1374,0.02054583462774727
1375,-0.001203688603114587
1383,-0.001420306269758061
1385,0.022383401365703045
1400,-0.004505293441353965
1402,-0.01808466725501483
1405,0.007837969559777733
1406,0.013137338977200676
1407,0.009184343319190097
1412,0.018907209725054736
1414,0.013383316452318236
1417,-0.005968746571868576
1420,0.02023445555891598
1421,0.007463699610917021
1425,0.010360848580060332
1426,-0.020477139954550364
1429,-0.008061519862546614
1430,0.008215054579287423
1438,-0.01812109881452332
1452,-0.002786316141426499
1454,0.016109780062129722
1465,0.0038937009599812797
1479,-0.008505622003772001
1480,-0.0004695438338886874
1483,-0.021393367896814695
1487,-0.006502039180201872
1489,-0.017091354975405797
1501,-0.020668780614684256
1502,0.019457176592912868
1507,-0.012012239164819348
1509,0.018661833871454998
1511,-0.006426099496406188
1515,0.019757841494836635
1533,-0.0007054121556394527
1535,0.011747118696200149
1544,-0.008254256146080198
1545,-0.00935476714242248
1550,-0.00439362866391208
1554,0.0007075787751510354
1557,0.011716051466739822
1558,-0.014281995567908863
1559,-0.020003603071981166
1561,0.009526826004636559
1562,0.007215548157480335
1566,-0.006051625409439482
1569,0.008212690647685377
1575,0.008309083612892553
1586,0.008290082117286234
1593,-0.006972874779072411
1595,0.0016392700247615905
1606,-0.008936904765326084
1608,-0.008354825308220128
1615,0.0028227640862878074
1616,-0.016849626471530682
1617,-0.01485695794421972
1618,-0.016118266861479016
1623,0.001181353716055321
1626,-0.013779768338841581
1632,0.010961243419047778
1643,-0.016719583405600626
1649,0.021195113450708868
1650,0.01757859752269249
1656,-0.016145578813213057
1662,0.020371309806847863
1665,-0.004608245037039081
1669,-0.008200103425430785
1670,-0.021322002201729306
1671,0.01696905131426154
1672,-0.019744678245418902
1677,0.010811453229202803
1699,0.017813414008975664
1701,0.01470728405022053
1718,0.008654272207523456
1720,0.0216624105529536
1721,-0.002064407940662949
1726,0.02140807389992471
1728,-0.011800529138594158
1729,0.003560896640992138
1730,0.01742359656892743
1731,0.018304192852358424
1732,0.016507974873666707
1737,-0.0054457956246542205
1739,0.018531521293886508
1740,-0.009004523200193881
1741,-0.006327008331157546
1744,0.016735150057432438
1746,0.006161448977142782
1747,-0.01681390600337027
1755,0.009433130931105134
1758,0.002893577498370422
1768,0.023541265610492506
1775,-0.008807279534945308
1790,0.0178622199764229
1803,-0.0042577343584635245
1807,0.021181162060483025
1811,0.006577785560661443
1817,-0.014889188637537933
1820,0.005314164208875182
1832,0.011312575892264535
1835,-0.011994127612678138
1839,-0.01027015725502822
1844,-0.005970770376082538
1858,0.005334170359994084
1862,0.018143935496546863
1864,-0.00999374500854005
1867,-0.001124300773848764
1870,0.003124120035787907
1871,-0.018573956691974702
1877,0.013036606072863945
1880,-0.006239593125494063
1882,0.0064729584846732165
1883,0.0007902177041925384
1886,0.010233910448555138
1888,0.015015816286733779
1894,0.023019149100913832
1897,-0.007071618416155714
1915,0.01751925963247767
1916,-0.015060641210778693
1918,0.010757638477381438
1919,0.009922378738692936
1922,-0.019109791158929922
1926,0.00023992211847792414
1928,0.011443811716795779
1934,-0.0038159668540968753
1940,-0.0015389197603124555
1941,0.00193609700694637
1945,-0.0006380200612094204
1952,0.0015436155954514814
1954,0.010870872219601722
1965,0.0002113619023132691
1971,0.018514775801880577
1979,0.02349907747974126
1992,0.017650467704094203
1995,-7.437316495818185e-05
2002,-0.006603259610740382
2006,-0.004150264588263255
2018,0.004940673191820726
2020,0.0009106018307055745
2022,0.012564602693015457
2029,0.006997502449192055
2034,-0.018529176438989332
2036,-0.01752414687878879
2057,0.005399843007174832
2063,0.022243671915806982
2069,-0.014658099676066334
2080,-0.006510374613952837
2083,-0.005119222760115135
2087,-0.020907929947685443
2088,0.016246617658312774
2094,0.0034051960054106087
2098,0.02155611658123997
2107,-0.01868786297982818
2110,-0.0012467256646903073
2111,0.00243337219093183
2112,0.010976399594137855
2114,0.006198989728142602
2115,-0.005271788241431337
2118,0.012576548780970484
2126,0.009278391779835525
2131,0.015593334706489638
2132,-0.005175598180867281
2133,0.010982409333635932
2138,-0.006412076565333527
2142,0.0026503198088946604
2149,-0.00722199727615831
2157,0.01324024740168513
2166,0.0062044552021466
2173,-0.01738546371377737
2177,0.007070389004003676
2178,-0.021519912862028135
2181,-0.007551124950679518
2183,-0.005957386995511134
2184,0.02301718234435789
2189,0.008090808788875038
2191,-0.010120967453238185
2208,0.0005987796403360486
2215,-0.01297650462715911
2223,-0.01332758239029195
2225,-0.0009662066035561638
2226,0.003153302225607835
2229,-0.014902633999618855
2245,-0.01511277906982
2252,-0.007257065242457267
2263,0.006210115563285022
2264,-0.01812391265170942
2266,0.0145948680938871
2272,0.020486498279361047
2273,0.004785398100931453
2275,0.005821020007385028
2276,0.022227163865404697
2280,0.0005253750311164675
2287,0.02131245339084369
2288,0.023517217093162904
2302,0.017586238516844214
2303,-0.020409091041138812
2304,-0.001720158936377913
2306,-0.014408939249996998
2310,-0.01932032137791413
2312,0.022200132834840687
2316,-0.019441606240692435
2317,0.0017196618928085584
2318,-0.010424701827529123
2319,0.01906734342621297
2321,-0.017011506447755752
2337,0.004302249767265965
2338,0.016179144772064356
2344,0.007735138843454475
2348,0.01181714639243069
2351,-0.017213477359476977
2357,-0.00154761875724615
2358,-0.01752678340568645
2372,-0.02187129683231997
2375,0.01706417257924346
2389,-0.006982495172774553
2405,0.01649963265586992
2406,0.019820971975029744
2407,-0.01182463840397041
2412,-0.007433272506719675
2420,-0.010891854922983068
2423,-0.007050536377043133
2436,-0.01122662291487096
2441,-0.02237493390945463
2446,-0.015134769554340826
2447,-0.006883879507464647
2456,-0.02204378088889087
2457,-0.015600064437971923
2458,-0.011614799849293977
2465,0.023814828249371162
2470,0.018415037993719144
2471,0.0015133044787342023
2473,0.0029870015184348233
2478,-0.0019719833338939074
2481,0.010432532816933474
2484,0.022781618071206083
2487,0.02357784981103191
2488,-0.014362443558516694
2495,-0.019150701113775807
2510,0.0010417007408575715
2513,0.0032765149908614874
2515,0.017675595193074673
2516,-0.017064073860243657
2521,-0.012165060898048063
2522,0.006155631657853377
2523,-0.003732697317159966
2531,-0.02212815345000473
2540,0.008456333177578481
2542,-0.02025154144470601
2543,0.0025049636097235445
2549,-0.00010045319564471909
2554,0.019682931752542494
2570,0.0022921320573782585
2572,-0.011016282032438237
2577,-0.014525205769063894
2578,0.019615863442117437
2579,0.009657411485866378
2580,-0.021858124065534657
2585,-0.0012024132025006996
2586,0.008103350331033503
2589,-0.014143900764689346
2592,-0.005387809918117327
2598,0.002569362089753282
2602,-0.008704862337051264
2603,-0.020710657912790725
2611,0.00010610773980419352
2614,0.010410855323617456
2627,-0.009388349402687176
2638,0.017804854701712686
2641,0.008892427061080791
2647,0.009004411613773305
2648,-0.014935140988621316
2650,-0.016092130399865893
2651,-0.002484968517800813
2663,0.012600308051255641
2664,-0.011015096366248587
2669,-0.009390410827518859
2676,0.005065598620277844
2683,0.01725899773215772
2689,0.020015468101721803
2697,-0.011390908143704423
2716,-0.00757454964415953
2718,0.00524212257613369
2726,-0.019266089098909197
2728,-0.01971357925428952
2751,-0.011045236648357527
2758,-0.0020368903089943166
2771,-0.007726789799642162
2778,0.019376719042967755
2794,0.021679576039068837
2795,-0.008003758646253169
2799,0.021898065177261075
2802,0.002498988098820278
2815,0.022111956890948373
2825,0.007257219158920774
2829,-0.009440751222783966
2833,-0.013071108146098782
2836,-0.008821265770497405
2845,-0.003484358377366112
2847,-0.0026552628694009183
2858,-0.014573162188955222
2862,0.013779233983020221
2868,-0.00899535548736727
2874,-0.01880453530818131
2877,0.011363826583132204
2879,-0.018397841629062283
2882,-0.019954139977186685
2884,-0.016169423809168103
2892,0.02195258608657901
2894,-0.006328070959425305
2903,-0.020559472984798596
2913,0.013652367700727561
2917,0.010720320366430752
2918,-0.009728066972731141
2926,0.0078237542084964
2927,0.022080970761672147
2929,-0.02041709035625604
2932,0.01169578505495406
2937,0.012488945780584121
2939,0.01639788461158616
2941,-0.014815544736520388
2943,0.02195858102452257
2945,0.004000735317786287
2954,-0.01862321811558894
2960,-0.011520038755471885
2963,-0.004867273166117217
2968,-0.019367274375755746
2973,-0.009846187078135095
2988,0.0168633941177577
2991,0.002377194432605579
2992,0.018249090365294415
2996,0.01874573679157878
3000,0.010948600424567754
3006,0.008117298020870722
3007,0.00018847900740158268
3011,0.0018705208782356757
3016,0.013357620028586165
3018,0.004583583222264054
3024,-0.011636997555577991
3025,0.02070577344177108
3027,-0.001700088028458016
3032,-0.01776606286902107
3033,0.014925235398598788
3034,0.01991849294203711
3044,0.012475543589703854
3047,0.005530487077891268
3050,0.0016045107325473765
3055,0.01567673529885713
3070,-0.01144734955472044
3076,0.017150112254941403
3077,-0.0002521691294050068
3078,-0.0038086360758584946
3080,-0.015250072738901485
3085,-0.01260641149196259
3094,-0.0048672013169046855
3101,-0.022108100735662252
3102,0.00754910396372674
3105,0.0024389455929374874
3107,-0.017884030950125546
3113,-0.009710003834007814
3123,0.023543014352485094
3126,0.010986840240652603
3127,-0.00584839112336741
3128,-0.013383499887951346
3131,-0.0032234637105907175
3139,-0.002919866559044744
3143,-0.00847732328173708
3145,-0.005086950437424857
3148,-0.006369889359679439
3149,-0.0067730084633835334
3169,-0.006214407663758418
3182,0.004534317789895466
3185,-0.013237457883421119
3187,-0.018770918510956087
3203,-0.009154741401656865
3204,-0.0018216760147381256
3210,0.020642895204736132
3213,-0.0030671525108855193
3214,0.02125764477630991
3221,-0.007557036013147508
3244,0.004985617803734336
3245,0.0011810404164847917
3254,0.011692446687679898
3257,-0.0015616759169136225
3260,0.0026020349795125735
3263,0.006881297294903246
3268,0.0013258193550298935
3286,0.004593640570190053
3289,0.0031830092538815444
3295,0.009486957092458101
3298,0.019940450431426
3303,0.0009136552680553598
3305,-0.006369668261458897
3309,0.011391258797496667
3317,-0.018923714341464396
3322,-0.005517764791451741
3328,-0.004341972472123892
3333,-0.005334261594277202
3340,0.022173450565904897
3341,0.023454235553612084
3347,0.020554646794899847
3355,-0.0017681357084066954
3357,-0.016560417664434415
3358,-0.010142564771467254
3362,-0.01917343321785089
3365,0.023720704239124576
3378,0.001625445989577701
3379,-0.0005775748296975833
3381,-0.014398393759137783
3383,-0.02095201206068294
3393,0.0006020732945809543
3395,-0.009942798983002776
3396,0.003419898266162282
3404,0.017530226967640516
3406,0.0038322630992199016
3412,0.016801063229874028
3413,-0.015587070523303652
3418,-0.013797405932872653
3424,0.004204062421939785
3437,-0.004177015006022953
3439,-0.003628653798463782
3442,-0.0004185709805338589
3458,0.0017992387502601434
3459,-0.0012709080127419649
3460,0.002471936407753093
3464,0.007435943304181864
3467,-0.00430489396133689
3470,0.01746183330135509
3473,-0.002433306158698245
3475,-0.012920967036065555
3477,0.02222433954378415
3479,0.014502746610619857
3481,0.012763576598313479
3482,-0.017194790088538348
3487,0.013493051785456185
3504,0.0024494414369159406
3505,0.006493139170789087
3509,-0.005937553837560604
3513,-0.014874393250339114
3518,-0.013731493685528218
3519,-0.015028869365650396
3534,-0.01598146935283944
3538,0.010992383422817794
3540,-0.014372202408426677
3542,-0.020755389752358206
3550,0.015186727986503373
3552,-0.011644332959302159
3570,0.00936584028899666
3574,0.007311004615998829
3590,-0.016662303548194576
3593,0.015901307259222855
3601,-0.011228034613132655
3605,0.02333984389811686
3611,-0.012558085649939871
3612,0.019518692470201163
3614,0.008108447308003267
3616,0.006695391003680345
3621,-0.012014233057558566
3624,0.020208148262694528
3625,-0.019230076608412867
3649,0.0033597456737178
3651,-0.0007016655121532992
3653,0.0012081957184335692
3656,0.02008213800363788
3658,-0.0016783171003291334
3660,-0.0033073493622342376
3668,-0.019515024418003648
3680,-0.0038427015452049025
3684,0.02012641407867264
3685,-0.02084407789170982
3688,-0.0036415888152797234
3689,-0.019853399055341257
3692,-0.004417197364182878
3693,-0.014565005298955571
3698,-0.006281265977128817
3704,-0.01899220514295132
3706,-0.013781284264716306
3707,0.010833415652443196
3708,-0.01777375227659068
3710,0.021549815127771692
3717,0.006530067199105204
3720,-0.00044389304828303274
3721,-0.014923337982359914
3733,0.02295736710401002
3734,-0.013352896748898151
3739,0.005662942180475536
3742,-0.01698886253627631
3745,-0.0155944120943422
3751,0.005741485087671231
3755,0.0063393115485849165
3761,0.01571729402514905
3767,0.01745188912364797
3768,-0.012555714625926287
3771,0.015173199057312587
3779,0.020075933685371097
3781,-0.00920733410013373
3790,0.011312244090750866
3795,-0.001607546551081464
3806,-0.003896025687167296
3816,0.004967026742900039
3817,0.0038611387735151188
3826,0.0037621018806330247
3827,-0.016581894103301624
3834,-0.0049935183998517626
3844,0.02386103068505268
3852,0.008844420994308702
3855,-0.007897401459567143
3856,0.0017988375664596923
3861,-0.011100760979725165
3862,0.0157615488229492
3869,2.8734463780760852e-05
3870,0.018226360728145083
3881,0.010693602635437274
3882,0.021705982629051827
3885,0.014627832697616588
3886,0.020011873790900848
3887,-0.007674029658579862
3889,0.01890764914620435
3891,-0.00894654921155431
3898,-0.018819665272185274
3903,0.014749102450474665
3905,-0.015355255668929469
3907,-0.012048516849834044
3908,-0.006654802323943968
3912,0.018688017513023125
3916,-0.00933744253959622
3922,-0.006293627125341653
3939,0.016465177720620384
3942,-0.0016033672704915186
3946,0.021708487792153185
3961,-0.002987713801276057
3964,0.021750725261419475
3966,-0.016469155288060377
3968,-0.018828649507409066
3978,-0.011665393104448687
3979,-0.013301966450012548
3989,-0.018098278517852593
3992,0.016927037410141548
4013,-0.01604570809942672
4024,0.012102485209753192
4031,-0.0002654248465687334
4032,-0.0003554818213471013
4034,0.004552370135818626
4035,-0.01579671943306288
4038,0.020437939004489026
4041,-0.01938443924513955
4053,0.007294491323379323
4071,0.008431037320915427
4076,0.009879771538929535
4078,0.001113615943654262
4084,0.01914637108431897
4087,0.011542387602927933
4092,-0.003399661107150117
4094,0.014905895934164417
4101,0.003325836545790937
4105,-0.018129394777462247
4113,0.01298366492112458
4119,0.01987964626221722
4121,-0.020814490817700815
4127,0.010637251267211214
4128,-0.021391441844533662
4141,-0.01171264552540348
4148,0.012086031123351737
4151,-0.01341960057104332
4161,-0.01789932403959487
4169,-0.01618991810322022
4176,0.016213360107150212
4180,0.023422517364118895
4189,0.019295384192552
4194,-0.018061068643269288
4195,-0.019122151690411315
4198,-0.0018169678869400523
4205,-0.011846433384625373
4215,0.000882209673857788
4216,0.0024889048481738806
4231,-0.0017849573667452264
4237,-0.009034467978436957
4240,0.013660678156855285
4245,-0.020162113535994456
4246,0.004627408466617602
4247,-0.021602378489535543
4251,0.010089100981803855
4252,-0.0034843605359261443
4253,0.013739882200152568
4267,-0.005675041792588925
4270,-0.014273980526139965
4271,0.0036391919305154554
4273,0.010176997237989014
4279,-0.021694095396979418
4287,-0.014096609181288237
4290,-0.021070275556146243
4299,0.019987544969132656
4301,-0.013302626661016977
4302,0.003513359598478686
4303,0.0034792019277822893
4314,0.023465041613503875
4319,-0.007317750690864226
4322,-0.01985704609670017
4325,0.00922936903128781
4326,-0.01722912260259743
4331,0.019795842327489238
4332,0.006104640610921125
4335,0.009847513092696613
4336,-0.005009942266412749
4338,0.011398045310240969
4347,-0.016569251417187323
4350,0.016164749335203114
4354,-0.006679110176843269
4359,-0.02069807412452875
4362,0.004364885012114318
4366,0.009230192984489046
4368,-0.014867526562507866
4369,0.0182807761763871
4371,-0.006934892448362948
4374,0.02188581812436428
4392,-0.01035123801209149
4393,-0.013412485340442537
4395,0.0063579510228371
4397,0.0054109161117793
4409,-0.0109955086674104
4414,0.00026059372281848247
4416,-0.012413822298876978
4424,-0.015672681481145118
4427,-0.007901461402623825
4428,-0.0009858720105555435
4434,0.017845854082617088
4446,0.022205972973193305
4447,-0.0012755254810186446
4450,0.01087647121596206
4453,-0.017867744306309524
4466,-0.01941757005799159
4471,-0.006081344155610513
4477,0.015480389902948078
4478,0.012263166876794131
4480,0.0060435265341647225
4502,0.010736769827346422
4505,-0.017540879111068802
4506,-0.012777696314252202
4509,0.0031645751511982317
4511,0.0009045489200068333
4522,-0.0036802110048561633
4527,0.005386654822103573
4532,0.0068859573176491525
4535,0.00567221997986384
4538,0.02209612539493363
4545,-0.005923758172022866
4546,0.016895987140795765
4550,-0.008773527981900868
4553,0.020354651890706135
4554,0.009459361752628275
4567,-0.0034386265077718317
4568,-0.014201439957665091
4570,-0.014002516624344988
4574,0.020421990946232493
4601,0.020166802278721935
4602,0.007435039175893683
4604,0.018375689602874397
4614,0.01720457519150416
4617,0.0002662624098313185
4619,0.01801738066363042
4620,-0.007206896606897655
4623,0.023809531759781188
4630,0.0004343553385633037
4634,0.00465023400550555
4639,-0.017351277056703387
4641,0.021754487939923017
4647,-0.012863255466652871
4649,0.0003980289317650046
4657,0.014988059363267182
4660,-0.02096152175109196
4664,0.01779467369913336
4667,0.00549043468810999
4668,-0.0116172784929435
4671,0.002855947938043523
4685,0.00011194016901383194
4687,0.01567193558644051
4689,-0.013618935880964038
4690,0.0023966227063670284
4696,-0.018011081018386745
4700,0.015330662311344063
4708,0.01001280976108848
4709,0.015570733041113703
4714,0.0005035208442434485
4715,0.014114703506918898
4727,-0.00994919294618676
4734,0.02189300335398328
4739,0.0029088064477701893
4742,-0.013254338131246263
4746,0.014493304452303313
4756,-0.01569768716566657
4763,0.015506976886876692
4764,-0.014337418138589221
4765,0.010261383983925952
4767,0.0040444760699328225
4771,0.010335590035649277
4773,0.01832299329351594
4774,-0.013992418880509797
4775,0.011279526796328035
4776,0.006573160074876068
4789,0.01636805454539056
4793,0.001275067908261325
4814,-0.021740930907482095
4816,-0.018077064498212274
4818,-0.009326110099422052
4825,0.0038021450194427315
4827,-0.01325567057951817
4829,0.00671393827658254
4836,-0.017125916913559837
4840,0.014915803107985253
4842,-0.016753295487833032
4844,0.02095555738332428
4860,-0.013140890691582694
4863,-0.01994683911042305
4864,0.016854031209430947
4866,0.010405642709503057
4870,-0.013722690769347215
4881,-0.021627914563093723
4883,0.018074487527868093
4898,-0.013425264940936089
4906,-0.01825419254251169
4907,0.013326731342877153
4912,0.007977521699385362
4913,0.0016539710520503872
4915,0.010511181493570793
4928,0.00048197440635801633
4949,0.010476276961102919
4950,0.003624263637691737
4951,0.008953813733132811
4952,-0.009040964935771096
4961,0.016702661262007402
4962,-0.004731012213828743
4974,-0.01815511864574331
4984,0.01409555553759604
4985,-0.014494342986075279
4995,0.002460685376128748
4996,0.0007958805322567131
5002,-0.014101097444328647
5003,-0.0037675426434097877
5009,-0.01803333854762025
5018,0.011344582095339296
5020,0.004880112323164256
5022,0.0010083269358189364
5023,-0.02236900095302059
5025,0.0028149245046130357
5027,0.0018544689007318309
5035,-0.014057058810897532
5037,0.0224306417603948
5039,0.016831521437039282
5041,-0.007480894966537299
5046,-0.015604657545356802
5054,-0.003044717671363576
5058,-0.008329746232657547
5059,-0.020982206615158427
5061,0.021344743290379956
5062,0.011940174754984363
5067,0.007647862093998836
5070,0.00595151020360767
5071,0.017335572957700315
5086,0.01698661705908008
5090,0.01147380274989671
5091,-0.008041834411775499
5095,0.007934489263295427
5100,0.014474348286457692
5103,0.009607595620689333
5113,-0.00027547016823169137
5114,0.0009641782158261307
5118,-0.00999273634427312
5119,-0.02083676284012311
5121,-0.01831368523231746
5146,-0.0088068142110753
5153,0.0012224169286635628
5154,-0.0005985964291292345
5160,-0.0031952855595519343
5166,-0.007104413727105459
5168,0.016545819981631203
5176,0.00686035957094717
5198,0.022874058404626793
5201,0.0206788660658604
5202,0.011275332714183574
5204,-0.012779762981301106
5227,-0.008301301962003245
5231,-0.020663144614437634
5239,-0.009413855256404889
5241,0.007919200799311887
5250,0.018650052759159645
5251,0.0002625299511682403
5253,-0.010068565633141393
5257,-0.006906003205976095
5261,0.014992558727473477
5270,0.01301880812865898
5285,0.022450578837592636
5286,-0.01216214190815177
5303,0.01890022894190745
5304,-0.017863100010215287
5309,0.02016875084170046
5310,-0.0004250808892281951
5314,0.002522109360432771
5317,0.008795791720418463
5318,0.008900639765275583
5327,-0.002413871717622415
5332,0.019602277773634352
5335,0.006906607028023658
5356,-0.0013520621608463625
5359,-0.006571171999115799
5360,-0.001968725450072408
5362,-0.008365940350562383
5369,0.003240361885597281
5382,0.018464427389106777
5386,0.005004885110590455
5388,0.011740111393601026
5389,0.013522917930440909
5391,0.019529137433835976
5394,0.0011912127848239876
5395,-0.0011425717510667125
5400,0.0018225589077614074
5402,0.021689961488119885
5403,0.017882156128523584
5405,0.00152704371334536
5411,0.011938378524671044
5414,0.018153979584746946
5416,0.00202748149614514
5419,-0.01746455582031865
5422,0.0019743827695233537
5446,-0.008268815325138243
5454,0.007815228821462518
5462,-0.012607066152384083
5465,-0.005232873104421823
5471,0.018156805139830368
5473,-0.006333939467424069
5480,0.01360466321562868
5484,-0.00629648043333979
5485,-0.007289321530130156
5492,0.013620363964578554
5493,-0.0010175541212596073
5501,-0.017814689059254117
5503,0.014684249131009365
5505,-0.010633793520434073
5514,0.022411494407803382
5519,0.004761786537825711
5533,-0.015727115739696
5549,-0.021577243908143532
5553,0.013887075333911918
5558,0.015377855526080801
5559,0.0034401107139472122
5561,-0.003129359127384427
5566,0.0008961727819809578
5571,0.004432297767047524
5574,-0.015486436912728448
5577,0.023736816656309348
5579,0.018145629966172905
5584,0.0036320995189778804
5589,-0.021196310484460412
5590,-0.0020201081214678207
5593,-0.0159509676661078
5597,-0.003316201925296006
5603,-0.01949954353381144
5605,-0.00046209957706570555
5614,0.0005352775794515165
5632,-0.01565177921924673
5638,-0.011562999033983569
5641,-0.01287010334417526
5649,0.011200923141085693
5650,-0.017223973820186866
5662,-0.006744377014737782
5670,-0.0013012271469679385
5671,0.0020420428337632186
5672,0.007789196279096711
5678,-0.008832967016071528
5680,-0.018577570121470235
5682,0.001781329486030611
5686,-0.00672440570894513
5693,0.014091414802720973
5697,-0.013240430837318237
5708,0.002071899419410655
5709,-0.011912646288545856
5711,0.021171731311698083
5715,0.004439474670792112
5723,0.011140781649807094
5733,-0.01369430046269374
5736,0.006010106474268233
5738,-0.0030523796343841897
5740,-0.0010976502665820307
5743,0.014427683302197642
5755,0.019387905934522536
5762,0.0058676763574049455
5763,-0.0073343201060445925
5769,0.02002122498133028
5771,-0.014688831095258644
5786,-0.008948177690916482
5799,0.0012630928339287092
5807,0.008662370816402209
5812,-0.017412095719100965
5813,0.02293416289201911
5818,0.013085952297050917
5823,0.0050594914372125545
5826,-0.002059535453936635
5834,-0.021403419077426315
5838,-0.008680708667011474
5839,0.008179743004070435
5840,-0.0010890835585417977
5843,-0.01915195153676645
5845,-0.0036266774825705513
5846,-0.020983504526469805
5849,-0.020005462517266887
5858,-0.018606196019533047
5861,-0.015766115060546804
5862,-0.0035107566414746827
5876,-0.0068353035808438
5879,0.014121029938010413
5887,-0.010267526895444934
5901,-0.0057788629796016915
5902,-0.018503117377171693
5905,0.017655040150975906
5910,-0.013288537122949012
5921,-0.0027429398775598505
5927,-0.020101768523341296
5928,-0.0212001046162673
5936,-0.014321612545294876
5943,0.015990416934512378
5946,0.022593108248217454
5950,-0.022119723656343744
5953,0.0028452013927355024
5957,-0.018006461699915752
5958,-0.018665033740551604
5965,-0.004369499971495533
5968,0.00974444709332974
5974,0.016950858661936227
5979,0.022190324029684225
5981,-0.017374513647094796
5992,0.006324557482392448
6004,0.02001025672107028
6008,-0.0034031095609859726
6029,-0.007960712642071597
6045,-0.009555815423912385
6050,0.004228309218426719
6054,-0.0049015378397181154
6056,-0.004714720636161215
6061,-0.012699879608324813
6063,-0.019161548803039666
6064,0.009816777048018518
6069,-0.005869765184815906
6071,0.01391381403377429
6072,0.012492106529204126
6076,0.022980240439584416
6079,0.012294181992447945
6081,0.02359192917303115
6098,0.02272897757604277
6100,0.006001027262402981
6104,0.015591301034572668
6115,0.018520495677602774
6118,0.017896857155812382
6119,0.0064968441849031725
6123,-0.017968262588105813
6126,-0.0050402891535534355
6128,0.004387445048118185
6135,-0.01252302847644108
6140,-0.002599943601236432
6141,-0.014284597249480278
6143,0.00993231767418283
6145,0.009835990390873808
6151,0.01921276715747655
6173,-0.00630828097267544
6175,-0.019707322822216218
6180,0.01700355712985472
6182,0.004486180667692791
6187,0.01612461461177486
6192,0.0036368236817933435
6203,0.009657339328288127
6204,0.009399262199087462
6206,0.010059906457355166
6210,0.014932749654439989
6215,0.008921557445459924
6216,0.010525983048083993
6227,-0.020333622540161796
6232,0.0025077466103377447
6237,-0.0198508242015874
6240,0.006957278916436719
6259,0.013436945259611028
6261,-0.015771388114342134
6264,-0.01880906396713091
6267,-0.004208599364794086
6276,0.009824460905005184
6282,-0.010706404087927165
6290,0.01808024379074513
6304,0.0008638212093008907
6309,-0.01707768882347005
6311,-0.02132591628780089
6324,0.01669877862923916
6325,-0.0010192535247371542
6336,-0.011893211230738587
6346,-0.021591698551222827
6354,-0.020962017911533865
6361,-0.00276435772694045
6365,0.004760711574929189
6367,0.0019260168399571624
6369,-0.009168723011723176
6377,-0.009483355030524457
6384,-0.006516601442917107
6385,0.013231794788960936
6389,0.0029362229354829806
6391,0.012864414346994679
6409,-0.02198119960804334
6418,0.007676412134094763
6422,-0.006335167996448665
6424,0.0003902756924915596
6429,0.0004182179437552887
6434,0.014738712067572117
6435,-0.012903661243548152
6450,0.012075207486613962
6455,-0.013769103510449101
6460,-0.012969041251661548
6465,-0.00446892787210935
6477,0.017687180801504162
6480,0.011399690441351966
6481,0.0029431812079327786
6486,-0.009365506903684684
6504,0.015617827578820352
6511,-0.014620213247095486
6513,-0.0028497731809160537
6524,-0.004422978913048877
6529,-0.0021363786492890635
6531,-0.01251305068687059
6533,0.020132010608107227
6548,0.004244863523686855
6554,0.005765398540815899
6555,-0.002287534282537883
6561,-0.021173261072060457
6562,0.021634576538057247
6571,0.017823116736324782
6574,-0.014757961447246823
6575,-0.01451126578836965
6576,0.006627960671901153
6583,-0.009710385282402248
6602,-0.005835970460570802
6610,-0.016270049402234615
6611,0.0010156293444111668
6620,0.015622089501422999
6625,-0.01280953877513016
6629,0.017226274270420505
6630,0.02151635806398892
6637,0.011247500549481537
6639,-0.019439466799333838
6643,-0.015311897907005961
6651,-0.021235249365630295
6654,0.02230161167585174
6659,-0.01030726968604431
6663,-0.008523071186348749
6667,0.003511852615209811
6670,-0.013804913404668032
6678,-0.015699835857996735
6682,0.018912388110574323
6683,-0.009082601091885285
6689,-0.007379703214010655
6691,-0.005261931331222704
6692,0.010065856065538033
6693,-0.02100255166020254
6698,-0.01630860899357009
6699,-0.0041196962945363085
6704,0.014219429130585564
6719,-0.0009312490321846165
6721,0.0032888742888800082
6730,-0.006751795677206086
6732,0.020806710484213807
6743,-0.01082835409556141
6753,-0.01745640941475345
6754,-0.0006016723771765086
6755,0.012051809620951506
6757,0.02270929675075744
6761,-0.00861414515126846
6764,-0.016063680578628652
6766,0.012118472122090324
6778,-0.0034907816352934013
6780,-0.002861256103561106
6781,-0.0003054642849898123
6782,-0.009389933785751526
6787,0.020854674613248105
6793,-0.008272193163224443
6795,-0.017086775436112558
6796,-0.01958412917563715
6802,0.014955602637876927
6807,-0.017707646683940422
6810,0.005696156560437434
6812,0.017875183054519274
6821,-0.017037855990080716
6825,-0.009248254539414065
6826,-0.007277247778767451
6827,-0.006567855834173406
6830,-0.018932625802378502
6831,-0.001974962146739688
6835,0.0236658422773214
6837,-0.016173135915693724
6840,-0.01838746943973716
6841,0.0142431816168249
6851,-0.003800275356118569
6852,0.015274692083146715
6855,0.015064971015809234
6869,0.01952435406480246
6875,0.011608874335606907
6876,-0.010611995147756199
6883,-0.018433981166234854
6896,0.014291656707855625
6911,0.014484325767662462
6920,-0.012353524774544555
6921,0.0060391754938692805
6924,-0.020490489414892676
6926,-0.0195802739874179
6929,0.022775229350239325
6932,0.02157784372143675
6934,-0.006600704492392541
6939,0.021981778760833383
6946,-0.01924232181111535
6948,-0.014163288025810166
6952,0.015727822247528
6953,-0.005984851896641813
6957,-0.016751769694255295
6968,-0.009365060081757815
6982,0.013057190409706022
6983,-0.021225012857221535
6984,0.01803820953448768
7003,0.017652014158175116
7011,0.014293556240684818
7013,0.00426146901765635
7015,0.02262546228782327
7023,-0.01116974578309396
7033,0.003548674874084302
7036,-0.01828231179569814
7037,-0.004270254623387377
7038,-0.0211966376604883
7042,-0.010544058171100648
7044,-0.008983871947990777
7048,0.015016521827498906
7051,-0.017857373658812997
7060,0.005762001275689399
7068,-0.004750524054700047
7069,-0.0091957817952019
7075,0.011609100367678952
7077,-0.015020453448446762
7096,-0.01812080370853021
7106,-0.006886376344691592
7108,-0.019663230224784275
7112,-0.02230764943466054
7115,0.013722898649811549
7122,-0.0035755482877961762
7123,0.0035237632411071504
7124,-0.001354772078785154
7130,0.02184159909698754
7145,-0.005785039853319481
7149,-0.014208245897449696
7150,-0.01902327113894877
7153,-0.0026140198795784842
7166,-0.0024389060801557386
7182,0.004058830802519154
7191,0.019668010243764595
7199,-0.021476317658500974
7200,-0.011636020652980122
7205,-0.01865585122617048
7207,-0.004122692684228075
7211,0.022717266154399916
7213,-0.008429487741207614
7224,-0.020225106176711152
7237,-0.003087671782560879
7240,-0.016109677334375575
7244,0.013990390801145482
7261,-0.015015435413101068
7262,-0.02056669028445238
7264,-0.018110027560113165
7265,0.016337963910162383
7274,0.0033398486840634316
7277,0.004742213640542038
7278,-0.01916398920934003
7281,0.011605092230063065
7282,0.01471669598869661
7283,0.02317886434979135
7294,0.023690652766342715
7295,-0.00996227628691355
7297,0.012870307832616685
7301,-0.01087550876458327
7311,-0.0027759029394607442
7312,0.013189453708813055
7325,-0.01084086171749078
7328,0.022959579319678305
7334,0.008513268590476377
7341,0.009380950209228885
7349,0.013009200686317038
7353,0.00931876764525606
7361,0.023125876326462687
7369,-0.020951107315663322
7373,0.011336210274433486
7375,-0.004967829376896948
7377,-0.0026056761199531064
7387,0.012742258042694408
7389,-0.009123854566142165
7393,0.0171487409525889
7395,-0.01372733814909864
7419,0.021534512478965078
7422,-0.005560216883258471
7425,-0.007644603551476187
7432,0.01586109266907337
7453,0.00035389963881249744
7454,0.006051418538011728
7456,0.009104830293442352
7458,0.013890408458968858
7460,-0.006438470512322031
7462,0.0037008882017493775
7466,0.01862386819249436
7472,-0.005677892325295591
7477,0.007589865594661776
7483,0.02000869145668051
7487,-0.015493153734820249
7499,0.0039943148351504676
7501,0.012274562840306417
7503,-0.01231499571141526
7506,-0.01597863362168728
7518,0.018654856480330616
7522,-0.0027767512535537826
7523,-0.013331830128071522
7528,-0.02064440183766958
7532,0.0060780267991749565
7533,-0.012492011510592954
7535,0.011229888549805144
7546,-0.015867074613687023
7547,0.02089120577488384
7551,-0.011706288566105779
7558,0.0038029538627237344
7559,0.009593185073907856
7569,0.023089473444966074
7573,0.012839992090413622
7585,-0.01845937539156228
7593,-0.006597516299223543
7594,-0.0030447540585184217
7600,0.004349973987770865
7605,0.008097019274456201
7606,0.023363100840645728
7609,-0.014199740862553266
7620,0.0016681614257084785
7621,0.0011913114618540756
7638,0.006253333943903531
7645,-0.015191875185115621
7652,-0.01687463092258926
7656,0.01592220767092693
7666,-0.004028496516403236
7668,-0.017907949953853156
7674,0.016844602927571756
7676,0.001860098425298351
7678,-0.0016451659353396344
7684,-0.008215507834924677
7696,-0.008983501600762231
7699,-0.02015517746587642
7702,-0.009412307260495386
7709,-0.013598692904972924
7710,-0.018428127151424886
7711,0.013417396723219156
7715,-0.00857020396140456
7717,-0.016520957645199386
7725,0.02199502491865982
7727,-0.00430907200846396
7737,-0.017603896112677306
7743,0.016674962311295984
7745,0.018497644235994426
7750,-0.01735367552526596
7752,-0.0026124558486515896
7753,0.001209454775664348
7756,-0.018796672907443333
7765,-0.007798962487814237
7770,0.022938046449884508
7771,-0.003496802475957365
7776,-0.008961106232052323
7778,0.020123241612155316
7783,-0.009591653996143187
7784,-0.01929183856154494
7791,-0.021345812969089537
7794,-0.022154384579893587
7795,0.01996763656994668
7798,0.017697427177615924
7801,0.003652084701227889
7803,-2.3788852409325047e-05
7819,-0.00844485915556957
7822,-0.016382543066729236
7825,0.020312986748214357
7830,-0.0016034067413035532
7851,0.0013451301414523944
7864,-0.007466599748534739
7868,-0.020688524346576267
7870,0.004716539727507457
7882,-0.01970352437328927
7884,-0.006534560662393122
7885,-0.013836842516313038
7889,-0.012353104472069523
7894,-0.010177211510194024
7901,0.02082221449583494
7904,-0.005985717787580836
7913,-0.004606145991589678
7915,0.019394125671075277
7923,-0.0006231300057348616
7925,-0.014874339286338282
7931,-0.013177831054527571
7937,0.006078638288395782
7941,0.002767332264635878
7946,0.004590633696063841
7957,-0.018340103848563487
7959,0.0014336341864697529
7966,0.012930967686668963
7968,0.014882685554859125
7969,-0.020754104484041306
7971,-0.021532894442067643
7973,-0.008822036376429249
7977,-0.019589407471649695
7978,0.0005599600966994325
7979,0.016846083391388794
7982,0.02155512734401334
7986,0.023479970831424755
7987,-0.006298266179218664
7991,0.0025097010322649247
7992,-0.005336421696138971
7995,-0.017122636827406567
8001,-0.007466671597747272
8005,-0.0019275919300802287
8011,-0.018801033507076067
8025,-0.0029770243036260566
8027,0.01602056215047282
8034,0.020970263652830307
8037,-0.004297578293018743
8044,-0.004500676898174443
8056,-0.018992593992123007
8057,0.005409533399895193
8061,-0.011338466852795598
8066,0.01917343356818632
8068,-0.015057358040968236
8071,-0.00709929917328971
8073,-0.015083515471450246
8074,0.02140304661360744
8078,0.020225277053289206
8084,-0.002138989890197767
8089,0.016901977144887826
8090,0.013613491109432926
8098,0.01218261527530471
8122,-0.008138030022922496
8123,-0.01275223517356375
8129,0.008432459811977287
8131,0.005380551031061192
8133,-0.021609831688964375
8134,-0.009841367321946735
8135,0.005892890188786741
8136,-0.019891582132133805
8139,0.019504154568377733
8148,-0.01010628153586962
8156,0.0028377861222901096
8161,0.015431577151455019
8168,-0.01692356917892996
8179,0.01745664967361828
8181,0.010801576891953869
8185,0.01995094134155295
