d3mIndex,largest_spot_size,spot_distribution,Activity,Evolution,Previous_24_hour_flare_activity_code,Historically-complex,Did_region_become_historically_complex,Area,Area_of_the_largest_spot,C-class_flares_production_by_this_region,M-class_flares_production_by_this_region,X-class_flares_production_by_this_region,class
0,0,3,1,3,1,1,1,1,1,0,0,0,5
1,3,2,1,3,1,1,2,1,1,0,0,0,2
2,4,2,1,3,1,1,2,1,1,0,0,0,1
3,3,3,1,2,1,1,1,1,1,0,0,0,5
4,4,3,1,1,1,1,2,1,1,0,0,0,5
5,0,2,1,2,1,1,2,1,1,0,0,0,1
6,5,2,1,3,1,1,2,1,1,0,0,0,0
7,0,2,1,3,1,1,2,1,1,0,0,0,1
8,0,2,1,2,1,1,2,1,1,1,0,0,1
9,5,2,1,3,1,1,2,1,1,0,0,0,0
10,0,2,1,2,1,1,2,1,1,0,0,0,1
11,5,2,1,3,1,1,2,1,1,0,0,0,0
12,5,1,1,2,1,1,2,1,1,0,0,0,0
13,4,2,2,2,1,1,2,1,1,0,0,0,1
14,5,2,1,3,1,1,2,1,1,0,0,0,0
15,5,2,1,2,1,1,2,1,1,0,0,0,0
16,3,1,1,3,1,1,2,1,1,1,0,0,2
17,4,3,1,3,1,1,2,1,1,0,0,0,5
18,5,2,1,2,1,1,2,1,1,0,0,0,0
19,5,2,1,2,1,2,2,1,1,0,0,0,0
20,4,3,1,2,1,1,2,1,1,0,0,0,5
21,5,2,1,3,1,1,2,1,1,0,0,0,0
22,5,2,2,2,1,2,2,1,1,0,0,0,0
23,3,2,1,3,1,1,2,1,1,5,0,0,1
24,5,2,1,2,1,2,2,1,1,0,0,0,0
25,5,2,1,3,1,1,2,1,1,0,0,0,0
26,0,1,2,3,1,1,2,1,1,2,0,0,2
27,5,2,1,3,1,1,2,1,1,0,0,0,0
28,3,2,1,3,1,1,2,1,1,0,0,0,2
29,5,2,1,3,1,1,2,1,1,0,0,0,0
30,5,2,1,1,1,2,2,1,1,0,0,0,0
31,5,2,1,1,1,1,2,1,1,0,0,0,0
32,3,1,2,1,1,2,2,1,1,0,0,0,1
33,5,2,1,3,1,1,2,1,1,0,0,0,0
34,3,1,1,3,1,2,2,1,1,0,0,0,2
35,5,2,1,2,1,1,2,1,1,0,0,0,0
36,3,2,1,3,1,1,2,1,1,0,0,0,1
37,0,0,1,3,1,1,2,1,1,3,1,0,3
38,0,3,1,2,1,1,1,1,1,1,0,0,5
39,5,2,1,2,1,2,2,1,1,1,0,0,0
40,5,2,1,3,1,1,2,1,1,0,0,0,0
41,5,2,1,2,1,1,2,1,1,0,0,0,0
42,2,1,2,3,1,2,2,1,1,2,0,0,2
43,0,1,2,2,1,1,2,1,1,8,0,0,3
44,0,1,1,3,1,2,2,1,1,0,0,0,2
45,5,2,1,3,1,1,2,1,1,0,0,0,0
46,3,3,1,2,1,1,2,1,1,0,0,0,5
47,3,2,1,2,1,1,2,1,1,0,0,0,1
48,0,2,2,3,3,2,2,1,1,2,0,0,2
49,4,2,2,3,1,2,2,1,1,5,0,0,3
50,3,2,1,3,1,1,2,1,1,0,0,0,1
51,4,1,2,3,1,2,2,1,1,0,0,0,3
52,3,2,1,3,1,1,2,1,1,0,0,0,1
53,0,1,2,3,1,2,2,1,1,0,0,0,2
54,0,1,2,3,1,2,2,1,1,4,4,0,3
55,4,3,1,3,1,1,1,1,1,0,0,0,5
56,0,2,1,3,1,1,2,1,1,1,0,0,2
57,3,2,1,3,1,1,2,1,1,1,1,0,2
58,4,2,1,3,1,2,2,1,1,0,0,0,2
59,5,2,1,2,1,1,2,1,1,0,0,0,0
60,0,1,2,2,1,2,2,1,1,0,0,0,2
61,0,1,2,3,3,2,2,1,1,6,0,0,3
62,4,3,1,1,1,1,1,1,1,0,0,0,5
63,4,1,2,3,1,1,2,1,1,0,0,0,2
64,4,2,2,3,2,1,2,1,1,1,0,0,2
65,3,2,1,3,1,1,2,1,1,0,0,0,2
66,4,2,1,3,1,2,2,1,1,0,0,0,2
67,4,2,1,3,1,1,2,1,1,0,0,0,2
68,4,2,1,2,1,2,2,1,1,0,0,0,2
69,2,0,2,3,3,2,2,2,1,6,0,0,3
70,3,3,1,3,1,1,1,1,1,0,0,0,5
71,0,2,1,2,1,2,2,1,1,2,0,0,2
72,4,1,1,3,1,1,2,1,1,1,0,0,1
73,4,2,1,2,1,1,2,1,1,0,0,0,1
74,5,2,1,3,1,1,2,1,1,1,0,0,0
75,5,2,1,3,1,1,2,1,1,0,0,0,0
76,4,2,1,2,1,2,2,1,1,1,0,0,2
77,0,1,1,3,1,1,2,1,1,0,0,0,2
78,4,2,1,2,1,2,2,1,1,0,0,0,2
79,2,0,2,3,1,2,2,2,1,0,0,0,4
80,0,1,1,3,1,2,2,1,1,0,0,0,2
81,3,2,1,2,1,1,2,1,1,0,0,0,1
82,3,2,1,3,1,1,2,1,1,0,0,0,1
83,5,2,1,3,1,1,2,1,1,1,0,0,0
84,4,2,1,2,1,2,2,1,1,0,0,0,2
85,0,3,1,2,1,2,2,1,1,0,0,0,5
86,0,2,1,3,1,2,2,1,1,0,0,0,2
87,2,0,2,2,1,2,2,1,1,4,0,0,4
88,4,1,2,2,1,2,2,1,1,0,0,0,2
89,5,2,1,2,1,1,2,1,1,0,0,0,0
90,3,2,1,3,1,1,2,1,1,0,0,0,1
91,5,2,1,3,1,1,2,1,1,1,0,0,0
92,5,2,1,3,1,1,2,1,1,0,0,0,0
93,4,2,1,2,1,1,2,1,1,3,0,0,2
94,3,3,1,2,1,2,2,1,1,0,0,0,5
95,0,3,1,2,1,2,2,1,1,0,0,0,5
96,4,2,1,2,1,2,2,1,1,0,0,0,1
97,0,1,1,2,1,2,2,2,1,1,0,0,4
98,4,2,1,2,1,2,2,1,1,1,0,0,2
99,3,2,1,2,1,1,2,1,1,0,0,0,1
100,0,0,2,3,1,1,2,1,1,2,0,0,2
101,5,2,1,1,1,1,2,1,1,0,0,0,0
102,0,1,2,3,1,1,2,1,1,2,0,0,3
103,0,3,1,2,1,2,2,1,1,0,0,0,5
104,4,2,1,3,1,2,2,1,1,1,0,0,1
105,0,0,2,3,1,2,2,2,1,2,0,0,4
106,4,2,1,2,1,2,2,1,1,0,0,0,2
107,0,1,2,3,1,2,2,1,1,3,0,0,2
108,5,2,1,3,1,1,2,1,1,0,0,0,0
109,0,1,2,3,1,2,2,1,1,0,0,0,3
110,4,2,2,3,1,2,2,1,1,0,0,0,2
111,0,1,2,2,1,2,2,1,1,2,0,0,4
112,4,3,1,1,1,2,2,1,1,1,0,0,5
113,0,1,2,2,1,2,2,1,1,0,0,0,2
114,5,2,1,2,1,1,2,1,1,0,0,0,0
115,4,1,2,2,1,2,2,1,1,0,0,0,3
116,4,3,1,2,1,1,1,1,1,0,0,0,5
117,0,0,2,2,1,2,2,1,1,1,0,0,4
118,4,3,1,2,1,2,2,1,1,0,0,0,5
119,0,2,1,2,1,2,2,1,1,1,0,0,3
120,0,1,1,2,1,2,2,1,1,1,0,0,3
121,5,2,1,3,1,1,2,1,1,0,0,0,0
122,4,2,1,3,1,1,2,1,1,1,0,0,1
123,4,3,1,2,1,2,2,1,1,0,0,0,5
124,0,1,2,2,1,2,2,1,1,0,0,0,4
125,0,2,1,2,1,2,2,1,1,0,0,0,3
126,4,1,1,2,1,2,2,1,1,0,0,0,3
127,0,2,1,3,1,1,2,1,1,2,0,0,3
128,4,3,1,2,1,1,1,1,1,0,0,0,5
129,4,2,1,1,1,2,2,1,1,0,0,0,3
130,4,1,2,3,1,2,2,1,1,0,0,0,3
131,4,2,2,2,1,1,2,1,1,1,0,0,1
132,4,2,1,2,1,1,2,1,1,0,0,0,3
133,0,1,1,2,1,2,2,1,1,0,0,0,3
134,4,3,1,2,1,1,2,1,1,2,0,0,5
135,0,2,1,3,1,1,2,1,1,0,0,0,3
136,1,3,1,2,1,1,1,1,1,0,0,0,5
137,5,2,1,3,1,1,2,1,1,0,0,0,0
138,3,2,1,3,1,1,2,1,1,0,0,0,1
139,4,1,1,2,1,2,2,1,1,0,0,0,3
140,4,2,2,3,1,1,2,1,1,0,0,0,1
141,4,2,1,3,1,1,2,1,1,0,0,0,3
142,1,3,1,3,1,1,1,1,1,0,0,0,5
143,5,2,1,3,1,1,2,1,1,0,0,0,0
144,4,3,1,2,1,1,1,1,1,1,0,0,5
145,5,2,1,3,1,1,2,1,1,0,0,0,0
146,3,2,1,2,1,1,2,1,1,3,0,0,1
147,3,2,1,2,1,1,2,1,1,0,0,0,2
148,4,2,1,2,1,2,2,1,1,0,0,0,3
149,4,2,2,2,1,1,2,1,1,0,0,0,1
150,4,2,1,3,1,1,2,1,1,0,0,0,3
151,1,2,1,3,1,1,2,1,1,0,0,0,1
152,5,2,1,1,1,1,2,1,1,0,0,0,0
153,4,3,1,2,1,1,1,1,1,0,0,0,5
154,5,2,1,3,1,1,2,1,1,0,0,0,0
155,3,0,2,3,1,1,2,1,1,0,0,0,3
156,3,1,1,3,1,1,2,1,1,0,0,0,2
157,4,3,1,1,1,2,2,1,1,0,0,0,5
158,4,2,1,2,1,1,2,1,1,0,0,0,1
159,4,2,1,2,1,1,2,1,1,2,0,0,3
160,2,2,1,2,1,1,2,1,1,2,0,0,1
161,4,3,2,2,1,1,1,1,1,0,0,0,5
162,5,2,1,2,1,1,2,1,1,0,0,0,0
163,2,0,1,3,1,2,2,1,1,0,1,0,3
164,0,1,1,3,1,2,2,1,1,0,0,0,3
165,3,2,1,3,1,1,2,1,1,0,0,0,1
166,3,3,1,1,1,2,2,1,1,0,0,0,5
167,4,3,1,2,1,1,2,1,1,0,0,0,5
168,4,2,1,2,1,1,2,1,1,0,0,0,3
169,4,2,1,3,1,1,2,1,1,0,0,0,1
170,4,3,1,2,1,1,1,1,1,0,0,0,5
171,2,0,1,3,1,2,2,2,1,2,1,0,3
172,3,2,1,3,1,2,2,2,1,0,0,0,3
173,4,3,1,3,1,1,1,1,1,0,0,0,5
174,4,3,1,1,1,1,2,1,1,0,0,0,5
175,4,2,2,2,1,1,2,1,1,0,0,0,2
176,4,2,2,1,1,1,2,1,1,0,0,0,1
177,4,3,1,1,1,1,1,1,1,0,0,0,5
178,5,2,1,3,1,1,2,1,1,0,0,0,0
179,0,0,2,1,3,2,2,1,1,5,0,0,3
180,0,2,1,1,1,2,2,1,1,3,0,0,3
181,3,3,1,3,1,1,2,1,1,0,0,0,5
182,4,3,1,2,1,1,1,1,1,0,0,0,5
183,4,3,1,2,1,1,1,1,1,0,0,0,5
184,4,3,1,3,1,1,2,1,1,0,0,0,5
185,4,3,1,3,1,1,2,1,1,1,0,0,5
186,1,3,1,3,1,1,2,1,1,0,0,0,5
187,4,3,1,3,1,1,1,1,1,0,0,0,5
188,2,0,2,3,3,2,2,2,1,1,0,0,4
189,0,2,2,2,1,2,2,1,1,1,0,0,3
190,4,2,1,3,1,1,2,1,1,1,0,0,2
191,4,3,1,3,1,1,1,1,1,0,0,0,5
192,4,2,1,3,1,1,2,1,1,0,0,0,1
193,4,3,1,2,1,1,2,1,1,0,0,0,5
194,4,3,1,2,1,1,2,1,1,0,0,0,5
195,1,2,1,3,1,1,2,1,1,1,0,0,1
196,5,2,1,1,1,1,2,1,1,0,0,0,0
197,2,0,2,3,1,2,2,2,1,0,0,0,4
198,0,2,2,2,1,2,2,1,1,0,0,0,3
199,4,1,1,3,1,1,2,1,1,0,0,0,2
200,4,3,1,3,1,1,1,1,1,0,0,0,5
201,3,1,1,3,1,1,2,1,1,0,0,0,1
202,0,2,1,3,1,1,2,1,1,1,0,0,2
203,4,3,1,2,1,1,2,1,1,0,0,0,5
204,4,2,2,3,1,1,2,1,1,1,0,0,1
205,4,2,1,2,1,1,2,1,1,0,0,0,1
206,2,1,2,2,1,2,2,2,1,1,0,0,4
207,3,2,2,2,1,2,2,1,1,0,0,0,3
208,3,1,1,3,1,1,2,1,1,0,0,0,1
209,3,2,1,3,1,1,2,1,1,0,0,0,2
210,0,1,1,3,1,1,2,1,1,0,1,0,2
211,4,2,1,3,1,1,2,1,1,1,0,0,2
212,4,2,1,3,1,1,2,1,1,0,0,0,1
213,4,3,1,1,1,1,2,1,1,0,0,0,5
214,4,3,2,2,1,1,2,1,1,0,0,0,5
215,0,1,1,2,1,2,2,1,1,2,0,0,4
216,3,1,1,3,1,1,2,1,1,1,0,0,1
217,4,2,1,3,1,1,2,1,1,0,0,0,2
218,4,1,2,2,1,2,2,1,1,0,0,0,1
219,0,2,2,3,1,1,2,1,1,0,0,0,2
220,4,2,1,2,1,1,2,1,1,3,0,0,1
221,4,3,1,2,1,1,2,1,1,0,0,0,5
222,4,3,1,3,1,1,2,1,1,0,0,0,5
223,0,1,2,2,1,2,2,1,1,1,0,1,4
224,3,1,2,2,1,1,2,1,1,0,0,0,2
225,0,1,1,3,1,1,2,1,1,0,0,0,2
226,0,2,2,2,3,2,2,1,1,0,0,0,2
227,0,2,1,2,1,1,2,1,1,0,0,0,2
228,3,2,1,3,1,1,2,1,1,1,0,0,2
229,4,3,1,2,1,1,2,1,1,0,0,0,5
230,4,3,1,2,1,1,2,1,1,0,0,0,5
231,2,1,2,3,1,2,2,2,1,3,0,0,4
232,0,1,1,2,1,2,2,1,1,0,0,0,2
233,0,1,1,3,1,2,2,1,1,0,0,0,2
234,5,1,1,2,1,2,2,1,1,0,1,0,0
235,0,2,1,3,1,1,2,1,1,0,0,0,2
236,0,2,2,3,1,1,2,1,1,0,0,0,2
237,3,2,1,3,1,1,2,1,1,0,0,0,1
238,5,2,1,3,1,1,2,1,1,1,0,0,0
239,5,2,1,2,1,1,2,1,1,0,0,0,0
240,4,3,1,3,1,1,2,1,1,0,0,0,5
241,4,3,1,2,1,1,2,1,1,0,0,0,5
242,2,1,2,2,3,2,2,1,1,0,0,0,4
243,3,0,1,3,1,2,2,1,1,1,0,0,2
244,0,1,1,2,1,2,2,1,1,0,0,0,2
245,4,3,1,1,1,2,2,1,1,0,0,0,5
246,0,2,1,2,1,1,2,1,1,0,0,0,2
247,0,2,2,3,1,1,2,1,1,0,0,0,2
248,3,2,1,2,1,1,2,1,1,0,0,0,2
249,5,2,1,2,1,1,2,1,1,0,0,0,0
250,3,2,1,2,1,1,2,1,1,0,0,0,1
251,5,1,1,3,1,1,2,1,1,0,0,0,0
252,3,3,1,2,1,1,1,1,1,0,0,0,5
253,4,3,1,2,1,1,1,1,1,0,0,0,5
254,4,2,1,1,1,2,2,1,1,0,0,0,4
255,3,1,2,2,1,2,2,1,1,0,0,0,2
256,3,2,1,2,1,2,2,1,1,1,0,0,1
257,0,3,2,3,2,2,2,1,1,0,0,0,5
258,0,3,1,2,1,1,2,1,1,0,0,0,5
259,0,1,1,2,1,1,2,1,1,0,0,0,2
260,4,3,1,1,1,1,2,1,1,0,0,0,5
261,3,2,1,3,1,1,2,1,1,0,0,0,2
262,3,2,1,3,1,1,2,1,1,0,0,0,2
263,3,2,1,3,1,1,2,1,1,0,0,0,1
264,4,3,1,2,1,2,1,1,1,0,0,0,5
265,3,2,1,3,1,1,2,1,1,0,0,0,1
266,3,2,1,3,1,1,2,1,1,0,0,0,2
267,3,2,1,1,1,2,2,1,1,0,0,0,1
268,4,3,1,2,1,2,2,1,1,0,0,0,5
269,0,3,1,3,1,1,2,1,1,0,0,0,5
270,4,1,1,2,1,2,2,1,1,0,3,0,2
271,5,2,1,3,1,1,2,1,1,0,0,0,0
272,5,1,1,3,1,1,2,1,1,0,0,0,0
273,4,1,1,3,1,1,2,1,1,0,0,0,2
274,3,3,1,3,1,1,2,1,1,0,0,0,5
275,0,3,1,2,1,2,1,1,1,0,0,0,5
276,3,3,1,2,1,1,2,1,1,0,0,0,5
277,5,2,1,3,1,1,2,1,1,0,0,0,0
278,5,2,1,3,1,1,2,1,1,0,0,0,0
279,5,2,1,3,1,1,2,1,1,0,0,0,0
280,4,2,1,2,1,2,2,1,1,0,0,0,1
281,5,2,2,1,1,2,2,1,1,0,0,0,0
282,3,3,1,2,1,2,2,1,1,0,0,0,5
283,3,2,1,1,1,1,2,1,1,0,0,0,2
284,4,2,1,2,1,2,2,1,1,0,0,0,2
285,5,2,1,2,1,1,2,1,1,0,0,0,0
286,3,2,1,1,1,1,2,1,1,0,0,0,1
287,3,2,1,2,1,2,2,1,1,0,0,0,1
288,3,2,1,3,1,1,2,1,1,0,0,0,1
289,0,2,1,3,1,2,2,1,1,0,0,0,1
290,4,3,1,3,1,1,2,1,1,0,0,0,5
291,3,2,1,3,1,1,2,1,1,0,0,0,1
292,3,3,1,1,1,1,2,1,1,0,0,0,5
293,3,1,1,3,1,1,2,1,1,2,0,0,1
294,0,2,1,3,1,2,2,1,1,0,0,0,2
295,5,2,1,3,1,1,2,1,1,0,0,0,0
296,3,3,1,3,1,1,2,1,1,0,0,0,5
297,4,2,2,2,3,2,2,1,1,1,0,0,1
298,3,3,1,3,1,1,2,1,1,0,0,0,5
299,3,2,1,2,1,2,2,1,1,0,0,0,1
300,3,2,1,2,1,1,2,1,1,0,0,0,1
301,0,3,1,2,1,2,2,1,1,0,0,0,5
302,3,2,1,3,1,1,2,1,1,0,0,0,1
303,5,2,1,3,1,1,2,1,1,0,0,0,0
304,3,1,1,3,1,1,2,1,1,2,0,0,2
305,0,3,1,2,1,2,2,1,1,0,1,0,5
306,3,2,1,3,1,1,2,1,1,0,0,0,1
307,4,3,1,3,1,2,2,1,1,0,0,0,5
308,5,2,1,2,1,1,2,1,1,0,0,0,0
309,4,3,1,2,1,1,2,1,1,0,0,0,5
310,4,2,1,2,1,2,2,1,1,0,0,0,1
311,3,2,1,1,1,1,2,1,1,0,0,0,1
312,3,3,1,3,1,1,2,1,1,0,0,0,5
313,0,1,2,3,1,2,2,1,1,1,0,0,3
314,3,1,1,2,1,2,2,1,1,0,0,0,2
315,3,2,1,2,1,1,2,1,1,0,0,0,1
316,5,2,1,3,1,1,2,1,1,0,0,0,0
317,4,2,1,2,1,1,2,1,1,1,0,0,1
318,4,3,2,2,1,2,2,1,1,0,0,0,5
319,5,2,1,3,1,1,2,1,1,0,0,0,0
320,4,2,1,3,1,2,2,1,1,0,0,0,1
321,0,1,1,3,1,1,2,1,1,0,0,0,2
322,0,1,2,2,1,2,2,1,1,0,0,0,3
323,3,1,2,3,2,2,2,1,1,0,0,0,2
324,4,2,1,3,1,1,2,1,1,0,1,0,1
325,4,3,1,2,1,2,2,1,1,0,0,0,5
326,0,2,1,2,1,2,2,1,1,0,0,0,1
327,3,2,1,2,1,2,2,1,1,0,0,0,1
328,0,1,1,2,1,2,2,1,1,0,0,0,1
329,5,2,1,2,1,2,2,1,1,0,0,0,0
330,0,1,2,3,1,1,2,1,1,0,0,0,2
331,3,2,1,3,1,1,2,1,1,0,0,0,1
332,5,2,1,3,1,1,2,1,1,0,0,0,0
333,4,3,1,2,1,2,2,1,1,0,0,0,5
334,0,2,1,3,1,2,2,1,1,0,0,0,1
335,3,1,1,2,1,2,2,1,1,0,0,0,2
336,3,2,1,2,1,2,2,1,1,0,0,0,1
337,5,1,1,3,1,2,2,1,1,0,0,0,0
338,0,1,2,3,3,2,2,1,1,2,0,0,2
339,3,2,1,3,1,1,2,1,1,1,0,0,2
340,5,2,1,3,1,1,2,1,1,0,0,0,0
341,3,2,1,3,1,1,2,1,1,0,0,0,2
342,0,3,1,2,1,2,2,1,1,0,0,0,5
343,5,2,1,1,1,2,2,1,1,0,0,0,0
344,0,2,1,2,1,2,2,1,1,0,0,0,1
345,0,1,1,2,1,2,2,1,1,4,0,0,2
346,3,2,1,1,1,1,2,1,1,0,0,0,1
347,3,2,1,1,1,1,2,1,1,0,0,0,1
348,0,3,1,2,1,2,2,1,1,0,0,0,5
349,3,2,1,2,1,2,2,1,1,0,0,0,1
350,4,2,2,3,1,2,2,1,1,1,0,0,2
351,5,2,2,3,1,1,2,1,1,0,0,0,0
352,4,2,1,3,1,1,2,1,1,0,0,0,1
353,5,2,1,3,1,1,2,1,1,0,0,0,0
354,5,2,1,3,1,1,2,1,1,0,0,0,0
355,4,3,1,2,1,2,2,1,1,0,0,0,5
356,0,1,2,2,1,2,2,1,1,0,1,0,2
357,3,3,1,2,1,1,2,1,1,0,0,0,5
358,3,2,1,2,1,1,2,1,1,0,0,0,2
359,3,3,1,2,1,1,2,1,1,0,0,0,5
360,4,3,1,2,1,1,1,1,1,0,0,0,5
361,4,3,1,3,1,2,2,1,1,0,0,0,5
362,2,1,2,3,2,2,2,1,1,2,0,0,2
363,5,2,1,2,1,1,2,1,1,0,0,0,0
364,5,1,1,2,1,1,2,1,1,0,0,0,0
365,5,2,1,2,1,1,2,1,1,0,0,0,0
366,4,3,1,2,1,1,1,1,1,0,0,0,5
367,5,2,1,3,1,1,2,1,1,0,0,0,0
368,4,3,1,2,1,1,1,1,1,0,1,0,5
369,2,1,1,3,1,2,2,1,1,4,0,0,2
370,5,2,1,1,1,1,2,1,1,0,0,0,0
371,5,2,1,3,1,1,2,1,1,0,0,0,0
372,4,3,1,2,1,1,1,1,1,0,0,0,5
373,4,2,2,3,3,1,2,1,1,0,1,0,1
374,5,2,1,3,1,1,2,1,1,0,0,0,0
375,3,2,1,2,1,1,2,1,1,0,0,0,2
376,2,1,2,3,1,2,2,1,1,3,1,0,2
377,5,2,1,3,1,1,2,1,1,0,0,0,0
378,4,3,1,2,1,1,1,1,1,0,0,0,5
379,4,2,1,3,1,1,2,1,1,0,0,0,1
380,5,2,1,3,1,1,2,1,1,0,0,0,0
381,3,2,1,3,1,1,2,1,1,0,0,0,2
382,3,2,1,3,1,1,2,1,1,0,0,0,1
383,3,2,1,3,1,1,2,1,1,0,0,0,2
384,2,1,2,2,1,2,2,1,1,1,0,0,2
385,0,1,1,3,1,1,2,1,1,0,0,0,2
386,4,3,1,2,1,1,1,1,1,0,0,0,5
387,4,2,2,2,2,1,2,1,1,0,0,0,1
388,3,2,1,2,1,1,2,1,1,0,0,0,2
389,5,2,1,2,1,1,2,1,1,0,0,0,0
390,5,2,1,2,1,1,2,1,1,0,0,0,0
391,5,2,1,3,1,1,2,1,1,1,0,0,0
392,5,2,1,3,1,1,2,1,1,0,0,0,0
393,4,2,1,2,1,1,2,1,1,1,0,0,2
394,0,1,2,2,3,2,2,1,1,0,0,0,2
395,4,2,1,3,1,1,2,1,1,1,0,0,2
396,0,1,1,2,1,2,2,1,1,0,0,0,2
397,4,2,1,3,1,1,2,1,1,0,0,0,1
398,3,3,1,3,1,1,2,1,1,0,0,0,5
399,3,2,1,3,1,1,2,1,1,0,0,0,1
400,5,2,1,2,1,1,2,1,1,0,0,0,0
401,5,2,1,3,1,1,2,1,1,0,0,0,0
402,0,1,1,3,1,1,2,1,1,0,0,0,2
403,4,3,1,2,1,1,1,1,1,0,0,0,5
404,3,2,1,3,1,1,2,1,1,1,0,0,1
405,0,3,1,1,1,2,2,1,1,0,0,0,5
406,4,3,1,1,1,1,2,1,1,0,0,0,5
407,0,1,1,3,1,2,2,1,1,0,0,0,2
408,4,3,1,1,1,1,2,1,1,0,0,0,5
409,4,2,1,2,1,1,2,1,1,0,0,0,1
410,3,2,1,2,1,1,2,1,1,1,0,0,2
411,4,1,2,3,1,1,2,1,1,0,0,0,2
412,0,0,2,3,1,2,2,1,1,0,0,0,2
413,4,3,1,3,1,1,1,1,1,0,0,0,5
414,3,2,1,2,1,1,2,1,1,0,0,0,2
415,0,2,1,3,1,1,2,1,1,0,0,0,1
416,3,2,1,3,1,1,2,1,1,0,0,0,2
417,4,3,1,3,1,1,2,1,1,0,0,0,5
418,4,3,1,2,1,1,1,1,1,0,0,0,5
419,5,2,1,2,1,1,2,1,1,0,0,0,0
420,0,1,1,3,1,2,2,1,1,1,0,0,3
421,4,2,1,3,1,1,2,1,1,0,0,0,2
422,4,3,1,3,1,1,2,1,1,0,0,0,5
423,3,3,1,1,1,1,2,1,1,0,0,0,5
424,0,2,1,1,1,2,2,1,1,0,0,0,2
425,0,1,1,2,1,2,2,1,1,0,0,0,2
426,4,3,1,2,1,1,1,1,1,0,0,0,5
427,3,2,2,2,1,1,2,1,1,0,0,0,1
428,3,2,1,3,1,1,2,1,1,0,0,0,1
429,4,1,1,3,1,1,2,1,1,1,0,0,2
430,3,3,1,2,1,1,1,1,1,0,0,0,5
431,3,3,1,2,1,1,2,1,1,0,0,0,5
432,0,0,1,3,1,2,2,1,1,0,0,0,3
433,0,2,1,3,1,1,2,1,1,0,0,0,2
434,4,2,1,3,1,1,2,1,1,0,0,0,1
435,4,3,2,2,1,1,2,1,1,0,0,0,5
436,3,2,1,3,1,2,2,1,1,0,0,0,2
437,4,2,1,2,1,2,2,1,1,0,0,0,1
438,1,3,1,2,1,1,1,1,1,0,0,0,5
439,3,2,1,3,1,1,2,1,1,0,0,0,1
440,4,1,1,3,1,2,2,1,1,1,0,0,2
441,3,2,1,3,1,1,2,1,1,0,1,0,1
442,3,3,1,3,1,1,2,1,1,0,0,0,5
443,4,3,1,2,1,2,1,1,1,0,0,0,5
444,4,3,1,2,1,1,1,1,1,0,0,0,5
445,0,2,1,1,1,2,2,1,1,0,0,0,2
446,4,1,1,3,1,1,2,1,1,0,0,0,2
447,4,3,1,3,1,1,2,1,1,0,0,0,5
448,3,1,1,3,1,2,2,1,1,0,0,0,1
449,3,1,1,3,1,2,2,1,1,0,0,0,2
450,0,3,1,2,1,1,1,1,1,0,0,0,5
451,5,2,1,2,1,1,2,1,1,0,0,0,0
452,0,1,2,3,1,2,2,1,1,2,0,0,3
453,3,2,1,3,1,1,2,1,1,0,1,0,2
454,1,3,1,3,1,2,1,1,1,0,0,0,5
455,0,1,1,2,1,1,2,1,1,0,0,0,2
456,3,2,1,3,1,1,2,1,1,0,0,0,2
457,5,2,1,3,1,1,2,1,1,0,0,0,0
458,4,1,1,3,1,2,2,1,1,0,0,0,2
459,4,3,1,2,1,1,2,1,1,0,0,0,5
460,0,1,1,3,1,2,2,1,1,0,0,0,2
461,3,2,1,3,1,1,2,1,1,0,0,0,1
462,3,2,1,2,1,2,2,1,1,0,0,0,2
463,4,3,1,3,1,1,1,1,1,0,0,0,5
464,3,2,1,3,1,1,2,1,1,0,0,0,2
465,0,1,2,2,1,2,2,1,1,3,0,0,3
466,0,1,2,3,3,1,2,1,1,1,0,0,2
467,5,2,1,2,1,1,2,1,1,0,0,0,0
468,0,3,1,3,1,2,1,1,1,0,0,0,5
469,0,1,1,3,1,2,2,1,1,3,0,0,2
470,3,2,1,2,1,1,2,1,1,0,0,0,1
471,4,2,1,1,1,2,2,1,1,0,0,0,2
472,4,3,1,2,1,1,2,1,1,0,0,0,5
473,3,2,1,1,1,2,2,1,1,0,0,0,2
474,3,2,1,2,1,1,2,1,1,0,0,0,1
475,5,2,1,2,1,2,2,1,1,0,0,0,0
476,4,3,1,3,1,1,1,1,1,0,0,0,5
477,3,2,1,2,1,1,2,1,1,0,0,0,1
478,0,2,2,2,1,2,2,1,1,4,0,0,3
479,0,1,1,3,1,2,2,1,1,0,0,0,3
480,0,3,1,3,1,2,1,1,1,0,0,0,5
481,0,1,2,3,1,2,2,1,1,0,1,0,2
482,3,2,1,3,1,1,2,1,1,0,0,0,1
483,4,2,1,2,1,2,2,1,1,0,0,0,2
484,4,3,1,2,1,1,2,1,1,0,0,0,5
485,3,2,1,3,1,2,2,1,1,0,0,0,2
486,4,3,1,2,1,1,1,1,1,0,0,0,5
487,0,2,1,1,1,1,2,1,1,0,0,0,1
488,0,1,1,2,1,2,2,1,1,0,0,0,3
489,0,0,2,2,1,2,2,1,1,0,0,0,3
490,0,3,1,2,1,2,1,1,1,0,0,0,5
491,0,0,2,2,3,2,2,1,1,0,0,0,2
492,4,1,1,2,1,2,2,1,1,0,0,0,3
493,3,3,1,2,1,1,1,1,1,0,0,0,5
494,4,3,1,3,1,1,2,1,1,0,0,0,5
495,0,1,1,3,1,2,2,1,1,0,1,0,2
496,4,3,1,3,1,1,1,1,1,0,0,0,5
497,0,2,2,3,1,2,2,1,1,0,0,0,3
498,0,2,1,2,1,2,2,1,1,1,0,0,3
499,0,2,1,2,1,2,2,1,1,0,0,0,1
500,0,0,1,2,1,2,2,1,1,0,0,0,2
501,4,1,1,3,1,2,2,1,1,5,1,0,3
502,3,3,1,3,1,1,1,1,1,0,0,0,5
503,3,1,1,3,1,1,2,1,1,1,0,0,2
504,4,3,1,3,1,1,1,1,1,0,0,0,5
505,4,3,1,3,1,2,1,1,1,0,0,0,5
506,4,1,1,3,1,2,2,1,1,0,0,0,2
507,4,3,1,2,1,1,1,1,1,0,0,0,5
508,0,3,1,2,1,2,2,1,1,0,0,0,5
509,0,1,1,2,1,2,2,1,1,4,0,0,4
510,0,2,1,3,1,2,2,1,1,0,0,0,1
511,0,1,1,2,1,2,2,1,1,0,0,0,1
512,0,1,1,3,1,2,2,1,1,0,0,0,3
513,4,3,1,2,1,1,1,1,1,1,0,0,5
514,3,1,2,3,1,2,2,1,1,1,0,0,2
515,4,3,1,2,1,2,1,1,1,0,0,0,5
516,5,2,1,3,1,1,2,1,1,0,0,0,0
517,4,2,1,1,3,2,2,1,1,0,0,0,2
518,4,3,1,2,1,1,1,1,1,0,0,0,5
519,0,1,2,2,1,2,2,1,1,3,0,0,4
520,3,2,1,2,1,2,2,1,1,0,0,0,1
521,0,1,2,3,3,2,2,1,1,1,0,0,3
522,4,3,1,3,1,1,1,1,1,0,0,0,5
523,0,1,1,2,1,2,2,1,1,0,0,0,1
524,4,3,1,2,1,2,1,1,1,0,0,0,5
525,3,1,1,3,1,1,2,1,1,0,0,0,2
526,3,2,1,3,1,1,2,1,1,0,0,0,1
527,4,3,1,2,1,1,1,1,1,0,0,0,5
528,0,1,2,2,1,2,2,1,1,0,0,0,4
529,3,2,1,2,1,2,2,1,1,0,0,0,1
530,4,3,1,3,1,2,2,1,1,1,0,0,5
531,0,1,1,3,1,2,2,1,1,0,0,0,3
532,4,3,2,2,1,1,1,1,1,1,0,0,5
533,0,1,2,3,1,2,2,1,1,0,0,0,1
534,4,3,1,2,1,2,1,1,1,0,0,0,5
535,3,1,1,3,1,2,2,1,1,0,0,0,2
536,3,2,1,3,1,1,2,1,1,0,0,0,1
537,4,3,1,2,1,1,1,1,1,0,0,0,5
538,0,1,1,1,1,2,2,1,1,0,0,0,4
539,3,3,1,1,1,2,2,1,1,0,0,0,5
540,4,3,2,3,1,2,2,1,1,0,0,0,5
541,4,1,2,2,1,2,2,1,1,3,0,0,3
542,4,3,1,3,1,1,1,1,1,0,0,0,5
543,3,1,1,2,1,2,2,1,1,0,0,0,2
544,3,3,1,2,1,2,1,1,1,0,0,0,5
545,0,2,1,2,1,2,2,1,1,0,0,0,2
546,3,3,1,1,1,1,2,1,1,0,0,0,5
547,5,2,1,2,1,1,2,1,1,0,0,0,0
548,4,3,1,2,1,2,1,1,1,0,0,0,5
549,4,3,1,2,1,2,2,1,1,0,0,0,5
550,4,1,2,2,1,2,2,1,1,0,0,0,3
551,4,2,2,2,1,1,2,1,1,0,0,0,1
552,3,2,1,1,1,2,2,1,1,0,0,0,1
553,4,3,1,2,1,2,1,1,1,0,0,0,5
554,5,2,1,3,1,1,2,1,1,0,0,0,0
555,4,3,1,3,1,1,1,1,1,0,0,0,5
556,4,3,1,2,1,2,2,1,1,0,0,0,5
557,0,1,2,2,1,2,2,1,1,1,0,0,2
558,4,3,1,2,1,1,2,1,1,0,0,0,5
559,5,2,1,2,1,2,2,1,1,0,0,0,0
560,4,3,1,2,1,2,1,1,1,0,0,0,5
561,3,2,1,3,1,1,2,1,1,0,0,0,1
562,4,2,2,3,1,2,2,1,1,0,0,0,2
563,1,2,1,3,1,1,2,1,1,0,0,0,2
564,3,2,1,3,1,1,2,1,1,0,0,0,2
565,4,2,1,2,1,1,2,1,1,0,0,0,1
566,4,3,1,2,1,2,2,1,1,0,0,0,5
567,0,1,1,2,1,2,2,1,1,0,0,0,2
568,4,3,1,2,1,1,2,1,1,0,0,0,5
569,3,3,1,2,1,2,1,1,1,0,0,0,5
570,4,2,1,3,1,2,2,1,1,0,0,0,1
571,4,1,1,3,1,1,2,1,1,0,0,0,1
572,3,3,1,2,1,1,2,1,1,0,0,0,5
573,4,2,1,3,1,1,2,1,1,0,0,0,1
574,4,3,1,2,1,2,2,1,1,0,0,0,5
575,0,2,1,3,1,2,2,1,1,0,0,0,2
576,4,3,1,2,1,1,2,1,1,0,0,0,5
577,3,3,1,3,1,2,1,1,1,0,0,0,5
578,5,2,1,3,1,1,2,1,1,0,0,0,0
579,4,2,1,2,1,2,2,1,1,1,0,0,1
580,4,2,1,2,1,1,2,1,1,0,0,0,1
581,3,2,1,3,1,1,2,1,1,0,0,0,1
582,4,2,1,1,1,1,2,1,1,0,0,0,1
583,5,2,1,3,1,1,2,1,1,0,0,0,0
584,4,2,1,2,1,1,2,1,1,1,0,0,1
585,0,1,1,3,1,2,2,1,1,1,0,0,2
586,4,3,1,2,1,1,2,1,1,0,0,0,5
587,4,3,1,3,1,2,1,1,1,0,0,0,5
588,4,2,1,3,1,1,2,1,1,1,0,0,1
589,4,2,1,3,1,2,2,1,1,2,1,0,1
590,4,3,1,3,1,1,2,1,1,1,0,0,5
591,3,2,1,2,1,1,2,1,1,0,0,0,1
592,4,2,1,3,1,1,2,1,1,0,0,0,2
593,4,3,2,3,1,1,2,1,1,0,0,0,5
594,4,3,1,3,1,1,2,1,1,0,0,0,5
595,0,2,1,2,1,2,2,1,1,1,0,0,2
596,4,3,1,2,1,1,2,1,1,0,0,0,5
597,4,3,1,2,1,2,1,1,1,0,0,0,5
598,4,1,1,3,1,1,2,1,1,0,0,0,2
599,0,1,2,2,1,2,2,1,1,1,0,0,2
600,4,2,2,2,1,1,2,1,1,0,0,0,4
601,3,3,1,2,1,1,2,1,1,0,0,0,5
602,3,1,1,2,1,1,2,1,1,2,0,0,1
603,4,3,1,2,1,1,2,1,1,0,0,0,5
604,4,3,1,2,1,1,2,1,1,0,0,0,5
605,0,2,1,3,1,2,2,1,1,0,0,0,2
606,0,1,2,2,1,2,2,1,1,2,0,0,2
607,4,2,2,2,3,2,2,1,1,0,0,0,2
608,1,2,1,2,1,1,2,1,1,0,0,0,4
609,3,2,1,3,1,1,2,1,1,0,0,0,1
610,3,1,1,3,1,1,2,1,1,0,0,0,2
611,4,2,1,2,1,1,2,1,1,0,0,0,1
612,3,3,1,2,1,1,2,1,1,0,0,0,5
613,3,3,1,3,1,1,1,1,1,0,0,0,5
614,4,2,1,3,1,1,2,1,1,0,0,0,2
615,4,1,1,1,1,2,2,1,1,0,0,0,2
616,3,1,1,2,1,2,2,1,1,1,0,0,1
617,4,2,1,3,1,1,2,1,1,0,0,0,1
618,5,1,2,2,1,2,2,1,1,0,0,0,0
619,4,3,1,3,1,1,2,1,1,0,0,0,5
620,5,2,1,3,1,1,2,1,1,0,0,0,0
621,4,1,1,3,1,1,2,1,1,0,0,0,1
622,3,3,2,1,1,2,2,1,1,0,0,0,5
623,4,2,1,2,1,2,2,1,1,0,0,0,1
624,4,3,1,2,1,1,2,1,1,0,0,0,5
625,5,1,1,2,1,2,2,1,1,1,0,0,0
626,4,2,1,2,1,1,2,1,1,0,0,0,1
627,5,2,1,3,1,1,2,1,1,0,0,0,0
628,0,2,1,3,1,1,2,1,1,0,0,0,2
629,4,2,1,2,1,1,2,1,1,0,0,0,1
630,5,2,1,3,1,1,2,1,1,0,0,0,0
631,4,2,2,2,1,2,2,1,1,0,0,0,1
632,4,1,1,3,1,1,2,1,1,0,0,0,1
633,3,2,1,2,1,2,2,1,1,0,0,0,1
634,4,2,1,3,1,1,2,1,1,0,0,0,1
635,0,1,1,2,1,1,2,1,1,0,0,0,2
636,0,1,1,3,1,1,2,1,1,0,0,0,3
637,3,3,1,3,1,1,2,1,1,0,0,0,5
638,3,2,1,3,1,1,2,1,1,0,0,0,1
639,4,3,1,1,1,2,2,1,1,0,0,0,5
640,4,2,1,2,1,1,2,1,1,0,0,0,2
641,4,2,2,3,1,2,2,1,1,0,0,0,1
642,4,2,1,3,1,1,2,1,1,0,0,0,1
643,0,2,1,2,1,2,2,1,1,0,0,0,2
644,4,1,1,3,1,2,2,1,1,2,0,0,4
645,0,1,1,2,1,1,2,1,1,0,0,0,2
646,3,2,1,3,1,1,2,1,1,0,0,0,1
647,0,1,1,3,1,1,2,1,1,1,0,0,2
648,4,2,1,3,1,1,2,1,1,6,0,0,3
649,4,3,1,2,1,2,2,1,1,0,0,0,5
650,4,2,1,2,1,1,2,1,1,0,0,0,1
651,4,3,1,1,1,1,2,1,1,0,0,0,5
652,4,2,1,3,1,2,2,1,1,0,0,0,1
653,4,1,1,3,1,2,2,1,1,1,0,0,4
654,3,2,1,2,1,2,2,1,1,0,0,0,2
655,0,1,2,3,1,2,2,1,1,0,0,0,2
656,3,0,2,3,1,1,2,1,1,1,0,0,2
657,2,3,1,3,1,1,1,1,1,0,0,0,5
658,3,2,1,2,1,1,2,1,1,0,0,0,1
659,4,3,1,2,1,1,2,1,1,0,0,0,5
660,0,3,1,1,1,2,2,1,1,0,0,0,5
661,4,1,2,2,1,2,2,1,1,0,0,0,4
662,5,2,1,2,1,2,2,1,1,0,0,0,0
663,4,1,1,2,1,2,2,1,1,0,0,0,2
664,1,0,2,3,1,2,2,1,1,0,0,0,3
665,5,2,1,2,1,1,2,1,1,0,0,0,0
666,1,2,1,3,1,2,2,1,1,0,0,0,1
667,5,2,1,3,1,1,2,1,1,0,0,0,0
668,3,3,1,2,1,1,2,1,1,0,0,0,5
669,3,3,1,3,1,2,2,1,1,0,0,0,5
670,3,1,1,2,1,2,2,1,1,1,0,0,4
671,4,3,1,1,1,2,2,1,1,0,0,0,5
672,0,1,1,3,1,2,2,1,1,1,0,0,2
673,2,1,2,3,1,2,2,2,1,1,0,0,3
674,1,2,1,2,1,2,2,1,1,1,0,0,4
675,5,2,1,3,1,1,2,1,1,0,0,0,0
676,3,3,1,2,1,1,2,1,1,0,0,0,5
677,5,2,1,2,1,2,2,1,1,0,0,0,0
678,0,1,1,2,1,2,2,1,1,1,0,0,2
679,2,1,1,2,1,2,2,1,1,1,0,0,4
680,1,2,2,2,1,2,2,1,1,1,0,0,3
681,5,1,1,3,1,1,2,1,1,0,0,0,0
682,4,3,1,2,1,2,1,1,1,0,0,0,5
683,3,3,1,2,1,1,2,1,1,0,0,0,5
684,5,2,1,1,1,2,2,1,1,0,0,0,0
685,4,1,2,2,1,2,2,1,1,1,0,0,2
686,2,1,2,2,1,2,2,1,1,2,0,0,3
687,1,2,1,3,1,2,2,1,1,0,0,0,4
688,3,2,1,3,1,1,2,1,1,0,0,0,1
689,4,2,1,3,1,2,2,1,1,0,0,0,1
690,3,3,1,1,1,2,2,1,1,0,0,0,5
691,5,1,1,1,1,2,2,1,1,0,0,0,0
692,2,1,1,2,1,2,2,1,1,4,0,0,4
693,1,1,2,3,1,2,2,1,1,0,0,0,2
694,3,2,1,2,1,1,2,1,1,0,0,0,1
695,4,3,1,3,1,2,2,1,1,0,0,0,5
696,3,3,1,2,1,1,2,1,1,0,0,0,5
697,5,2,1,3,1,1,2,1,1,0,0,0,0
698,4,3,1,3,1,1,1,1,1,0,0,0,5
699,3,3,1,3,1,2,2,1,1,0,0,0,5
700,0,1,2,3,1,2,2,2,1,1,1,0,4
701,1,1,1,3,1,2,2,1,1,1,1,0,3
702,4,3,1,2,1,2,2,1,1,0,0,0,5
703,3,3,1,2,1,1,2,1,1,0,0,0,5
704,4,3,1,3,1,1,1,1,1,0,0,0,5
705,3,3,1,3,1,2,2,1,1,0,0,0,5
706,0,1,2,3,1,2,2,1,1,0,0,0,4
707,1,1,1,3,1,2,2,1,1,3,0,0,3
708,4,3,1,3,1,2,2,1,1,0,0,0,5
709,3,3,1,3,1,1,2,1,1,0,0,0,5
710,4,3,1,3,1,1,1,1,1,0,0,0,5
711,5,2,1,3,1,1,2,1,1,0,0,0,0
712,0,1,2,2,3,2,2,1,1,0,0,0,4
713,1,2,2,2,2,2,2,1,1,0,0,0,3
714,4,3,1,2,1,2,2,1,1,0,0,0,5
715,3,3,1,2,1,1,2,1,1,0,0,0,5
716,4,1,1,3,1,1,2,1,1,0,0,0,1
717,0,1,1,2,1,2,2,1,1,1,0,0,4
718,1,2,2,2,1,2,2,1,1,1,0,0,3
719,4,3,1,3,1,2,2,1,1,0,0,0,5
720,3,3,1,3,1,1,2,1,1,0,0,0,5
721,4,1,1,3,1,1,2,1,1,0,0,0,2
722,0,1,1,2,1,2,2,1,1,0,0,0,4
723,0,2,1,2,1,2,2,1,1,1,0,0,3
724,4,3,1,3,1,2,2,1,1,0,0,0,5
725,4,1,1,3,1,2,2,1,1,0,0,0,2
726,3,2,1,2,1,1,2,1,1,0,0,0,1
727,5,2,1,3,1,1,2,1,1,0,0,0,0
728,0,1,2,2,1,2,2,1,1,1,0,0,4
729,4,3,1,3,1,2,2,1,1,0,0,0,5
730,0,2,1,3,1,2,2,1,1,0,0,0,2
731,5,2,1,3,1,1,2,1,1,0,0,0,0
732,5,2,1,2,1,1,2,1,1,0,0,0,0
733,5,2,1,2,1,1,2,1,1,0,0,0,0
734,5,1,1,3,1,1,2,1,1,0,0,0,0
735,4,2,1,1,1,2,2,1,1,0,0,0,3
736,0,1,1,3,1,2,2,1,1,0,0,0,2
737,3,3,1,3,1,1,2,1,1,0,0,0,5
738,3,2,1,3,1,1,2,1,1,0,0,0,1
739,5,2,1,3,1,1,2,1,1,0,0,0,0
740,4,3,1,2,1,2,1,1,1,0,0,0,5
741,3,3,2,2,1,2,2,1,1,0,0,0,5
742,4,2,1,3,1,1,2,1,1,0,0,0,1
743,0,1,1,3,1,2,2,1,1,0,0,0,2
744,3,3,1,2,1,1,2,1,1,0,0,0,5
745,5,2,1,2,1,1,2,1,1,0,0,0,0
746,3,2,1,2,1,1,2,1,1,0,0,0,1
747,4,3,1,2,1,2,1,1,1,0,0,0,5
748,5,1,1,3,1,1,2,1,1,0,0,0,0
749,4,3,1,2,1,1,1,1,1,0,0,0,5
750,0,3,1,2,1,1,2,1,1,0,0,0,5
751,0,2,1,2,1,2,2,1,1,0,0,0,1
752,5,2,1,3,1,1,2,1,1,0,0,0,0
753,5,1,1,3,1,1,2,1,1,0,0,0,0
754,5,2,1,3,1,1,2,1,1,0,0,0,0
755,4,3,1,3,1,2,1,1,1,0,0,0,5
756,3,2,1,3,1,1,2,1,1,0,0,0,1
757,4,2,1,3,1,1,2,1,1,0,0,0,1
758,0,3,1,3,1,1,2,1,1,0,0,0,5
759,0,2,1,3,1,2,2,1,1,0,0,0,3
760,5,2,1,3,1,1,2,1,1,0,0,0,0
761,4,3,1,2,1,2,1,1,1,0,0,0,5
762,3,2,1,2,1,1,2,1,1,0,0,0,1
763,4,3,1,3,1,1,2,1,1,0,0,0,5
764,0,2,1,2,1,2,2,1,1,0,0,0,1
765,3,2,1,3,1,1,2,1,1,0,0,0,1
766,4,3,1,2,1,2,1,1,1,0,0,0,5
767,3,3,1,1,1,1,2,1,1,1,0,0,5
768,4,3,1,1,1,1,2,1,1,0,0,0,5
769,4,1,1,3,1,1,2,1,1,1,0,0,1
770,0,3,1,3,1,2,1,1,1,0,0,0,5
771,5,1,1,2,1,1,2,1,1,0,0,0,0
772,4,3,1,2,1,1,2,1,1,0,0,0,5
773,5,2,2,2,1,2,2,1,1,2,0,0,0
774,4,2,1,2,1,1,2,1,1,0,0,0,1
775,0,2,1,3,1,2,2,1,1,0,0,0,1
776,5,2,2,2,1,1,2,1,1,0,0,0,0
777,4,3,1,2,1,1,2,1,1,0,0,0,5
778,3,3,1,2,1,1,2,1,1,0,0,0,5
779,3,2,1,3,1,1,2,1,1,0,0,0,1
780,5,2,1,3,1,1,2,1,1,0,0,0,0
781,4,2,2,2,1,1,2,1,1,0,0,0,1
782,0,3,1,2,1,2,2,1,1,0,0,0,5
783,5,2,1,1,1,1,2,1,1,0,0,0,0
784,4,3,1,2,1,1,2,1,1,0,0,0,5
785,5,2,1,3,1,1,2,1,1,0,0,0,0
786,3,3,1,2,1,1,2,1,1,0,0,0,5
787,3,2,1,2,1,1,2,1,1,0,0,0,1
788,0,3,1,2,1,2,2,1,1,0,0,0,5
789,1,3,1,3,1,1,2,1,1,0,0,0,5
790,5,2,1,1,1,1,2,1,1,0,0,0,0
791,3,3,1,1,1,1,2,1,1,0,0,0,5
792,4,3,1,2,1,1,2,1,1,1,0,0,5
793,3,2,1,3,1,1,2,1,1,0,0,0,1
794,0,3,1,3,1,2,2,1,1,0,0,0,5
795,1,3,1,2,1,1,2,1,1,0,0,0,5
796,5,2,1,3,1,1,2,1,1,0,0,0,0
797,4,3,1,2,1,1,2,1,1,1,0,0,5
798,3,2,1,2,1,1,2,1,1,0,0,0,1
799,5,2,1,1,1,2,2,1,1,0,0,0,0
800,4,3,1,2,1,1,2,1,1,0,0,0,5
801,4,2,2,2,1,1,2,1,1,0,0,0,1
802,5,2,1,3,1,1,2,1,1,1,0,0,0
803,4,2,1,2,1,1,2,1,1,0,0,0,1
804,5,2,1,2,1,2,2,1,1,0,0,0,0
805,4,3,1,3,1,1,2,1,1,0,0,0,5
806,4,2,2,3,1,1,2,1,1,0,0,0,1
807,5,2,2,3,1,1,2,1,1,0,0,0,0
808,4,2,1,3,1,1,2,1,1,0,0,0,1
809,5,2,1,2,1,1,2,1,1,0,0,0,0
810,4,3,1,3,1,1,1,1,1,0,0,0,5
811,0,3,1,3,1,1,1,1,1,0,0,0,5
812,0,3,1,3,1,1,1,1,1,0,0,0,5
813,0,3,1,2,1,1,1,1,1,0,0,0,5
814,0,3,1,2,1,1,1,1,1,0,0,0,5
815,4,3,1,3,1,1,2,1,1,0,0,0,5
816,0,1,1,3,1,2,2,1,1,2,0,0,2
817,4,3,1,2,1,1,2,1,1,0,0,0,5
818,3,2,1,2,1,1,2,1,1,1,0,0,2
819,0,1,1,3,1,1,2,1,1,0,1,0,2
820,0,2,1,3,1,1,2,1,1,0,0,0,1
821,4,3,1,2,1,1,1,1,1,0,0,0,5
822,4,3,1,2,1,1,1,1,1,0,0,0,5
823,4,2,1,3,1,1,2,1,1,0,0,0,1
824,5,2,1,3,1,1,2,1,1,0,0,0,0
825,4,3,1,2,1,1,1,1,1,0,0,0,5
826,4,3,1,3,1,1,2,1,1,0,0,0,5
827,0,1,1,3,1,2,2,1,1,3,0,0,2
828,4,3,1,2,1,1,2,1,1,0,0,0,5
829,3,2,1,3,1,1,2,1,1,0,0,0,2
830,0,1,1,3,1,2,2,1,1,0,1,0,2
831,0,2,1,3,1,1,2,1,1,0,0,0,1
832,4,3,1,2,1,1,1,1,1,0,0,0,5
833,4,3,1,2,1,1,1,1,1,0,0,0,5
834,4,3,1,2,1,1,2,1,1,0,0,0,5
835,4,3,1,3,1,1,1,1,1,2,0,0,5
836,1,2,1,3,1,2,2,1,1,0,0,0,2
837,4,3,1,2,1,1,2,1,1,0,0,0,5
838,3,2,2,2,1,1,2,1,1,0,0,0,1
839,4,2,2,2,2,2,2,1,1,1,1,0,2
840,3,2,1,2,1,1,2,1,1,0,0,0,1
841,4,3,1,3,1,1,1,1,1,0,0,0,5
842,4,3,1,3,1,1,1,1,1,0,0,0,5
843,4,2,1,3,1,1,2,1,1,3,0,0,1
844,0,1,1,3,1,1,2,1,1,0,0,0,4
845,4,2,1,2,1,2,2,1,1,0,0,0,3
846,4,3,1,2,1,1,2,1,1,0,0,0,5
847,3,2,1,2,1,1,2,1,1,0,0,0,2
848,4,2,2,2,3,2,2,1,1,0,0,0,1
849,4,3,1,1,1,1,2,1,1,0,0,0,5
850,4,2,1,1,1,1,2,1,1,0,0,0,2
851,4,2,1,3,1,1,2,1,1,0,0,0,1
852,0,1,2,3,1,1,2,1,1,3,0,0,2
853,0,2,1,3,1,2,2,1,1,0,0,0,1
854,4,3,1,2,1,2,1,1,1,0,0,0,5
855,4,3,1,2,1,1,2,1,1,0,0,0,5
856,3,2,1,2,1,1,2,1,1,0,0,0,1
857,4,3,1,1,2,2,2,1,1,0,0,0,5
858,4,2,1,3,1,1,2,1,1,0,0,0,1
859,4,2,1,3,1,1,2,1,1,0,0,0,1
860,2,1,2,3,1,2,2,1,1,2,0,0,2
861,0,1,1,3,1,2,2,1,1,3,0,0,3
862,4,3,1,2,1,2,1,1,1,0,0,0,5
863,3,2,1,3,1,1,2,1,1,0,0,0,1
864,4,3,1,3,1,1,2,1,1,0,0,0,5
865,3,2,1,2,1,1,2,1,1,0,0,0,1
866,4,3,1,3,1,2,2,1,1,0,0,0,5
867,4,2,1,2,1,1,2,1,1,0,0,0,1
868,4,2,1,2,1,1,2,1,1,0,0,0,1
869,2,1,2,3,1,2,2,1,1,0,0,0,2
870,0,1,1,2,1,2,2,1,1,0,0,0,3
871,4,3,1,3,1,2,1,1,1,0,0,0,5
872,3,2,1,3,1,1,2,1,1,0,0,0,1
873,5,2,1,3,1,1,2,1,1,0,0,0,0
874,5,2,1,2,1,1,2,1,1,1,0,0,0
875,4,3,1,2,1,1,2,1,1,0,0,0,5
876,3,3,1,1,1,1,2,1,1,0,0,0,5
877,4,3,1,2,1,2,2,1,1,0,0,0,5
878,4,3,1,1,1,1,2,1,1,0,0,0,5
879,4,3,1,2,1,1,2,1,1,0,0,0,5
880,0,1,2,2,1,2,2,1,1,1,0,0,2
881,4,1,2,3,1,2,2,1,1,0,0,0,2
882,4,3,1,2,1,2,1,1,1,0,0,0,5
883,3,2,1,2,1,1,2,1,1,0,0,0,1
884,3,2,1,3,1,1,2,1,1,0,0,0,2
885,4,2,1,3,1,1,2,1,1,2,2,0,2
886,4,3,1,2,1,2,2,1,1,0,0,0,5
887,4,3,1,2,1,1,2,1,1,0,0,0,5
888,4,3,1,1,1,1,2,1,1,0,0,0,5
889,4,2,1,2,1,2,2,1,1,3,0,0,2
890,4,2,1,2,1,2,2,1,1,0,0,0,2
891,4,3,1,2,1,2,1,1,1,0,0,0,5
892,4,2,1,3,1,1,2,1,1,0,0,0,2
893,4,2,2,3,3,1,2,1,1,0,0,0,3
894,5,2,1,3,1,1,2,1,1,0,0,0,0
895,4,3,1,3,1,2,2,1,1,0,0,0,5
896,4,3,1,2,1,1,2,1,1,0,0,0,5
897,4,3,1,2,1,1,2,1,1,0,0,0,5
898,2,1,2,2,1,2,2,1,1,3,0,0,2
899,4,2,1,2,1,2,2,1,1,0,0,0,1
900,4,3,1,3,1,2,1,1,1,0,0,0,5
901,5,2,1,3,1,1,2,1,1,0,0,0,0
902,0,1,1,3,1,1,2,1,1,1,0,0,2
903,4,2,2,2,2,1,2,1,1,0,0,0,1
904,3,2,1,3,1,1,2,1,1,0,0,0,2
905,4,3,1,2,1,2,2,1,1,0,0,0,5
906,4,3,1,2,1,1,2,1,1,0,0,0,5
907,4,3,1,3,1,1,2,1,1,0,0,0,5
908,2,1,2,2,1,2,2,1,1,0,0,0,2
909,4,2,1,2,1,2,2,1,1,0,0,0,1
910,4,3,1,3,1,2,1,1,1,0,0,0,5
911,5,2,1,1,1,1,2,1,1,0,0,0,0
912,0,1,1,3,1,2,2,1,1,0,0,0,2
913,4,2,1,2,1,1,2,1,1,0,0,0,1
914,3,2,1,3,1,1,2,1,1,0,0,0,2
915,4,3,1,2,1,2,2,1,1,0,0,0,5
916,4,3,1,2,1,1,2,1,1,0,0,0,5
917,0,2,1,2,1,2,2,1,1,0,1,0,3
918,4,2,1,1,1,2,2,1,1,0,0,0,1
919,4,3,1,3,1,2,1,1,1,0,0,0,5
920,3,3,1,2,1,1,2,1,1,0,0,0,5
921,0,0,2,2,1,2,2,1,1,0,0,0,3
922,0,1,1,3,1,1,2,1,1,0,0,0,2
923,0,1,1,3,1,1,2,1,1,0,0,0,2
924,4,1,1,3,1,1,2,1,1,0,0,0,3
925,4,1,1,3,1,1,2,1,1,0,0,0,2
926,4,3,1,2,1,1,2,1,1,0,0,0,5
927,0,2,2,2,3,2,2,1,1,0,0,0,1
928,4,2,1,3,1,2,2,1,1,0,0,0,1
929,4,3,1,2,1,2,1,1,1,0,0,0,5
930,3,3,1,3,1,1,2,1,1,0,0,0,5
931,0,1,1,2,1,2,2,1,1,0,0,0,3
932,2,1,1,3,1,2,2,1,1,1,0,0,2
933,0,2,1,3,1,2,2,1,1,0,0,0,2
934,2,1,1,3,1,2,2,2,1,0,0,0,3
935,2,1,1,3,1,2,2,1,1,0,0,0,2
936,3,3,1,3,1,1,2,1,1,0,0,0,5
937,4,3,1,3,1,1,1,1,1,0,0,0,5
938,0,2,1,2,1,2,2,1,1,0,0,0,1
939,4,2,1,2,1,2,2,1,1,0,0,0,1
940,4,3,1,3,1,2,1,1,1,0,0,0,5
941,2,1,2,2,1,2,2,1,1,0,0,0,2
942,5,2,1,2,1,2,2,1,1,0,0,0,0
943,2,1,1,2,1,2,2,1,1,1,0,0,3
944,2,1,1,3,1,2,2,1,1,1,0,0,2
945,3,3,1,3,1,1,2,1,1,1,0,0,5
946,4,3,1,3,1,1,1,1,1,0,0,0,5
947,4,3,1,1,1,2,2,1,1,0,0,0,5
948,4,3,1,3,1,2,1,1,1,0,0,0,5
949,0,1,1,2,1,2,2,1,1,0,0,0,2
950,2,0,1,2,1,2,2,2,1,0,1,1,4
951,2,0,2,3,1,2,2,2,1,0,0,0,3
952,0,1,1,3,1,1,2,1,1,0,2,0,2
953,3,2,1,3,1,1,2,1,1,0,0,0,1
954,3,3,1,2,1,1,2,1,1,0,0,0,5
955,5,2,1,3,1,1,2,1,1,0,0,0,0
956,4,3,1,2,1,2,1,1,1,0,0,0,5
957,0,1,1,2,1,2,2,1,1,1,0,0,2
958,2,0,2,2,3,2,2,2,1,0,0,0,3
959,2,0,1,3,1,2,2,2,1,0,0,0,4
960,2,0,2,3,1,2,2,2,1,1,3,2,2
961,4,1,1,2,1,1,2,1,1,0,0,0,1
962,4,3,1,3,1,1,2,1,1,0,0,0,5
963,0,1,1,3,1,1,2,1,1,0,0,0,2
964,4,2,1,3,1,1,2,1,1,0,0,0,2
965,4,3,1,2,1,1,1,1,1,0,0,0,5
966,5,2,1,3,1,1,2,1,1,0,0,0,0
967,4,3,1,2,1,2,1,1,1,0,0,0,5
968,4,2,1,1,1,2,2,1,1,0,0,0,2
969,2,0,2,3,3,2,2,2,1,1,0,1,3
970,2,1,1,2,1,2,2,2,1,0,0,0,4
971,2,0,2,3,3,2,2,2,1,0,5,1,3
972,3,1,1,2,1,1,2,1,1,0,0,0,1
973,4,2,1,3,1,1,2,1,1,0,0,0,0
974,0,2,1,3,1,2,2,1,1,1,0,0,2
975,3,2,1,3,1,1,2,1,1,0,0,0,1
976,4,3,1,3,1,1,1,1,1,0,0,0,5
977,3,2,1,2,1,1,2,1,1,0,0,0,1
978,4,3,1,2,1,2,1,1,1,0,0,0,5
979,4,3,2,2,1,2,2,1,1,0,0,0,5
980,2,0,2,2,3,2,2,2,1,2,2,0,3
981,2,1,1,3,1,2,2,2,1,1,0,0,3
982,2,0,2,2,3,2,2,2,1,0,0,0,3
983,4,2,1,2,1,1,2,1,1,0,0,0,0
984,0,1,1,3,1,2,2,1,1,0,0,0,3
985,3,1,1,3,1,1,2,1,1,0,0,0,2
986,4,3,1,2,1,1,1,1,1,0,0,0,5
987,3,2,1,3,1,1,2,1,1,0,0,0,1
988,4,3,1,3,1,2,2,1,1,0,0,0,5
989,2,0,2,2,2,2,2,2,1,4,0,0,3
990,0,1,1,2,1,2,2,1,1,3,0,0,3
991,4,3,1,2,1,1,2,1,1,0,0,0,5
992,0,2,2,2,1,2,2,1,1,0,0,0,3
993,3,1,1,3,1,2,2,1,1,0,0,0,2
994,4,3,1,2,1,1,1,1,1,0,0,0,5
995,3,3,1,3,1,1,2,1,1,0,0,0,5
996,4,2,1,3,1,1,2,1,1,0,0,0,2
997,3,3,1,2,1,1,1,1,1,0,0,0,5
998,2,0,2,2,2,2,2,2,1,0,0,0,3
999,4,1,2,2,1,2,2,1,1,2,0,0,4
1000,4,1,1,3,1,1,2,1,1,1,0,0,2
1001,4,3,1,3,1,1,2,1,1,0,0,0,5
1002,4,2,1,3,1,2,2,1,1,0,0,0,2
1003,0,1,1,2,1,2,2,1,1,0,0,0,2
1004,0,3,1,3,1,1,1,1,1,0,0,0,5
1005,4,2,1,2,1,1,2,1,1,0,0,0,2
1006,4,3,1,2,1,1,1,1,1,0,0,0,5
1007,4,2,1,3,1,1,2,1,1,0,0,0,1
1008,4,3,1,2,1,2,1,1,1,0,0,0,5
1009,2,0,2,3,1,2,2,2,1,2,1,0,3
1010,0,1,2,2,1,2,2,1,1,0,0,0,4
1011,4,2,1,2,1,2,2,1,1,0,0,0,1
1012,0,1,1,2,1,2,2,1,1,0,0,0,2
1013,0,3,1,2,1,1,1,1,1,0,0,0,5
1014,5,2,1,3,1,1,2,1,1,0,0,0,0
1015,4,3,1,3,1,1,1,1,1,0,0,0,5
1016,0,2,1,3,1,1,2,1,1,0,0,0,2
1017,1,2,1,3,1,2,2,1,1,0,0,0,2
1018,4,2,1,3,1,1,2,1,1,2,1,0,2
1019,2,0,2,2,1,2,2,1,1,0,0,0,3
1020,0,1,1,2,1,2,2,1,1,0,0,0,4
1021,4,2,1,2,1,2,2,1,1,0,0,0,1
1022,0,1,1,1,1,2,2,1,1,1,1,0,2
1023,0,3,1,2,1,1,1,1,1,0,0,0,5
1024,4,3,1,2,1,1,1,1,1,0,0,0,5
1025,0,2,1,2,1,1,2,1,1,0,0,0,2
1026,1,2,1,3,1,2,2,1,1,0,0,0,2
1027,4,2,1,3,1,1,2,1,1,0,0,0,2
1028,4,3,1,1,1,2,2,1,1,0,0,0,5
1029,4,1,1,3,1,2,2,1,1,0,0,0,4
1030,4,3,1,3,1,1,1,1,1,0,0,0,5
1031,5,1,1,2,1,1,2,1,1,0,0,0,0
1032,1,2,1,2,1,2,2,1,1,0,0,0,2
1033,3,2,1,3,1,1,2,1,1,0,0,0,2
1034,0,1,2,3,2,1,2,1,1,0,0,0,2
1035,4,3,1,2,1,1,1,1,1,0,0,0,5
1036,3,2,1,3,1,1,2,1,1,1,0,0,1
1037,3,2,1,2,1,1,2,1,1,0,0,0,1
1038,1,2,1,2,1,2,2,1,1,0,0,0,2
1039,4,2,1,2,1,1,2,1,1,0,0,0,1
1040,0,1,1,2,1,2,2,1,1,0,0,0,3
1041,4,3,1,2,1,1,1,1,1,1,0,0,5
1042,4,2,1,3,1,1,2,1,1,0,0,0,1
1043,4,3,1,2,1,1,2,1,1,0,0,0,5
1044,4,2,1,3,1,2,2,1,1,0,0,0,2
1045,5,2,1,1,1,1,2,1,1,0,0,0,0
1046,0,2,1,2,1,2,2,1,1,4,1,0,3
1047,4,3,1,3,1,1,1,1,1,1,0,0,5
1048,4,3,1,3,1,1,1,1,1,0,0,0,5
1049,4,3,1,2,1,1,2,1,1,0,0,0,5
1050,4,3,1,2,1,1,2,1,1,1,0,0,5
1051,1,2,1,3,1,2,2,1,1,0,0,0,2
1052,0,1,2,2,1,2,2,1,1,0,0,0,3
1053,4,2,1,3,1,1,2,1,1,0,0,0,2
1054,4,3,1,1,1,1,1,1,1,0,0,0,5
1055,4,3,1,2,1,1,2,1,1,0,0,0,5
1056,4,3,1,2,1,1,2,1,1,1,0,0,5
1057,4,2,1,2,1,2,2,1,1,0,0,0,2
1058,4,3,1,2,2,2,2,1,1,0,0,0,5
1059,4,3,2,2,1,1,2,1,1,0,0,0,5
1060,3,2,1,3,1,1,2,1,1,0,0,0,2
1061,4,3,1,2,1,1,1,1,1,0,0,0,5
1062,4,3,2,2,1,1,2,1,1,0,0,0,5
1063,4,2,1,2,1,2,2,1,1,0,0,0,1
1064,3,3,1,2,1,1,2,1,1,0,0,0,5
1065,5,2,1,1,1,1,2,1,1,0,0,0,0
